"id","traceId","traceName","type","name","startTime","endTime","completionStartTime","environment","version","userId","sessionId","level","statusMessage","promptName","promptId","promptVersion","modelId","providedModelName","modelParameters","usageDetails","costDetails","totalCost","input","output","metadata","latencyMs","timeToFirstTokenMs","tags","release","parentObservationId","comments"
"Weekly-Aggregator-Agent-14423","14423","","SPAN","weekly_aggregator","2026-09-14 10:01:39.834000","2026-09-14 10:01:40.834000","","default","","","","DEFAULT","","","","","","","{}","{}","{}","0","{""weekly_metrics"":{""total_leads"":10,""lead_summary"":{""hot_leads"":10,""warm_leads"":0,""cold_leads"":0,""unknown_leads"":0},""status_summary"":{""quoted"":5,""open"":5,""needs_info"":0,""in_progress"":0},""urgency_summary"":{""high"":0,""medium"":0,""low"":10},""top_products"":[{""product"":""Standing Desk"",""lead_count"":1},{""product"":""Ergonomic Office Chairs"",""lead_count"":1},{""product"":""Oak Executive Desk"",""lead_count"":1},{""product"":""Standing Desks"",""lead_count"":1},{""product"":""Desk Accessory Gift"",""lead_count"":1},{""product"":""Conference Table"",""lead_count"":1},{""product"":""Walnut Executive Desk"",""lead_count"":1},{""product"":""Office Furniture Package"",""lead_count"":1},{""product"":""Office Furniture"",""lead_count"":1},{""product"":""Ergonomic Pro Chair"",""lead_count"":1}],""assigned_rep_summary"":{""Rep A"":5,""Rep B"":2,""Rep C"":3},""high_value_opportunities"":[{""lead_id"":""L001"",""customer_name"":""John Martinez"",""product_interest"":""Standing Desk"",""budget"":800,""lead_tier"":""Hot"",""status"":""Quoted""},{""lead_id"":""L001"",""customer_name"":""John Martinez"",""product_interest"":""Ergonomic Office Chairs"",""budget"":800,""lead_tier"":""Hot"",""status"":""Quoted""},{""lead_id"":""L002"",""customer_name"":""John Martinez"",""product_interest"":""Oak Executive Desk"",""budget"":800,""lead_tier"":""Hot"",""status"":""Open""},{""lead_id"":""L001"",""customer_name"":""John Martinez"",""product_interest"":""Standing Desks"",""budget"":800,""lead_tier"":""Hot"",""status"":""Open""},{""lead_id"":""L002"",""customer_name"":""John Martinez"",""product_interest"":""Desk Accessory Gift"",""budget"":800,""lead_tier"":""Hot"",""status"":""Open""}],""data_quality"":{""records_missing_email"":0,""records_missing_product"":0,""records_missing_budget"":0}}}","{
  ""executive_summary"": ""This week, the CRM recorded 10 leads, all categorized as Hot, with 5 leads in Quoted status and 5 leads Open. The urgency was low for all leads. Notably, there are multiple high-value opportunities for John Martinez across various products."",
  ""lead_summary"": {
    ""total_leads"": 10,
    ""hot_leads"": 10,
    ""warm_leads"": 0,
    ""cold_leads"": 0,
    ""unknown_leads"": 0
  },
  ""top_products"": [
    {
      ""product"": ""Standing Desk"",
      ""lead_count"": 1
    },
    {
      ""product"": ""Ergonomic Office Chairs"",
      ""lead_count"": 1
    },
    {
      ""product"": ""Oak Executive Desk"",
      ""lead_count"": 1
    },
    {
      ""product"": ""Standing Desks"",
      ""lead_count"": 1
    },
    {
      ""product"": ""Desk Accessory Gift"",
      ""lead_count"": 1
    },
    {
      ""product"": ""Conference Table"",
      ""lead_count"": 1
    },
    {
      ""product"": ""Walnut Executive Desk"",
      ""lead_count"": 1
    },
    {
      ""product"": ""Office Furniture Package"",
      ""lead_count"": 1
    },
    {
      ""product"": ""Office Furniture"",
      ""lead_count"": 1
    },
    {
      ""product"": ""Ergonomic Pro Chair"",
      ""lead_count"": 1
    }
  ],
  ""key_trends"": [],
  ""high_value_opportunities"": [
    {
      ""lead_id"": ""L001"",
      ""customer_name"": ""John Martinez"",
      ""product_interest"": ""Standing Desk"",
      ""budget"": 800,
      ""lead_tier"": ""Hot"",
      ""status"": ""Quoted""
    },
    {
      ""lead_id"": ""L001"",
      ""customer_name"": ""John Martinez"",
      ""product_interest"": ""Ergonomic Office Chairs"",
      ""budget"": 800,
      ""lead_tier"": ""Hot"",
      ""status"": ""Quoted""
    },
    {
      ""lead_id"": ""L002"",
      ""customer_name"": ""John Martinez"",
      ""product_interest"": ""Oak Executive Desk"",
      ""budget"": 800,
      ""lead_tier"": ""Hot"",
      ""status"": ""Open""
    },
    {
      ""lead_id"": ""L001"",
      ""customer_name"": ""John Martinez"",
      ""product_interest"": ""Standing Desks"",
      ""budget"": 800,
      ""lead_tier"": ""Hot"",
      ""status"": ""Open""
    },
    {
      ""lead_id"": ""L002"",
      ""customer_name"": ""John Martinez"",
      ""product_interest"": ""Desk Accessory Gift"",
      ""budget"": 800,
      ""lead_tier"": ""Hot"",
      ""status"": ""Open""
    }
  ],
  ""follow_up_priorities"": [],
  ""recommended_actions"": [],
  ""data_quality_notes"": [
    ""No CRM records were missing email addresses."",
    ""No CRM records were missing product information."",
    ""No CRM records were missing budget information.""
  ]
}","{""evaluation_type"":""weekly_aggregation"",""execution_id"":""14423"",""agent"":""weekly_aggregator""}","1000","","[]","","t-14423","[]"
"CRM Update Agent-14421","14421","","SPAN","CRM Update Agent","2026-09-14 09:56:46.385000","2026-09-14 09:56:47.385000","","default","","","","DEFAULT","","","","","","","{}","{}","{}","0","{""recommendation_output"":{""recommendation_status"":""PARTIAL_MATCH"",""recommendations"":[{""product_id"":""P002"",""product_name"":""Adjustable Standing Desk Pro"",""price"":""$749.00"",""why_recommended"":""Matches the standing desk requirement and is height-adjustable. It is within the $800 budget but does not specify a dark walnut finish.""},{""product_id"":""P003"",""product_name"":""Adjustable Standing Desk Basic"",""price"":""$449.00"",""why_recommended"":""Also matches the standing desk requirement and is manual height-adjustable. It is within the budget, but does not confirm a dark walnut finish.""},{""product_id"":""P020"",""product_name"":""Sit-Stand Desk Converter"",""price"":""$279.00"",""why_recommended"":""While it satisfies the adjustable height requirement and is under budget, it's a desk converter and not a full standing desk. The finish is also not specified.""}]}}","{""lead_id"":""L001"",""customer_name"":""John Martinez"",""email"":""john.martinez@techcorp.com"",""lead_tier"":""Hot"",""product_interest"":""Standing Desk"",""budget"":800,""urgency"":""Low"",""source"":""Email"",""status"":""Quoted"",""assigned_to"":""Rep A"",""notes"":""Requirements include dark walnut finish, adjustable height, under $800, works from home full-time, and quality matters.""}","{""evaluation_type"":""CRM Update Agent Evaluation"",""execution_id"":""14421"",""agent"":""CRM Update Agent""}","1000","","[]","","t-14421","[]"
"Response Drafter Agent-14421","14421","","SPAN","Response Drafter Agent","2026-09-14 09:56:08.524000","2026-09-14 09:56:09.524000","","default","","","","DEFAULT","","","","","","","{}","{}","{}","0","{""recommendation_output"":{""recommendation_status"":""PARTIAL_MATCH"",""recommendations"":[{""product_id"":""P002"",""product_name"":""Adjustable Standing Desk Pro"",""price"":""749.00"",""why_recommended"":""Matches the standing desk requirement with electric height-adjustability and in-stock availability. However, it exceeds budget expectations unless discounts are available for bulk purchases.""},{""product_id"":""P003"",""product_name"":""Adjustable Standing Desk Basic"",""price"":""449.00"",""why_recommended"":""Matches the standing desk requirement with manual crank adjustability and in-stock availability. Also, potentially suitable for bulk order but does not confirm a bulk discount.""},{""product_id"":""P020"",""product_name"":""Sit-Stand Desk Converter"",""price"":""279.00"",""why_recommended"":""Matches the primary standing desk requirement as a converter, for existing desks with height adjustment, and is in stock; however, it does not serve as a full desk solution for the quantity requested.""}]}}","{""recommendation_status"":""PARTIAL_MATCH"",""recommendations"":[{""product_id"":""P002"",""product_name"":""Adjustable Standing Desk Pro"",""price"":""749.00"",""why_recommended"":""Matches the standing desk requirement with electric height-adjustability and in-stock availability. However, it exceeds budget expectations unless discounts are available for bulk purchases.""},{""product_id"":""P003"",""product_name"":""Adjustable Standing Desk Basic"",""price"":""449.00"",""why_recommended"":""Matches the standing desk requirement with manual crank adjustability and in-stock availability. Also, potentially suitable for bulk order but does not confirm a bulk discount.""},{""product_id"":""P020"",""product_name"":""Sit-Stand Desk Converter"",""price"":""279.00"",""why_recommended"":""Matches the primary standing desk requirement as a converter, for existing desks with height adjustment, and is in stock; however, it does not serve as a full desk solution for the quantity requested.""}]}","{""evaluation_type"":""Response Drafter Agent"",""execution_id"":""14421"",""agent"":""Response Drafter Agent""}","1000","","[]","","t-14421","[]"
"Product Recommender Agent-14421","14421","","SPAN","Lead Qualifier Agent","2026-09-14 09:55:34.266000","2026-09-14 09:55:35.266000","","default","","","","DEFAULT","","","","","","","{}","{}","{}","0","{""qualification_output"":{""lead_tier"":""HOT"",""is_sales_lead"":1,""qualification_signals"":[""specific product requirement"",""budget provided"",""quantity provided"",""urgent delivery deadline""],""confidence"":""HIGH""}}","{""recommendation_status"":""PARTIAL_MATCH"",""recommendations"":[{""product_id"":""P003"",""product_name"":""Adjustable Standing Desk Basic"",""price"":""$449.00"",""why_recommended"":""Matches the adjustable standing desk requirement and is priced at $449, which fits within the sub-budget per desk. However, only one desk option has been identified.""},{""product_id"":""P007"",""product_name"":""Ergonomic Task Chair"",""price"":""$299.00"",""why_recommended"":""Matches the ergonomic task chair requirement and is priced at $299, fitting within the sub-budget per chair. Multiple chair options exist but only one is reported.""},{""product_id"":""P012"",""product_name"":""Huddle Room Table"",""price"":""$549.00"",""why_recommended"":""Matches the meeting table requirement and is an appropriate size for a huddle room. Priced at $549, which fits within the estimated budget.""}]}","{""evaluation_type"":""Product Recommender Agent"",""execution_id"":""14421"",""agent"":""Product Recommender Agent""}","1000","","[]","","t-14421","[]"
"Lead Qualifier Agent-14421","14421","","SPAN","Lead Qualifier Agent","2026-09-14 09:54:53.745000","2026-09-14 09:54:54.745000","","default","","","","DEFAULT","","","","","","","{}","{}","{}","0","{""email_ingestion_output"":{""customer_name"":""Robert Chen"",""customer_email"":""cfo@growthco.com"",""product_interest"":""office furniture"",""budget"":""$50,000"",""quantity"":""3"",""urgency"":""next quarter"",""requirements"":[""volume pricing"",""delivery coordination""]}}","{""lead_tier"":""HOT"",""is_sales_lead"":1,""qualification_signals"":[""specific product requirement"",""budget provided"",""quantity provided"",""urgent delivery deadline""],""confidence"":""HIGH""}","{""test_id"":""E14"",""evaluation_type"":""Lead Qualifier Agent"",""execution_id"":""14421"",""agent"":""Lead Qualifier Agent""}","1000","","[]","","t-14421","[]"
"email-ingestion-14421","14421","","SPAN","email-ingestion Agent","2026-09-14 09:54:30.112000","2026-09-14 09:54:31.112000","","default","","","","DEFAULT","","","","","","","{}","{}","{}","0","{""inquiry_email"":""From: curious.customer@email.com\nSubject: Quick question about the oak desk\n\nWhat colors does the Oak Executive Desk come in? I saw it online but couldn't find color options.\n\nThanks\n\n""}","{""customer_name"":""unknown"",""customer_email"":""curious.customer@email.com"",""product_interest"":""Oak Executive Desk"",""budget"":""unknown"",""quantity"":""unknown"",""urgency"":""unknown"",""requirements"":[""colors"",""color options""]}","{""evaluation_type"":""email-ingestion"",""execution_id"":""14421"",""agent"":""email-ingestion Agent""}","1000","","[]","","t-14421","[]"
"Product Recommender Agent-14420","14420","","SPAN","Lead Qualifier Agent","2026-09-14 09:47:18.460000","2026-09-14 09:47:19.460000","","default","","","","DEFAULT","","","","","","","{}","{}","{}","0","{""qualification_output"":{""lead_tier"":""HOT"",""is_sales_lead"":1,""qualification_signals"":[""specific product requirement"",""budget provided"",""quantity provided"",""price-match request""],""confidence"":""HIGH""}}","{""recommendation_status"":""PARTIAL_MATCH"",""recommendations"":[{""product_id"":""P007"",""product_name"":""Ergonomic Task Chair"",""price"":""$299.00"",""why_recommended"":""This chair is the only ergonomic option available within budget and in stock. Although it does not match the specific model requested, it meets fundamental ergonomic chair requirements and is well-suited for office environments.""}]}","{""evaluation_type"":""Product Recommender Agent"",""execution_id"":""14420"",""agent"":""Product Recommender Agent""}","1000","","[]","","t-14420","[]"
"Product Recommender Agent-14419","14419","","SPAN","Lead Qualifier Agent","2026-09-14 09:46:58.536000","2026-09-14 09:46:59.536000","","default","","","","DEFAULT","","","","","","","{}","{}","{}","0","{""qualification_output"":{""lead_tier"":""HOT"",""is_sales_lead"":1,""qualification_signals"":[""specific product requirement"",""budget provided"",""quantity provided"",""delivery timeline provided""],""confidence"":""HIGH""}}","{""recommendation_status"":""PARTIAL_MATCH"",""recommendations"":[{""product_id"":""P004"",""product_name"":""Oak Executive Desk"",""price"":""$899.00"",""why_recommended"":""This desk matches the requirement for office furniture and is available in stock. It includes features like multiple drawers, making it suitable for executive settings. However, volume pricing and delivery coordination have not been confirmed.""},{""product_id"":""P005"",""product_name"":""Compact Home Office Desk"",""price"":""$349.00"",""why_recommended"":""This space-saving desk is ideal for smaller office setups and is currently in stock. It may fit various office needs, but it's unclear if volume pricing or delivery coordination can be arranged.""},{""product_id"":""P009"",""product_name"":""Basic Office Chair"",""price"":""$149.00"",""why_recommended"":""This chair fits the office furniture category and is in stock. It offers basic functionality but doesn't satisfy the volume pricing or delivery coordination requirements.""}]}","{""evaluation_type"":""Product Recommender Agent"",""execution_id"":""14419"",""agent"":""Product Recommender Agent""}","1000","","[]","","t-14419","[]"
"Product Recommender Agent-14416","14416","","SPAN","Lead Qualifier Agent","2026-09-14 09:46:23.517000","2026-09-14 09:46:24.517000","","default","","","","DEFAULT","","","","","","","{}","{}","{}","0","{""qualification_output"":{""lead_tier"":""HOT"",""is_sales_lead"":1,""qualification_signals"":[""specific product requirement"",""budget provided"",""quantity provided"",""urgent delivery deadline""],""confidence"":""HIGH""}}","{""recommendation_status"":""PARTIAL_MATCH"",""recommendations"":[{""product_id"":""56ffb2a4-e1b5-4b83-a89c-aff65e309e17"",""product_name"":""Adjustable Standing Desk Pro"",""price"":""$749.00"",""why_recommended"":""Matches the adjustable standing desk requirement, but exceeds the budget of $700 each.""},{""product_id"":""fdc415bc-2aac-4240-b1e3-c9b1f50b9f47"",""product_name"":""Ergonomic Task Chair"",""price"":""$299.00"",""why_recommended"":""Meets ergonomic task chair requirement and is within the budget of $400 each.""},{""product_id"":""40be811f-d603-4580-bd70-4152c97f4f89"",""product_name"":""Huddle Room Table"",""price"":""$549.00"",""why_recommended"":""Matches the small meeting table requirement and is within the budget of $600 each.""}]}","{""evaluation_type"":""Product Recommender Agent"",""execution_id"":""14416"",""agent"":""Product Recommender Agent""}","1000","","[]","","t-14416","[]"
"Product Recommender Agent-14415","14415","","SPAN","Lead Qualifier Agent","2026-09-14 09:45:57.882000","2026-09-14 09:45:58.882000","","default","","","","DEFAULT","","","","","","","{}","{}","{}","0","{""qualification_output"":{""lead_tier"":""WARM"",""is_sales_lead"":1,""qualification_signals"":[""specific product requirement"",""availability inquiry""],""confidence"":""MEDIUM""}}","{""recommendation_status"":""PARTIAL_MATCH"",""recommendations"":[{""product_id"":""P001"",""product_name"":""Walnut Executive Desk"",""price"":""$1299.00"",""why_recommended"":""This is the desired Walnut Executive Desk. However, it is currently out of stock, and there is no information on when it will be back in stock.""},{""product_id"":""P004"",""product_name"":""Oak Executive Desk"",""price"":""$899.00"",""why_recommended"":""An alternative option, the Oak Executive Desk, is available and relatively close in design, but it is not the requested walnut material.""}]}","{""evaluation_type"":""Product Recommender Agent"",""execution_id"":""14415"",""agent"":""Product Recommender Agent""}","1000","","[]","","t-14415","[]"
"Product Recommender Agent-14413","14413","","SPAN","Lead Qualifier Agent","2026-09-14 09:45:18.529000","2026-09-14 09:45:19.529000","","default","","","","DEFAULT","","","","","","","{}","{}","{}","0","{""qualification_output"":{""lead_tier"":""WARM"",""is_sales_lead"":1,""qualification_signals"":[""specific product requirement"",""budget provided"",""product options inquiry""],""confidence"":""MEDIUM""}}","{""recommendation_status"":""PARTIAL_MATCH"",""recommendations"":[{""product_id"":""P011"",""product_name"":""Conference Table 12-Person"",""price"":""$2499.00"",""why_recommended"":""Matches the requirement for seating 12 people comfortably with a premium finish and integrated power outlets. The product is durable and looks professional.""},{""product_id"":""P010"",""product_name"":""Conference Table 8-Person"",""price"":""$1499.00"",""why_recommended"":""A good option with a modern design and durable, scratch-resistant surface. However, it seats only 8 people, which is less than the requested requirement.""}]}","{""evaluation_type"":""Product Recommender Agent"",""execution_id"":""14413"",""agent"":""Product Recommender Agent""}","1000","","[]","","t-14413","[]"
"Product Recommender Agent-14411","14411","","SPAN","Lead Qualifier Agent","2026-09-14 09:44:51.201000","2026-09-14 09:44:52.201000","","default","","","","DEFAULT","","","","","","","{}","{}","{}","0","{""qualification_output"":{""lead_tier"":""WARM"",""is_sales_lead"":1,""qualification_signals"":[""specific product requirement"",""budget provided""],""confidence"":""MEDIUM""}}","{""recommendation_status"":""PARTIAL_MATCH"",""recommendations"":[{""product_id"":""P015"",""product_name"":""Desk Organizer Set"",""price"":""$39.00"",""why_recommended"":""Matches the desk accessory gift requirement and is within the $40-50 budget. This is a 3-piece set including a pen holder, file sorter, and cable clips.""}]}","{""evaluation_type"":""Product Recommender Agent"",""execution_id"":""14411"",""agent"":""Product Recommender Agent""}","1000","","[]","","t-14411","[]"
"Product Recommender Agent-14410","14410","","SPAN","Lead Qualifier Agent","2026-09-14 09:44:31.759000","2026-09-14 09:44:32.759000","","default","","","","DEFAULT","","","","","","","{}","{}","{}","0","{""qualification_output"":{""lead_tier"":""HOT"",""is_sales_lead"":1,""qualification_signals"":[""specific product requirement"",""quantity provided"",""bulk purchase""],""confidence"":""HIGH""}}","{""recommendation_status"":""PARTIAL_MATCH"",""recommendations"":[{""product_id"":""P002"",""product_name"":""Adjustable Standing Desk Pro"",""price"":""749.00"",""why_recommended"":""This electric height-adjustable desk features memory presets and dual motor smooth transitions. It is available in stock. However, it exceeds the budget requirement, and there is no information about bulk discounts.""},{""product_id"":""P003"",""product_name"":""Adjustable Standing Desk Basic"",""price"":""449.00"",""why_recommended"":""This manual crank height-adjustable desk is simple and reliable. It is available in stock and within a reasonable price. However, there is no information regarding bulk discounts.""}]}","{""evaluation_type"":""Product Recommender Agent"",""execution_id"":""14410"",""agent"":""Product Recommender Agent""}","1000","","[]","","t-14410","[]"
"Product Recommender Agent-14409","14409","","SPAN","Lead Qualifier Agent","2026-09-14 09:44:12.636000","2026-09-14 09:44:13.636000","","default","","","","DEFAULT","","","","","","","{}","{}","{}","0","{""qualification_output"":{""lead_tier"":""WARM"",""is_sales_lead"":1,""qualification_signals"":[""specific product requirement"",""product options inquiry""],""confidence"":""MEDIUM""}}","{""recommendation_status"":""MATCH_FOUND"",""recommendations"":[{""product_id"":""P004"",""product_name"":""Oak Executive Desk"",""price"":""899.00"",""why_recommended"":""Matches the Oak Executive Desk requirement and is available in Natural Oak and Dark Walnut finishes, thus satisfying the color options query.""}]}","{""evaluation_type"":""Product Recommender Agent"",""execution_id"":""14409"",""agent"":""Product Recommender Agent""}","1000","","[]","","t-14409","[]"
"Product Recommender Agent-14408","14408","","SPAN","Lead Qualifier Agent","2026-09-14 09:43:48.167000","2026-09-14 09:43:49.167000","","default","","","","DEFAULT","","","","","","","{}","{}","{}","0","{""qualification_output"":{""lead_tier"":""HOT"",""is_sales_lead"":1,""qualification_signals"":[""specific product requirement"",""budget provided"",""quantity provided"",""urgent delivery deadline"",""options with pricing"",""options with availability""],""confidence"":""HIGH""}}","{""recommendation_status"":""PARTIAL_MATCH"",""recommendations"":[{""product_id"":""P006"",""product_name"":""Ergonomic Pro Chair"",""price"":""$449.00"",""why_recommended"":""Matches the ergonomic office chair requirement and is 'In Stock'. Price is $449, allowing for the total budget of $5,000 for 10 chairs.""},{""product_id"":""P007"",""product_name"":""Ergonomic Task Chair"",""price"":""$299.00"",""why_recommended"":""Matches the ergonomic office chair requirement and is 'In Stock'. Price is $299, providing flexibility within the overall budget.""},{""product_id"":""P008"",""product_name"":""Executive Leather Chair"",""price"":""$599.00"",""why_recommended"":""Matches the ergonomic office chair requirement and is 'In Stock'. Price is $599, which allows for a premium option within the budget of $5,000.""}]}","{""evaluation_type"":""Product Recommender Agent"",""execution_id"":""14408"",""agent"":""Product Recommender Agent""}","1000","","[]","","t-14408","[]"
"Product Recommender Agent-14405","14405","","SPAN","Lead Qualifier Agent","2026-09-14 09:43:20.454000","2026-09-14 09:43:21.454000","","default","","","","DEFAULT","","","","","","","{}","{}","{}","0","{""qualification_output"":{""lead_tier"":""HOT"",""is_sales_lead"":1,""qualification_signals"":[""specific product requirement"",""budget provided"",""quality matters""],""confidence"":""HIGH""}}","{""recommendation_status"":""PARTIAL_MATCH"",""recommendations"":[{""product_id"":""P002"",""product_name"":""Adjustable Standing Desk Pro"",""price"":""$749.00"",""why_recommended"":""Matches the standing desk requirement and is adjustable height. It fits within the budget of $800, but the catalog does not confirm the requested dark walnut finish.""},{""product_id"":""P003"",""product_name"":""Adjustable Standing Desk Basic"",""price"":""$449.00"",""why_recommended"":""Matches the standing desk requirement and adjustable height, also within the budget of $800. However, it does not confirm the dark walnut finish.""}]}","{""evaluation_type"":""Product Recommender Agent"",""execution_id"":""14405"",""agent"":""Product Recommender Agent""}","1000","","[]","","t-14405","[]"
"Product Recommender Agent-14383","14383","","SPAN","Lead Qualifier Agent","2026-09-14 08:34:25.609000","2026-09-14 08:34:26.609000","","default","","","","DEFAULT","","","","","","","{}","{}","{}","0","{""qualification_output"":{""lead_tier"":""HOT"",""is_sales_lead"":1,""qualification_signals"":[""budget provided"",""quantity provided"",""price-match request"",""explicit purchase intent""],""confidence"":""HIGH""}}","{""recommendation_status"":""PARTIAL_MATCH"",""recommendations"":[{""product_id"":""P007"",""product_name"":""Ergonomic Task Chair"",""price"":""$299.00"",""why_recommended"":""Matches the ergonomic chair category with a price within the budget. The price of $299.00 allows for buying 5 chairs within the budget. However, it does not match the specific product interest of the 'Ergonomic Pro Chair'.""}]}","{""evaluation_type"":""Product Recommender Agent"",""execution_id"":""14383"",""agent"":""Product Recommender Agent""}","1000","","[]","","t-14383","[]"
"Product Recommender Agent-14382","14382","","SPAN","Lead Qualifier Agent","2026-09-14 08:34:07.802000","2026-09-14 08:34:08.802000","","default","","","","DEFAULT","","","","","","","{}","{}","{}","0","{""qualification_output"":{""lead_tier"":""HOT"",""is_sales_lead"":1,""qualification_signals"":[""specific product requirement"",""budget provided"",""quantity provided"",""delivery timeline provided""],""confidence"":""HIGH""}}","{""recommendation_status"":""INSUFFICIENT_INFORMATION"",""recommendations"":[]}","{""evaluation_type"":""Product Recommender Agent"",""execution_id"":""14382"",""agent"":""Product Recommender Agent""}","1000","","[]","","t-14382","[]"
"Product Recommender Agent-14379","14379","","SPAN","Lead Qualifier Agent","2026-09-14 08:33:36.352000","2026-09-14 08:33:37.352000","","default","","","","DEFAULT","","","","","","","{}","{}","{}","0","{""qualification_output"":{""lead_tier"":""HOT"",""is_sales_lead"":1,""qualification_signals"":[""specific product requirement"",""budget provided"",""quantity provided"",""urgent delivery deadline""],""confidence"":""HIGH""}}","{""recommendation_status"":""PARTIAL_MATCH"",""recommendations"":[{""product_id"":""P002"",""product_name"":""Adjustable Standing Desk Pro"",""price"":""$749.00"",""why_recommended"":""Matches the requirement for adjustable standing desks, priced at $749.00 each, within the budget constraint for desks.""},{""product_id"":""P007"",""product_name"":""Ergonomic Task Chair"",""price"":""$299.00"",""why_recommended"":""Matches the requirement for ergonomic task chairs, priced at $299.00 each, which is within the budget of $400 per chair.""},{""product_id"":""P012"",""product_name"":""Huddle Room Table"",""price"":""$549.00"",""why_recommended"":""Matches the requirement for small meeting tables, priced at $549.00 each, which is within the approximate budget for the meeting tables.""}]}","{""evaluation_type"":""Product Recommender Agent"",""execution_id"":""14379"",""agent"":""Product Recommender Agent""}","1000","","[]","","t-14379","[]"
"Product Recommender Agent-14378","14378","","SPAN","Lead Qualifier Agent","2026-09-14 08:33:14.147000","2026-09-14 08:33:15.147000","","default","","","","DEFAULT","","","","","","","{}","{}","{}","0","{""qualification_output"":{""lead_tier"":""WARM"",""is_sales_lead"":1,""qualification_signals"":[""specific product inquiry"",""availability inquiry""],""confidence"":""MEDIUM""}}","{""recommendation_status"":""PARTIAL_MATCH"",""recommendations"":[{""product_id"":""P001"",""product_name"":""Walnut Executive Desk"",""price"":""1299.00"",""why_recommended"":""Matches the primary interest in a walnut executive desk but is currently out of stock. The customer has been looking to order, indicating high interest.""},{""product_id"":""P004"",""product_name"":""Oak Executive Desk"",""price"":""899.00"",""why_recommended"":""In stock and available within the budget. It offers a similar functionality as an executive desk, though it is made of oak rather than walnut.""}]}","{""evaluation_type"":""Product Recommender Agent"",""execution_id"":""14378"",""agent"":""Product Recommender Agent""}","1000","","[]","","t-14378","[]"
"Product Recommender Agent-14376","14376","","SPAN","Lead Qualifier Agent","2026-09-14 08:32:46.640000","2026-09-14 08:32:47.640000","","default","","","","DEFAULT","","","","","","","{}","{}","{}","0","{""qualification_output"":{""lead_tier"":""WARM"",""is_sales_lead"":1,""qualification_signals"":[""specific product requirement"",""budget provided"",""product options inquiry""],""confidence"":""HIGH""}}","{""recommendation_status"":""PARTIAL_MATCH"",""recommendations"":[{""product_id"":""P011"",""product_name"":""Conference Table 12-Person"",""price"":""2499.00"",""why_recommended"":""This large boardroom conference table seats 12 people comfortably, features a premium finish, and includes integrated power outlets. It fits within the budget but does not explicitly mention durability for daily use.""},{""product_id"":""P010"",""product_name"":""Conference Table 8-Person"",""price"":""1499.00"",""why_recommended"":""This modern conference table seats 8, has a scratch-resistant surface and cable management grommets. While it is suitable for professional use, it does not meet the seating requirement for 12 people.""}]}","{""evaluation_type"":""Product Recommender Agent"",""execution_id"":""14376"",""agent"":""Product Recommender Agent""}","1000","","[]","","t-14376","[]"
"Product Recommender Agent-14374","14374","","SPAN","Lead Qualifier Agent","2026-09-14 08:32:21.521000","2026-09-14 08:32:22.521000","","default","","","","DEFAULT","","","","","","","{}","{}","{}","0","{""qualification_output"":{""lead_tier"":""WARM"",""is_sales_lead"":1,""qualification_signals"":[""specific product requirement"",""budget provided""],""confidence"":""MEDIUM""}}","{""recommendation_status"":""MATCH_FOUND"",""recommendations"":[{""product_id"":""P015"",""product_name"":""Desk Organizer Set"",""price"":""39.00"",""why_recommended"":""This desk accessory matches your interest in a desk accessory and is priced at $39.00, which is within your budget of $40-50.""}]}","{""evaluation_type"":""Product Recommender Agent"",""execution_id"":""14374"",""agent"":""Product Recommender Agent""}","1000","","[]","","t-14374","[]"
"Product Recommender Agent-14373","14373","","SPAN","Lead Qualifier Agent","2026-09-14 08:32:01.742000","2026-09-14 08:32:02.742000","","default","","","","DEFAULT","","","","","","","{}","{}","{}","0","{""qualification_output"":{""lead_tier"":""WARM"",""is_sales_lead"":1,""qualification_signals"":[""specific product requirement"",""quantity provided"",""bulk purchase""],""confidence"":""MEDIUM""}}","{""recommendation_status"":""PARTIAL_MATCH"",""recommendations"":[{""product_id"":""P002"",""product_name"":""Adjustable Standing Desk Pro"",""price"":""749.00"",""why_recommended"":""Matches the standing desk requirement with electric height adjustment. Although bulk discounts for 15+ units are not confirmed, this desk features memory presets and anti-collision technology.""},{""product_id"":""P003"",""product_name"":""Adjustable Standing Desk Basic"",""price"":""449.00"",""why_recommended"":""Matches the standing desk requirement with manual height adjustment. The catalog does not confirm bulk discounts for purchasing 15+ units.""},{""product_id"":""P020"",""product_name"":""Sit-Stand Desk Converter"",""price"":""279.00"",""why_recommended"":""Matches the interest in standing desks but is a converter. Bulk discount details are unknown.""}]}","{""evaluation_type"":""Product Recommender Agent"",""execution_id"":""14373"",""agent"":""Product Recommender Agent""}","1000","","[]","","t-14373","[]"
"Product Recommender Agent-14372","14372","","SPAN","Lead Qualifier Agent","2026-09-14 08:31:41.839000","2026-09-14 08:31:42.839000","","default","","","","DEFAULT","","","","","","","{}","{}","{}","0","{""qualification_output"":{""lead_tier"":""WARM"",""is_sales_lead"":1,""qualification_signals"":[""specific product requirement"",""product options inquiry""],""confidence"":""MEDIUM""}}","{""recommendation_status"":""MATCH_FOUND"",""recommendations"":[{""product_id"":""P004"",""product_name"":""Oak Executive Desk"",""price"":""899.00"",""why_recommended"":""Matches the primary interest in an Oak Executive Desk and is available in Natural Oak and Dark Walnut finishes, satisfying the color options requirement.""}]}","{""evaluation_type"":""Product Recommender Agent"",""execution_id"":""14372"",""agent"":""Product Recommender Agent""}","1000","","[]","","t-14372","[]"
"Product Recommender Agent-14371","14371","","SPAN","Lead Qualifier Agent","2026-09-14 08:31:20.997000","2026-09-14 08:31:21.997000","","default","","","","DEFAULT","","","","","","","{}","{}","{}","0","{""qualification_output"":{""lead_tier"":""HOT"",""is_sales_lead"":1,""qualification_signals"":[""specific product requirement"",""budget provided"",""quantity provided"",""urgent delivery deadline"",""options with pricing"",""options with availability""],""confidence"":""HIGH""}}","{""recommendation_status"":""PARTIAL_MATCH"",""recommendations"":[{""product_id"":""P006"",""product_name"":""Ergonomic Pro Chair"",""price"":""$449.00"",""why_recommended"":""Matches the ergonomic chair requirement and is available in stock. Fits within the budget of approximately $500 per chair, totaling $4,490 for 10 chairs. Cannot confirm delivery by end of month.""},{""product_id"":""P007"",""product_name"":""Ergonomic Task Chair"",""price"":""$299.00"",""why_recommended"":""Also matches the ergonomic chair requirement and is available in stock. Total cost for 10 chairs would be $2,990, which is under the total budget. Cannot confirm delivery by end of month.""},{""product_id"":""P008"",""product_name"":""Executive Leather Chair"",""price"":""$599.00"",""why_recommended"":""Matches the ergonomic chair requirement and is available in stock. Total cost for 10 chairs would be $5,990, exceeding the total budget.""}]}","{""evaluation_type"":""Product Recommender Agent"",""execution_id"":""14371"",""agent"":""Product Recommender Agent""}","1000","","[]","","t-14371","[]"
"Product Recommender Agent-14369","14369","","SPAN","Lead Qualifier Agent","2026-09-14 08:30:55.765000","2026-09-14 08:30:56.765000","","default","","","","DEFAULT","","","","","","","{}","{}","{}","0","{""qualification_output"":{""lead_tier"":""HOT"",""is_sales_lead"":1,""qualification_signals"":[""specific product requirement"",""budget provided""],""confidence"":""HIGH""}}","{""recommendation_status"":""PARTIAL_MATCH"",""recommendations"":[{""product_id"":""P002"",""product_name"":""Adjustable Standing Desk Pro"",""price"":""$749.00"",""why_recommended"":""Matches the adjustable height requirement and is priced within the budget. However, it does not confirm the requested dark walnut finish.""},{""product_id"":""P003"",""product_name"":""Adjustable Standing Desk Basic"",""price"":""$449.00"",""why_recommended"":""Fits the adjustable height requirement and is within the budget. Not confirmed for dark walnut finish, and does not have specific quality claims.""}]}","{""evaluation_type"":""Product Recommender Agent"",""execution_id"":""14369"",""agent"":""Product Recommender Agent""}","1000","","[]","","t-14369","[]"
"Product Recommender Agent-14365","14365","","SPAN","Lead Qualifier Agent","2026-09-14 08:21:37.567000","2026-09-14 08:21:38.567000","","default","","","","DEFAULT","","","","","","","{}","{}","{}","0","{""qualification_output"":{""lead_tier"":""HOT"",""is_sales_lead"":1,""qualification_signals"":[""specific product requirement"",""budget provided""],""confidence"":""HIGH""}}","{""recommendation_status"":""PARTIAL_MATCH"",""recommendations"":[{""product_id"":""P002"",""product_name"":""Adjustable Standing Desk Pro"",""price"":""$749.00"",""why_recommended"":""Matches the standing desk requirement, is adjustable height, and is within the $800 budget. However, it does not confirm the requested dark walnut finish.""},{""product_id"":""P003"",""product_name"":""Adjustable Standing Desk Basic"",""price"":""$449.00"",""why_recommended"":""Matches the standing desk requirement and is adjustable height. The price is within budget, but it does not meet the dark walnut finish requirement.""}]}","{""evaluation_type"":""Product Recommender Agent"",""execution_id"":""14365"",""agent"":""Product Recommender Agent""}","1000","","[]","","t-14365","[]"
"CRM Update Agent-14329","14329","","SPAN","CRM Update Agent","2026-09-13 09:39:25.062000","2026-09-13 09:39:26.062000","","default","","","","DEFAULT","","","","","","","{}","{}","{}","0","{""recommendation_output"":{""recommendation_status"":""PARTIAL_MATCH"",""recommendations"":[{""product_id"":""P002"",""product_name"":""Adjustable Standing Desk Pro"",""price"":""$749.00"",""why_recommended"":""Matches the standing desk requirement, adjustable height, and is priced within the $800 budget. However, the catalog does not specify a dark walnut finish.""},{""product_id"":""P003"",""product_name"":""Adjustable Standing Desk Basic"",""price"":""$449.00"",""why_recommended"":""Matches the standing desk requirement and adjustable height, and is well within the budget. However, it also does not confirm the desired dark walnut finish.""}]}}","{""lead_id"":""L001"",""customer_name"":""John Martinez"",""email"":""john.martinez@techcorp.com"",""lead_tier"":""Hot"",""product_interest"":""Standing Desk"",""budget"":800,""urgency"":""Low"",""source"":""Email"",""status"":""Open"",""assigned_to"":""Rep A"",""notes"":""Requirements: dark walnut finish, adjustable height, under $800, works from home full-time, quality matters.""}","{""evaluation_type"":""CRM Update Agent Evaluation"",""execution_id"":""14329"",""agent"":""CRM Update Agent""}","1000","","[]","","t-14329","[]"
"Response Drafter Agent-14329","14329","","SPAN","Response Drafter Agent","2026-09-13 09:39:17.042000","2026-09-13 09:39:18.042000","","default","","","","DEFAULT","","","","","","","{}","{}","{}","0","{""recommendation_output"":{""recommendation_status"":""PARTIAL_MATCH"",""recommendations"":[{""product_id"":""P002"",""product_name"":""Adjustable Standing Desk Pro"",""price"":""$749.00"",""why_recommended"":""Matches the standing desk requirement, adjustable height, and is priced within the $800 budget. However, the catalog does not specify a dark walnut finish.""},{""product_id"":""P003"",""product_name"":""Adjustable Standing Desk Basic"",""price"":""$449.00"",""why_recommended"":""Matches the standing desk requirement and adjustable height, and is well within the budget. However, it also does not confirm the desired dark walnut finish.""}]}}","{""recommendation_status"":""PARTIAL_MATCH"",""recommendations"":[{""product_id"":""P002"",""product_name"":""Adjustable Standing Desk Pro"",""price"":""$749.00"",""why_recommended"":""Matches the standing desk requirement, adjustable height, and is priced within the $800 budget. However, the catalog does not specify a dark walnut finish.""},{""product_id"":""P003"",""product_name"":""Adjustable Standing Desk Basic"",""price"":""$449.00"",""why_recommended"":""Matches the standing desk requirement and adjustable height, and is well within the budget. However, it also does not confirm the desired dark walnut finish.""}]}","{""evaluation_type"":""Response Drafter Agent"",""execution_id"":""14329"",""agent"":""Response Drafter Agent""}","1000","","[]","","t-14329","[]"
"Product Recommender Agent-14329","14329","","SPAN","Lead Qualifier Agent","2026-09-13 09:39:12.987000","2026-09-13 09:39:13.987000","","default","","","","DEFAULT","","","","","","","{}","{}","{}","0","{""qualification_output"":{""lead_tier"":""HOT"",""is_sales_lead"":1,""qualification_signals"":[""specific product requirement"",""budget provided""],""confidence"":""HIGH""}}","{""recommendation_status"":""PARTIAL_MATCH"",""recommendations"":[{""product_id"":""P002"",""product_name"":""Adjustable Standing Desk Pro"",""price"":""$749.00"",""why_recommended"":""Matches the standing desk requirement, adjustable height, and is priced within the $800 budget. However, the catalog does not specify a dark walnut finish.""},{""product_id"":""P003"",""product_name"":""Adjustable Standing Desk Basic"",""price"":""$449.00"",""why_recommended"":""Matches the standing desk requirement and adjustable height, and is well within the budget. However, it also does not confirm the desired dark walnut finish.""}]}","{""evaluation_type"":""Product Recommender Agent"",""execution_id"":""14329"",""agent"":""Product Recommender Agent""}","1000","","[]","","t-14329","[]"
"Lead Qualifier Agent-14329","14329","","SPAN","Lead Qualifier Agent","2026-09-13 09:39:07.175000","2026-09-13 09:39:08.175000","","default","","","","DEFAULT","","","","","","","{}","{}","{}","0","{""email_ingestion_output"":{""customer_name"":""John Martinez"",""customer_email"":""john.martinez@techcorp.com"",""product_interest"":""standing desk"",""budget"":""$800"",""quantity"":""unknown"",""urgency"":""unknown"",""requirements"":[""dark walnut finish"",""adjustable height"",""under $800"",""works from home full-time"",""quality matters""]}}","{""lead_tier"":""HOT"",""is_sales_lead"":1,""qualification_signals"":[""specific product requirement"",""budget provided""],""confidence"":""HIGH""}","{""test_id"":""E01"",""evaluation_type"":""Lead Qualifier Agent"",""execution_id"":""14329"",""agent"":""Lead Qualifier Agent""}","1000","","[]","","t-14329","[]"
"email-ingestion-14329","14329","","SPAN","email-ingestion Agent","2026-09-13 09:39:05.179000","2026-09-13 09:39:06.179000","","default","","","","DEFAULT","","","","","","","{}","{}","{}","0","{""inquiry_email"":""From: john.martinez@techcorp.com\nSubject: Standing desk inquiry\n\nHi there,\n\nI'm looking for a standing desk for my home office. Ideally something in dark walnut finish, adjustable height, and under $800. I work from home full-time so quality matters. Do you have anything that fits?\n\nThanks,\nJohn Martinez\nDirector of Engineering, TechCorp""}","{""customer_name"":""John Martinez"",""customer_email"":""john.martinez@techcorp.com"",""product_interest"":""standing desk"",""budget"":""$800"",""quantity"":""unknown"",""urgency"":""unknown"",""requirements"":[""dark walnut finish"",""adjustable height"",""under $800"",""works from home full-time"",""quality matters""]}","{""evaluation_type"":""email-ingestion"",""execution_id"":""14329"",""agent"":""email-ingestion Agent""}","1000","","[]","","t-14329","[]"
"Product Recommender Agent-14327","14327","","SPAN","Lead Qualifier Agent","2026-09-13 09:35:11.971000","2026-09-13 09:35:12.971000","","default","","","","DEFAULT","","","","","","","{}","{}","{}","0","{""qualification_output"":{""lead_tier"":""HOT"",""is_sales_lead"":1,""qualification_signals"":[""specific product requirement"",""budget provided""],""confidence"":""HIGH""}}","{""recommendation_status"":""PARTIAL_MATCH"",""recommendations"":[{""product_id"":""P002"",""product_name"":""Adjustable Standing Desk Pro"",""price"":""$749.00"",""why_recommended"":""Matches the standing desk requirement and adjustable height with electric functionality. It is under budget and in stock. The product does not confirm a dark walnut finish. ""},{""product_id"":""P003"",""product_name"":""Adjustable Standing Desk Basic"",""price"":""$449.00"",""why_recommended"":""Matches the standing desk requirement and adjustable height with manual functionality. It is under budget and in stock. The product does not confirm a dark walnut finish.""},{""product_id"":""P020"",""product_name"":""Sit-Stand Desk Converter"",""price"":""$279.00"",""why_recommended"":""This converter allows adjustment to an existing desk, providing height adjustability and is under budget. However, it does not meet the primary standing desk category outright nor does it confirm a dark walnut finish.""}]}","{""evaluation_type"":""Product Recommender Agent"",""execution_id"":""14327"",""agent"":""Product Recommender Agent""}","1000","","[]","","t-14327","[]"
"Product Recommender Agent-14321","14321","","SPAN","Lead Qualifier Agent","2026-09-13 09:21:11.562000","2026-09-13 09:21:12.562000","","default","","","","DEFAULT","","","","","","","{}","{}","{}","0","{""qualification_output"":{""lead_tier"":""HOT"",""is_sales_lead"":1,""qualification_signals"":[""specific product requirement"",""budget provided""],""confidence"":""HIGH""}}","{""recommendation_status"":""PARTIAL_MATCH"",""recommendations"":[{""product_id"":""P002"",""product_name"":""Adjustable Standing Desk Pro"",""price"":""$749.00"",""why_recommended"":""Matches the standing desk requirement, is height-adjustable, and falls within the $800 budget. However, it does not confirm the requested dark walnut finish.""},{""product_id"":""P003"",""product_name"":""Adjustable Standing Desk Basic"",""price"":""$449.00"",""why_recommended"":""Matches the standing desk requirement and is height-adjustable. Also fits within the budget. However, the finish is unspecified and does not confirm the dark walnut preference.""}]}","{""evaluation_type"":""Product Recommender Agent"",""execution_id"":""14321"",""agent"":""Product Recommender Agent""}","1000","","[]","","t-14321","[]"
"Product Recommender Agent-14311","14311","","SPAN","Lead Qualifier Agent","2026-09-13 08:53:13.232000","2026-09-13 08:53:14.232000","","default","","","","DEFAULT","","","","","","","{}","{}","{}","0","{""qualification_output"":{""lead_tier"":""HOT"",""is_sales_lead"":1,""qualification_signals"":[""specific product requirement"",""budget provided""],""confidence"":""HIGH""}}","{""recommendation_status"":""PARTIAL_MATCH"",""recommendations"":[{""product_id"":""P002"",""product_name"":""Adjustable Standing Desk Pro"",""price"":""$749.00"",""why_recommended"":""Matches the standing desk requirement with adjustable height. Priced under the $800 budget. The catalog does not confirm the requested dark walnut finish.""},{""product_id"":""P003"",""product_name"":""Adjustable Standing Desk Basic"",""price"":""$449.00"",""why_recommended"":""Matches the standing desk requirement with adjustable height and is under budget. The catalog does not confirm the requested dark walnut finish.""}]}","{""evaluation_type"":""Product Recommender Agent"",""execution_id"":""14311"",""agent"":""Product Recommender Agent""}","1000","","[]","","t-14311","[]"
"Product Recommender Agent-14310","14310","","SPAN","Lead Qualifier Agent","2026-09-13 08:48:10.599000","2026-09-13 08:48:11.599000","","default","","","","DEFAULT","","","","","","","{}","{}","{}","0","{""qualification_output"":{""lead_tier"":""HOT"",""is_sales_lead"":1,""qualification_signals"":[""specific product requirement"",""budget provided""],""confidence"":""HIGH""}}","{""recommendation_status"":""PARTIAL_MATCH"",""recommendations"":[{""product_id"":""P002"",""product_name"":""Adjustable Standing Desk Pro"",""price"":""$749.00"",""why_recommended"":""Matches the standing desk requirement, adjustable height, and is within the $800 budget. The finish is not confirmed to be dark walnut.""},{""product_id"":""P003"",""product_name"":""Adjustable Standing Desk Basic"",""price"":""$449.00"",""why_recommended"":""Matches the standing desk requirement, adjustable height, and is within the budget. The finish is not confirmed to be dark walnut.""}]}","{""evaluation_type"":""Product Recommender Agent"",""execution_id"":""14310"",""agent"":""Product Recommender Agent""}","1000","","[]","","t-14310","[]"
"Product Recommender Agent-14309","14309","","SPAN","Lead Qualifier Agent","2026-09-13 08:06:41.698000","2026-09-13 08:06:42.698000","","default","","","","DEFAULT","","","","","","","{}","{}","{}","0","{""qualification_output"":{""lead_tier"":""HOT"",""is_sales_lead"":1,""qualification_signals"":[""specific product requirement"",""budget provided""],""confidence"":""HIGH""}}","{""recommendation_status"":""PARTIAL_MATCH"",""recommendations"":[{""product_id"":""P002"",""product_name"":""Adjustable Standing Desk Pro"",""price"":""$749.00"",""why_recommended"":""Matches the standing desk requirement, adjustable height, and is within the $800 budget. However, it does not confirm the requested dark walnut finish.""},{""product_id"":""P003"",""product_name"":""Adjustable Standing Desk Basic"",""price"":""$449.00"",""why_recommended"":""Matches the standing desk requirement and adjustable height. It's within budget, but does not confirm the requested dark walnut finish.""}]}","{""evaluation_type"":""Product Recommender Agent"",""execution_id"":""14309"",""agent"":""Product Recommender Agent""}","1000","","[]","","t-14309","[]"
"Product Recommender Agent-14307","14307","","SPAN","Lead Qualifier Agent","2026-09-13 08:05:42.075000","2026-09-13 08:05:43.075000","","default","","","","DEFAULT","","","","","","","{}","{}","{}","0","{""qualification_output"":{""lead_tier"":""HOT"",""is_sales_lead"":1,""qualification_signals"":[""specific product requirement"",""budget provided"",""quality matters""],""confidence"":""HIGH""}}","{""recommendation_status"":""PARTIAL_MATCH"",""recommendations"":[{""product_id"":""P002"",""product_name"":""Adjustable Standing Desk Pro"",""price"":""$749.00"",""why_recommended"":""Matches the standing desk and adjustable height requirements. Fits within the budget of under $800. The dark walnut finish is not specified.""},{""product_id"":""P003"",""product_name"":""Adjustable Standing Desk Basic"",""price"":""$449.00"",""why_recommended"":""Matches the standing desk and adjustable height requirements. Fits within the budget of under $800. The dark walnut finish is not specified.""},{""product_id"":""P020"",""product_name"":""Sit-Stand Desk Converter"",""price"":""$279.00"",""why_recommended"":""This is a height-adjustable option, although it is a converter rather than a full desk. Fits within the budget of under $800. The dark walnut finish is not specified.""}]}","{""evaluation_type"":""Product Recommender Agent"",""execution_id"":""14307"",""agent"":""Product Recommender Agent""}","1000","","[]","","t-14307","[]"
"CRM Update Agent-14306","14306","","SPAN","CRM Update Agent","2026-09-13 08:03:49.424000","2026-09-13 08:03:50.424000","","default","","","","DEFAULT","","","","","","","{}","{}","{}","0","{""recommendation_output"":{""recommendation_status"":""PARTIAL_MATCH"",""recommendations"":[{""product_id"":""P002"",""product_name"":""Adjustable Standing Desk Pro"",""price"":""$749.00"",""why_recommended"":""Matches the standing desk requirement, adjustable height, and is within the $800 budget. However, the dark walnut finish is not confirmed, and it has a bamboo top instead.""},{""product_id"":""P003"",""product_name"":""Adjustable Standing Desk Basic"",""price"":""$449.00"",""why_recommended"":""Matches the standing desk requirement and adjustable height, and is within the $800 budget. However, it does not confirm the dark walnut finish, and the top is MDF.""}]}}","{""lead_id"":""L001"",""customer_name"":""John Martinez"",""email"":""john.martinez@techcorp.com"",""lead_tier"":""Hot"",""product_interest"":""Standing Desk"",""budget"":800,""urgency"":""Low"",""source"":""Email"",""status"":""Open"",""assigned_to"":""Rep A"",""notes"":""Requirements include dark walnut finish, adjustable height, under $800, for work from home full-time, and quality matters.""}","{""evaluation_type"":""CRM Update Agent Evaluation"",""execution_id"":""14306"",""agent"":""CRM Update Agent""}","1000","","[]","","t-14306","[]"
"Response Drafter Agent-14306","14306","","SPAN","Response Drafter Agent","2026-09-13 08:03:39.797000","2026-09-13 08:03:40.797000","","default","","","","DEFAULT","","","","","","","{}","{}","{}","0","{""recommendation_output"":{""recommendation_status"":""PARTIAL_MATCH"",""recommendations"":[{""product_id"":""P002"",""product_name"":""Adjustable Standing Desk Pro"",""price"":""$749.00"",""why_recommended"":""Matches the standing desk requirement, adjustable height, and is within the $800 budget. However, the dark walnut finish is not confirmed, and it has a bamboo top instead.""},{""product_id"":""P003"",""product_name"":""Adjustable Standing Desk Basic"",""price"":""$449.00"",""why_recommended"":""Matches the standing desk requirement and adjustable height, and is within the $800 budget. However, it does not confirm the dark walnut finish, and the top is MDF.""}]}}","{""recommendation_status"":""PARTIAL_MATCH"",""recommendations"":[{""product_id"":""P002"",""product_name"":""Adjustable Standing Desk Pro"",""price"":""$749.00"",""why_recommended"":""Matches the standing desk requirement, adjustable height, and is within the $800 budget. However, the dark walnut finish is not confirmed, and it has a bamboo top instead.""},{""product_id"":""P003"",""product_name"":""Adjustable Standing Desk Basic"",""price"":""$449.00"",""why_recommended"":""Matches the standing desk requirement and adjustable height, and is within the $800 budget. However, it does not confirm the dark walnut finish, and the top is MDF.""}]}","{""evaluation_type"":""Response Drafter Agent"",""execution_id"":""14306"",""agent"":""Response Drafter Agent""}","1000","","[]","","t-14306","[]"
"Product Recommender Agent-14306","14306","","SPAN","Lead Qualifier Agent","2026-09-13 08:03:36.711000","2026-09-13 08:03:37.711000","","default","","","","DEFAULT","","","","","","","{}","{}","{}","0","{""qualification_output"":{""lead_tier"":""HOT"",""is_sales_lead"":1,""qualification_signals"":[""specific product requirement"",""budget provided""],""confidence"":""HIGH""}}","{""recommendation_status"":""PARTIAL_MATCH"",""recommendations"":[{""product_id"":""P002"",""product_name"":""Adjustable Standing Desk Pro"",""price"":""$749.00"",""why_recommended"":""Matches the standing desk requirement, adjustable height, and is within the $800 budget. However, the dark walnut finish is not confirmed, and it has a bamboo top instead.""},{""product_id"":""P003"",""product_name"":""Adjustable Standing Desk Basic"",""price"":""$449.00"",""why_recommended"":""Matches the standing desk requirement and adjustable height, and is within the $800 budget. However, it does not confirm the dark walnut finish, and the top is MDF.""}]}","{""evaluation_type"":""Product Recommender Agent"",""execution_id"":""14306"",""agent"":""Product Recommender Agent""}","1000","","[]","","t-14306","[]"
"Lead Qualifier Agent-14306","14306","","SPAN","Lead Qualifier Agent","2026-09-13 08:03:29.249000","2026-09-13 08:03:30.249000","","default","","","","DEFAULT","","","","","","","{}","{}","{}","0","{""email_ingestion_output"":{""customer_name"":""John Martinez"",""customer_email"":""john.martinez@techcorp.com"",""product_interest"":""standing desk"",""budget"":""$800"",""quantity"":""unknown"",""urgency"":""unknown"",""requirements"":[""dark walnut finish"",""adjustable height"",""under $800"",""work from home full-time"",""quality matters""]}}","{""lead_tier"":""HOT"",""is_sales_lead"":1,""qualification_signals"":[""specific product requirement"",""budget provided""],""confidence"":""HIGH""}","{""test_id"":""E01"",""evaluation_type"":""Lead Qualifier Agent"",""execution_id"":""14306"",""agent"":""Lead Qualifier Agent""}","1000","","[]","","t-14306","[]"
"email-ingestion-14306","14306","","SPAN","email-ingestion Agent","2026-09-13 08:03:26.834000","2026-09-13 08:03:27.834000","","default","","","","DEFAULT","","","","","","","{}","{}","{}","0","{""inquiry_email"":""From: john.martinez@techcorp.com\nSubject: Standing desk inquiry\n\nHi there,\n\nI'm looking for a standing desk for my home office. Ideally something in dark walnut finish, adjustable height, and under $800. I work from home full-time so quality matters. Do you have anything that fits?\n\nThanks,\nJohn Martinez\nDirector of Engineering, TechCorp""}","{""customer_name"":""John Martinez"",""customer_email"":""john.martinez@techcorp.com"",""product_interest"":""standing desk"",""budget"":""$800"",""quantity"":""unknown"",""urgency"":""unknown"",""requirements"":[""dark walnut finish"",""adjustable height"",""under $800"",""work from home full-time"",""quality matters""]}","{""evaluation_type"":""email-ingestion"",""execution_id"":""14306"",""agent"":""email-ingestion Agent""}","1000","","[]","","t-14306","[]"
"Product Recommender Agent-14290","14290","","SPAN","Lead Qualifier Agent","2026-09-12 16:50:39.517000","2026-09-12 16:50:40.517000","","default","","","","DEFAULT","","","","","","","{}","{}","{}","0","{""qualification_output"":{""lead_tier"":""HOT"",""is_sales_lead"":1,""qualification_signals"":[""specific product requirement"",""budget provided"",""explicit purchase intent""],""confidence"":""HIGH""}}","{""recommendation_status"":""PARTIAL_MATCH"",""recommendations"":[{""product_id"":""P002"",""product_name"":""Adjustable Standing Desk Pro"",""price"":""$749.00"",""why_recommended"":""Matches the standing desk requirement with adjustable height. The price is under budget. However, the requested dark walnut finish is not available.""},{""product_id"":""P003"",""product_name"":""Adjustable Standing Desk Basic"",""price"":""$449.00"",""why_recommended"":""Matches the adjustable height requirement and is within the budget. However, it does not confirm if it can meet the aesthetic requirement of dark walnut.""}]}","{""evaluation_type"":""Product Recommender Agent"",""execution_id"":""14290"",""agent"":""Product Recommender Agent""}","1000","","[]","","t-14290","[]"
"CRM Update Agent-14289","14289","","SPAN","CRM Update Agent","2026-09-12 16:40:31.648000","2026-09-12 16:40:32.648000","","default","","","","DEFAULT","","","","","","","{}","{}","{}","0","{""recommendation_output"":{""recommendation_status"":""PARTIAL_MATCH"",""recommendations"":[{""product_id"":""P002"",""product_name"":""Adjustable Standing Desk Pro"",""price"":""749.00"",""why_recommended"":""Matches the standing desk requirement and adjustable height. Priced at $749, it fits within the budget. However, the catalog does not confirm the requested dark walnut finish or the quality aspect.""},{""product_id"":""P003"",""product_name"":""Adjustable Standing Desk Basic"",""price"":""449.00"",""why_recommended"":""Also matches the standing desk requirement and offers adjustable height, priced at $449, well within the budget. However, it does not confirm the dark walnut finish or quality.""}]}}","{""lead_id"":""L001"",""customer_name"":""John Martinez"",""email"":""john.martinez@techcorp.com"",""lead_tier"":""Hot"",""product_interest"":""Standing Desk"",""budget"":800,""urgency"":""Low"",""source"":""Email"",""status"":""Quoted"",""assigned_to"":""Rep A"",""notes"":""Requirements include dark walnut finish, adjustable height, under $800, quality matters. Quantity unknown.""}","{""evaluation_type"":""CRM Update Agent Evaluation"",""execution_id"":""14289"",""agent"":""CRM Update Agent""}","1000","","[]","","t-14289","[]"
"Response Drafter Agent-14289","14289","","SPAN","Response Drafter Agent","2026-09-12 16:40:24.712000","2026-09-12 16:40:25.712000","","default","","","","DEFAULT","","","","","","","{}","{}","{}","0","{""recommendation_output"":{""recommendation_status"":""PARTIAL_MATCH"",""recommendations"":[{""product_id"":""P002"",""product_name"":""Adjustable Standing Desk Pro"",""price"":""749.00"",""why_recommended"":""Matches the standing desk requirement and adjustable height. Priced at $749, it fits within the budget. However, the catalog does not confirm the requested dark walnut finish or the quality aspect.""},{""product_id"":""P003"",""product_name"":""Adjustable Standing Desk Basic"",""price"":""449.00"",""why_recommended"":""Also matches the standing desk requirement and offers adjustable height, priced at $449, well within the budget. However, it does not confirm the dark walnut finish or quality.""}]}}","{""recommendation_status"":""PARTIAL_MATCH"",""recommendations"":[{""product_id"":""P002"",""product_name"":""Adjustable Standing Desk Pro"",""price"":""749.00"",""why_recommended"":""Matches the standing desk requirement and adjustable height. Priced at $749, it fits within the budget. However, the catalog does not confirm the requested dark walnut finish or the quality aspect.""},{""product_id"":""P003"",""product_name"":""Adjustable Standing Desk Basic"",""price"":""449.00"",""why_recommended"":""Also matches the standing desk requirement and offers adjustable height, priced at $449, well within the budget. However, it does not confirm the dark walnut finish or quality.""}]}","{""evaluation_type"":""Response Drafter Agent"",""execution_id"":""14289"",""agent"":""Response Drafter Agent""}","1000","","[]","","t-14289","[]"
"Product Recommender Agent-14289","14289","","SPAN","Lead Qualifier Agent","2026-09-12 16:40:21.101000","2026-09-12 16:40:22.101000","","default","","","","DEFAULT","","","","","","","{}","{}","{}","0","{""qualification_output"":{""lead_tier"":""HOT"",""is_sales_lead"":1,""qualification_signals"":[""specific product requirement"",""budget provided""],""confidence"":""HIGH""}}","{""recommendation_status"":""PARTIAL_MATCH"",""recommendations"":[{""product_id"":""P002"",""product_name"":""Adjustable Standing Desk Pro"",""price"":""749.00"",""why_recommended"":""Matches the standing desk requirement and adjustable height. Priced at $749, it fits within the budget. However, the catalog does not confirm the requested dark walnut finish or the quality aspect.""},{""product_id"":""P003"",""product_name"":""Adjustable Standing Desk Basic"",""price"":""449.00"",""why_recommended"":""Also matches the standing desk requirement and offers adjustable height, priced at $449, well within the budget. However, it does not confirm the dark walnut finish or quality.""}]}","{""evaluation_type"":""Product Recommender Agent"",""execution_id"":""14289"",""agent"":""Product Recommender Agent""}","1000","","[]","","t-14289","[]"
"Lead Qualifier Agent-14289","14289","","SPAN","Lead Qualifier Agent","2026-09-12 16:40:15.947000","2026-09-12 16:40:16.947000","","default","","","","DEFAULT","","","","","","","{}","{}","{}","0","{""email_ingestion_output"":{""customer_name"":""John Martinez"",""customer_email"":""john.martinez@techcorp.com"",""product_interest"":""standing desk"",""budget"":""$800"",""quantity"":""unknown"",""urgency"":""unknown"",""requirements"":[""dark walnut finish"",""adjustable height"",""under $800"",""works from home full-time"",""quality matters""]}}","{""lead_tier"":""HOT"",""is_sales_lead"":1,""qualification_signals"":[""specific product requirement"",""budget provided""],""confidence"":""HIGH""}","{""test_id"":""E01"",""evaluation_type"":""Lead Qualifier Agent"",""execution_id"":""14289"",""agent"":""Lead Qualifier Agent""}","1000","","[]","","t-14289","[]"
"email-ingestion-14289","14289","","SPAN","email-ingestion Agent","2026-09-12 16:40:13.845000","2026-09-12 16:40:14.845000","","default","","","","DEFAULT","","","","","","","{}","{}","{}","0","{""inquiry_email"":""From: john.martinez@techcorp.com\nSubject: Standing desk inquiry\n\nHi there,\n\nI'm looking for a standing desk for my home office. Ideally something in dark walnut finish, adjustable height, and under $800. I work from home full-time so quality matters. Do you have anything that fits?\n\nThanks,\nJohn Martinez\nDirector of Engineering, TechCorp""}","{""customer_name"":""John Martinez"",""customer_email"":""john.martinez@techcorp.com"",""product_interest"":""standing desk"",""budget"":""$800"",""quantity"":""unknown"",""urgency"":""unknown"",""requirements"":[""dark walnut finish"",""adjustable height"",""under $800"",""works from home full-time"",""quality matters""]}","{""evaluation_type"":""email-ingestion"",""execution_id"":""14289"",""agent"":""email-ingestion Agent""}","1000","","[]","","t-14289","[]"
"Response Drafter Agent-14287","14287","","SPAN","Response Drafter Agent","2026-09-12 16:37:52.893000","2026-09-12 16:37:53.893000","","default","","","","DEFAULT","","","","","","","{}","{}","{}","0","{""recommendation_output"":{""recommendation_status"":""PARTIAL_MATCH"",""recommendations"":[{""product_id"":""P002"",""product_name"":""Adjustable Standing Desk Pro"",""price"":""$749.00"",""why_recommended"":""Matches the primary requirement for a standing desk, features adjustable height, and is within budget. However, the catalog does not confirm the desired dark walnut finish.""},{""product_id"":""P003"",""product_name"":""Adjustable Standing Desk Basic"",""price"":""$449.00"",""why_recommended"":""Relevant as a standing desk with adjustable height and within budget. However, it does not match the requested dark walnut finish.""}]}}","{""recommendation_status"":""PARTIAL_MATCH"",""recommendations"":[{""product_id"":""P002"",""product_name"":""Adjustable Standing Desk Pro"",""price"":""$749.00"",""why_recommended"":""Matches the primary requirement for a standing desk, features adjustable height, and is within budget. However, the catalog does not confirm the desired dark walnut finish.""},{""product_id"":""P003"",""product_name"":""Adjustable Standing Desk Basic"",""price"":""$449.00"",""why_recommended"":""Relevant as a standing desk with adjustable height and within budget. However, it does not match the requested dark walnut finish.""}]}","{""evaluation_type"":""Response Drafter Agent"",""execution_id"":""14287"",""agent"":""Response Drafter Agent""}","1000","","[]","","t-14287","[]"
"Product Recommender Agent-14287","14287","","SPAN","Lead Qualifier Agent","2026-09-12 16:37:48.351000","2026-09-12 16:37:49.351000","","default","","","","DEFAULT","","","","","","","{}","{}","{}","0","{""qualification_output"":{""lead_tier"":""HOT"",""is_sales_lead"":1,""qualification_signals"":[""specific product requirement"",""budget provided""],""confidence"":""HIGH""}}","{""recommendation_status"":""PARTIAL_MATCH"",""recommendations"":[{""product_id"":""P002"",""product_name"":""Adjustable Standing Desk Pro"",""price"":""$749.00"",""why_recommended"":""Matches the primary requirement for a standing desk, features adjustable height, and is within budget. However, the catalog does not confirm the desired dark walnut finish.""},{""product_id"":""P003"",""product_name"":""Adjustable Standing Desk Basic"",""price"":""$449.00"",""why_recommended"":""Relevant as a standing desk with adjustable height and within budget. However, it does not match the requested dark walnut finish.""}]}","{""evaluation_type"":""Product Recommender Agent"",""execution_id"":""14287"",""agent"":""Product Recommender Agent""}","1000","","[]","","t-14287","[]"
"Lead Qualifier Agent-14287","14287","","SPAN","Lead Qualifier Agent","2026-09-12 16:37:25.729000","2026-09-12 16:37:26.729000","","default","","","","DEFAULT","","","","","","","{}","{}","{}","0","{""email_ingestion_output"":{""customer_name"":""John Martinez"",""customer_email"":""john.martinez@techcorp.com"",""product_interest"":""standing desk"",""budget"":""$800"",""quantity"":""unknown"",""urgency"":""unknown"",""requirements"":[""dark walnut finish"",""adjustable height"",""under $800"",""works from home full-time"",""quality matters""]}}","{""lead_tier"":""HOT"",""is_sales_lead"":1,""qualification_signals"":[""specific product requirement"",""budget provided""],""confidence"":""HIGH""}","{""test_id"":""E01"",""evaluation_type"":""Lead Qualifier Agent"",""execution_id"":""14287"",""agent"":""Lead Qualifier Agent""}","1000","","[]","","t-14287","[]"
"email-ingestion-14287","14287","","SPAN","email-ingestion Agent","2026-09-12 16:37:23.707000","2026-09-12 16:37:24.707000","","default","","","","DEFAULT","","","","","","","{}","{}","{}","0","{""inquiry_email"":""From: john.martinez@techcorp.com\nSubject: Standing desk inquiry\n\nHi there,\n\nI'm looking for a standing desk for my home office. Ideally something in dark walnut finish, adjustable height, and under $800. I work from home full-time so quality matters. Do you have anything that fits?\n\nThanks,\nJohn Martinez\nDirector of Engineering, TechCorp""}","{""customer_name"":""John Martinez"",""customer_email"":""john.martinez@techcorp.com"",""product_interest"":""standing desk"",""budget"":""$800"",""quantity"":""unknown"",""urgency"":""unknown"",""requirements"":[""dark walnut finish"",""adjustable height"",""under $800"",""works from home full-time"",""quality matters""]}","{""evaluation_type"":""email-ingestion"",""execution_id"":""14287"",""agent"":""email-ingestion Agent""}","1000","","[]","","t-14287","[]"
"Product Recommender Agent-14279","14279","","SPAN","Lead Qualifier Agent","2026-09-12 16:24:08.651000","2026-09-12 16:24:09.651000","","default","","","","DEFAULT","","","","","","","{}","{}","{}","0","{""qualification_output"":{""lead_tier"":""HOT"",""is_sales_lead"":1,""qualification_signals"":[""specific product requirement"",""budget provided""],""confidence"":""HIGH""}}","{""recommendation_status"":""PARTIAL_MATCH"",""recommendations"":[{""product_id"":""P002"",""product_name"":""Adjustable Standing Desk Pro"",""price"":""$749.00"",""why_recommended"":""Matches the standing desk requirement with adjustable height and is priced under $800. However, the catalog does not confirm the requested dark walnut finish.""},{""product_id"":""P003"",""product_name"":""Adjustable Standing Desk Basic"",""price"":""$449.00"",""why_recommended"":""Matches the standing desk requirement and adjustable height, with a price under $800. However, it lacks the desired dark walnut finish.""}]}","{""evaluation_type"":""Product Recommender Agent"",""execution_id"":""14279"",""agent"":""Product Recommender Agent""}","1000","","[]","","t-14279","[]"
"Product Recommender Agent-14272","14272","","SPAN","Lead Qualifier Agent","2026-09-12 16:14:41.369000","2026-09-12 16:14:42.369000","","default","","","","DEFAULT","","","","","","","{}","{}","{}","0","{""qualification_output"":{""lead_tier"":""HOT"",""is_sales_lead"":1,""qualification_signals"":[""specific product requirement"",""budget provided""],""confidence"":""HIGH""}}","{""recommendation_status"":""PARTIAL_MATCH"",""recommendations"":[{""product_id"":""P002"",""product_name"":""Adjustable Standing Desk Pro"",""price"":""$749.00"",""why_recommended"":""Matches the standing desk requirement with adjustable height, available within the budget of $800. However, it does not confirm a dark walnut finish.""},{""product_id"":""P003"",""product_name"":""Adjustable Standing Desk Basic"",""price"":""$449.00"",""why_recommended"":""This is a height-adjustable desk available at $449, under the $800 budget. However, it lacks confirmation of a dark walnut finish and does not mention any specific features related to work from home.""}]}","{""evaluation_type"":""Product Recommender Agent"",""execution_id"":""14272"",""agent"":""Product Recommender Agent""}","1000","","[]","","t-14272","[]"
"Product Recommender Agent-14267","14267","","SPAN","Lead Qualifier Agent","2026-09-12 16:03:31.245000","2026-09-12 16:03:32.245000","","default","","","","DEFAULT","","","","","","","{}","{}","{}","0","{""qualification_output"":{""lead_tier"":""HOT"",""is_sales_lead"":1,""qualification_signals"":[""specific product requirement"",""budget provided""],""confidence"":""HIGH""}}","{""recommendation_status"":""PARTIAL_MATCH"",""recommendations"":[{""product_id"":""P002"",""product_name"":""Adjustable Standing Desk Pro"",""price"":""749.00"",""why_recommended"":""Matches the standing desk requirement and adjustable height. Fits under the $800 budget. However, it does not confirm the requested dark walnut finish.""},{""product_id"":""P003"",""product_name"":""Adjustable Standing Desk Basic"",""price"":""449.00"",""why_recommended"":""Matches the standing desk requirement and adjustable height. Fits well within the budget. However, it does not confirm the requested dark walnut finish.""}]}","{""evaluation_type"":""Product Recommender Agent"",""execution_id"":""14267"",""agent"":""Product Recommender Agent""}","1000","","[]","","t-14267","[]"
"Product Recommender Agent-14265","14265","","SPAN","Lead Qualifier Agent","2026-09-12 16:01:28.982000","2026-09-12 16:01:29.982000","","default","","","","DEFAULT","","","","","","","{}","{}","{}","0","{""qualification_output"":{""lead_tier"":""HOT"",""is_sales_lead"":1,""qualification_signals"":[""specific product requirement"",""budget provided""],""confidence"":""HIGH""}}","{""recommendation_status"":""PARTIAL_MATCH"",""recommendations"":[{""product_id"":""P002"",""product_name"":""Adjustable Standing Desk Pro"",""price"":""$749.00"",""why_recommended"":""Matches the standing desk requirement and is adjustable height. Fits within budget, but does not confirm the requested dark walnut finish.""},{""product_id"":""P003"",""product_name"":""Adjustable Standing Desk Basic"",""price"":""$449.00"",""why_recommended"":""Matches the standing desk requirement and is adjustable height. Fits within budget, but does not confirm the requested dark walnut finish.""}]}","{""evaluation_type"":""Product Recommender Agent"",""execution_id"":""14265"",""agent"":""Product Recommender Agent""}","1000","","[]","","t-14265","[]"
"CRM Update Agent-14263","14263","","SPAN","CRM Update Agent","2026-09-12 16:00:44.230000","2026-09-12 16:00:45.230000","","default","","","","DEFAULT","","","","","","","{}","{}","{}","0","{""recommendation_output"":{""recommendation_status"":""PARTIAL_MATCH"",""recommendations"":[{""product_id"":""P002"",""product_name"":""Adjustable Standing Desk Pro"",""price"":""$749.00"",""why_recommended"":""Matches the standing desk requirement, adjustable height, and $800 budget. The catalog does not confirm the requested dark walnut finish.""},{""product_id"":""P003"",""product_name"":""Adjustable Standing Desk Basic"",""price"":""$449.00"",""why_recommended"":""Matches the standing desk requirement, adjustable height, and price under $800. The catalog does not confirm the requested dark walnut finish.""}]}}","{""lead_id"":""L001"",""customer_name"":""John Martinez"",""email"":""john.martinez@techcorp.com"",""lead_tier"":""Hot"",""product_interest"":""Standing Desk"",""budget"":800,""urgency"":""High"",""source"":""Email"",""status"":""Quoted"",""assigned_to"":""Rep A"",""notes"":""Requirements include dark walnut finish, adjustable height, quality matters, and worked from home full-time.""}","{""evaluation_type"":""CRM Update Agent Evaluation"",""execution_id"":""14263"",""agent"":""CRM Update Agent""}","1000","","[]","","t-14263","[]"
"Response Drafter Agent-14263","14263","","SPAN","Response Drafter Agent","2026-09-12 16:00:37.083000","2026-09-12 16:00:38.083000","","default","","","","DEFAULT","","","","","","","{}","{}","{}","0","{""recommendation_output"":{""recommendation_status"":""PARTIAL_MATCH"",""recommendations"":[{""product_id"":""P002"",""product_name"":""Adjustable Standing Desk Pro"",""price"":""$749.00"",""why_recommended"":""Matches the standing desk requirement, adjustable height, and $800 budget. The catalog does not confirm the requested dark walnut finish.""},{""product_id"":""P003"",""product_name"":""Adjustable Standing Desk Basic"",""price"":""$449.00"",""why_recommended"":""Matches the standing desk requirement, adjustable height, and price under $800. The catalog does not confirm the requested dark walnut finish.""}]}}","{""recommendation_status"":""PARTIAL_MATCH"",""recommendations"":[{""product_id"":""P002"",""product_name"":""Adjustable Standing Desk Pro"",""price"":""$749.00"",""why_recommended"":""Matches the standing desk requirement, adjustable height, and $800 budget. The catalog does not confirm the requested dark walnut finish.""},{""product_id"":""P003"",""product_name"":""Adjustable Standing Desk Basic"",""price"":""$449.00"",""why_recommended"":""Matches the standing desk requirement, adjustable height, and price under $800. The catalog does not confirm the requested dark walnut finish.""}]}","{""evaluation_type"":""Response Drafter Agent"",""execution_id"":""14263"",""agent"":""Response Drafter Agent""}","1000","","[]","","t-14263","[]"
"Product Recommender Agent-14263","14263","","SPAN","Lead Qualifier Agent","2026-09-12 16:00:32.157000","2026-09-12 16:00:33.157000","","default","","","","DEFAULT","","","","","","","{}","{}","{}","0","{""qualification_output"":{""lead_tier"":""HOT"",""is_sales_lead"":1,""qualification_signals"":[""specific product requirement"",""budget provided""],""confidence"":""HIGH""}}","{""recommendation_status"":""PARTIAL_MATCH"",""recommendations"":[{""product_id"":""P002"",""product_name"":""Adjustable Standing Desk Pro"",""price"":""$749.00"",""why_recommended"":""Matches the standing desk requirement, adjustable height, and $800 budget. The catalog does not confirm the requested dark walnut finish.""},{""product_id"":""P003"",""product_name"":""Adjustable Standing Desk Basic"",""price"":""$449.00"",""why_recommended"":""Matches the standing desk requirement, adjustable height, and price under $800. The catalog does not confirm the requested dark walnut finish.""}]}","{""evaluation_type"":""Product Recommender Agent"",""execution_id"":""14263"",""agent"":""Product Recommender Agent""}","1000","","[]","","t-14263","[]"
"Lead Qualifier Agent-14263","14263","","SPAN","Lead Qualifier Agent","2026-09-12 16:00:25.394000","2026-09-12 16:00:26.394000","","default","","","","DEFAULT","","","","","","","{}","{}","{}","0","{""email_ingestion_output"":{""customer_name"":""unknown"",""customer_email"":""random123@gmail.com"",""product_interest"":""furniture"",""budget"":""unknown"",""quantity"":""unknown"",""urgency"":""unknown"",""requirements"":[]}}","{""lead_tier"":""COLD"",""is_sales_lead"":0,""qualification_signals"":[""generic product inquiry""],""confidence"":""HIGH""}","{""test_id"":""E02"",""evaluation_type"":""Lead Qualifier Agent"",""execution_id"":""14263"",""agent"":""Lead Qualifier Agent""}","1000","","[]","","t-14263","[]"
"email-ingestion-14263","14263","","SPAN","email-ingestion Agent","2026-09-12 16:00:21.910000","2026-09-12 16:00:22.910000","","default","","","","DEFAULT","","","","","","","{}","{}","{}","0","{""inquiry_email"":""From: john.martinez@techcorp.com\nSubject: Standing desk inquiry\n\nHi there,\n\nI'm looking for a standing desk for my home office. Ideally something in dark walnut finish, adjustable height, and under $800. I work from home full-time so quality matters. Do you have anything that fits?\n\nThanks,\nJohn Martinez\nDirector of Engineering, TechCorp""}","{""customer_name"":""John Martinez"",""customer_email"":""john.martinez@techcorp.com"",""product_interest"":""standing desk"",""budget"":""$800"",""quantity"":""unknown"",""urgency"":""unknown"",""requirements"":[""dark walnut finish"",""adjustable height"",""under $800"",""work from home full-time"",""quality matters""]}","{""evaluation_type"":""email-ingestion"",""execution_id"":""14263"",""agent"":""email-ingestion Agent""}","1000","","[]","","t-14263","[]"
"Product Recommender Agent-14261","14261","","SPAN","Lead Qualifier Agent","2026-09-12 15:54:37.839000","2026-09-12 15:54:38.839000","","default","","","","DEFAULT","","","","","","","{}","{}","{}","0","{""qualification_output"":{""lead_tier"":""HOT"",""is_sales_lead"":1,""qualification_signals"":[""specific product requirement"",""budget provided""],""confidence"":""HIGH""}}","{""recommendation_status"":""PARTIAL_MATCH"",""recommendations"":[{""product_id"":""P002"",""product_name"":""Adjustable Standing Desk Pro"",""price"":""$749.00"",""why_recommended"":""Matches the standing desk requirement and adjustable height feature. It fits within the budget of $800, but does not have a confirmed dark walnut finish.""},{""product_id"":""P003"",""product_name"":""Adjustable Standing Desk Basic"",""price"":""$449.00"",""why_recommended"":""Also a standing desk with adjustable height, priced under budget. However, it does not have the requested dark walnut finish and is made of MDF.""}]}","{""evaluation_type"":""Product Recommender Agent"",""execution_id"":""14261"",""agent"":""Product Recommender Agent""}","1000","","[]","","t-14261","[]"
"Product Recommender Agent-14258","14258","","SPAN","Lead Qualifier Agent","2026-09-12 15:53:27.558000","2026-09-12 15:53:28.558000","","default","","","","DEFAULT","","","","","","","{}","{}","{}","0","{""qualification_output"":{""lead_tier"":""HOT"",""is_sales_lead"":1,""qualification_signals"":[""specific product requirement"",""budget provided"",""requirements include multiple features""],""confidence"":""HIGH""}}","{""recommendation_status"":""PARTIAL_MATCH"",""recommendations"":[{""product_id"":""P002"",""product_name"":""Adjustable Standing Desk Pro"",""price"":""$749.00"",""why_recommended"":""Matches the standing desk requirement, adjustable height, and is within the budget of $800. However, it does not confirm the requested dark walnut finish.""},{""product_id"":""P003"",""product_name"":""Adjustable Standing Desk Basic"",""price"":""$449.00"",""why_recommended"":""Matches the standing desk requirement and adjustable height. It is also within the budget of $800 but does not meet the dark walnut finish requirement.""}]}","{""evaluation_type"":""Product Recommender Agent"",""execution_id"":""14258"",""agent"":""Product Recommender Agent""}","1000","","[]","","t-14258","[]"
"Product Recommender Agent-14255","14255","","SPAN","Lead Qualifier Agent","2026-09-12 15:52:04.082000","2026-09-12 15:52:05.082000","","default","","","","DEFAULT","","","","","","","{}","{}","{}","0","{""qualification_output"":{""lead_tier"":""HOT"",""is_sales_lead"":1,""qualification_signals"":[""specific product requirement"",""budget provided"",""explicit purchase intent""],""confidence"":""HIGH""}}","{""recommendation_status"":""PARTIAL_MATCH"",""recommendations"":[{""product_id"":""P002"",""product_name"":""Adjustable Standing Desk Pro"",""price"":""$749.00"",""why_recommended"":""Matches the standing desk requirement, adjustable height, and fits within the $800 budget. However, the finish is unknown as it is a bamboo top.""},{""product_id"":""P003"",""product_name"":""Adjustable Standing Desk Basic"",""price"":""$449.00"",""why_recommended"":""Matches the standing desk requirement and adjustable height, and fits well within the budget. However, it does not confirm a specific finish.""},{""product_id"":""P020"",""product_name"":""Sit-Stand Desk Converter"",""price"":""$279.00"",""why_recommended"":""This product can convert an existing desk to a standing desk, meets the adjustable height requirement, and is within budget. Yet, it does not have a dark walnut finish.""}]}","{""evaluation_type"":""Product Recommender Agent"",""execution_id"":""14255"",""agent"":""Product Recommender Agent""}","1000","","[]","","t-14255","[]"
"Product Recommender Agent-14254","14254","","SPAN","Lead Qualifier Agent","2026-09-12 15:49:12.455000","2026-09-12 15:49:13.455000","","default","","","","DEFAULT","","","","","","","{}","{}","{}","0","{""qualification_output"":{""lead_tier"":""COLD"",""is_sales_lead"":0,""qualification_signals"":[""generic product inquiry""],""confidence"":""LOW""}}","{""recommendation_status"":""INSUFFICIENT_INFORMATION"",""recommendations"":[]}","{""evaluation_type"":""Product Recommender Agent"",""execution_id"":""14254"",""agent"":""Product Recommender Agent""}","1000","","[]","","t-14254","[]"
"Product Recommender Agent-14253","14253","","SPAN","Lead Qualifier Agent","2026-09-12 15:48:54.096000","2026-09-12 15:48:55.096000","","default","","","","DEFAULT","","","","","","","{}","{}","{}","0","{""qualification_output"":{""lead_tier"":""HOT"",""is_sales_lead"":1,""qualification_signals"":[""specific product requirement"",""budget provided"",""specific delivery deadline""],""confidence"":""HIGH""}}","{""recommendation_status"":""PARTIAL_MATCH"",""recommendations"":[{""product_id"":""P002"",""product_name"":""Adjustable Standing Desk Pro"",""price"":""$749.00"",""why_recommended"":""Matches the standing desk requirement, adjustable height, and falls within the $800 budget. However, the dark walnut finish is not confirmed.""},{""product_id"":""P003"",""product_name"":""Adjustable Standing Desk Basic"",""price"":""$449.00"",""why_recommended"":""Matches the standing desk requirement and adjustable height feature. It is also under budget, but does not confirm the dark walnut finish.""},{""product_id"":""P020"",""product_name"":""Sit-Stand Desk Converter"",""price"":""$279.00"",""why_recommended"":""This product serves as a converter for an existing desk to create a standing desk and matches the adjustable height requirement, but it does not fulfill the dark walnut finish requirement.""}]}","{""evaluation_type"":""Product Recommender Agent"",""execution_id"":""14253"",""agent"":""Product Recommender Agent""}","1000","","[]","","t-14253","[]"
"Product Recommender Agent-14250","14250","","SPAN","Lead Qualifier Agent","2026-09-12 15:44:09.060000","2026-09-12 15:44:10.060000","","default","","","","DEFAULT","","","","","","","{}","{}","{}","0","{""qualification_output"":{""lead_tier"":""HOT"",""is_sales_lead"":1,""qualification_signals"":[""specific product requirement"",""budget provided""],""confidence"":""HIGH""}}","{""recommendation_status"":""PARTIAL_MATCH"",""recommendations"":[{""product_id"":""P002"",""product_name"":""Adjustable Standing Desk Pro"",""price"":""$749.00"",""why_recommended"":""Matches the standing desk requirement, is adjustable height, and within the budget of $800. The catalog does not confirm the requested dark walnut finish.""},{""product_id"":""P003"",""product_name"":""Adjustable Standing Desk Basic"",""price"":""$449.00"",""why_recommended"":""Matches the standing desk requirement and adjustable height. It is within the budget of $800, but does not meet the dark walnut finish requirement.""}]}","{""evaluation_type"":""Product Recommender Agent"",""execution_id"":""14250"",""agent"":""Product Recommender Agent""}","1000","","[]","","t-14250","[]"
"Product Recommender Agent-14248","14248","","SPAN","Lead Qualifier Agent","2026-09-12 15:43:28.633000","2026-09-12 15:43:29.633000","","default","","","","DEFAULT","","","","","","","{}","{}","{}","0","{""qualification_output"":{""lead_tier"":""HOT"",""is_sales_lead"":1,""qualification_signals"":[""specific product requirement"",""budget provided""],""confidence"":""HIGH""}}","{""recommendation_status"":""PARTIAL_MATCH"",""recommendations"":[{""product_id"":""P002"",""product_name"":""Adjustable Standing Desk Pro"",""price"":""$749.00"",""why_recommended"":""Matches the standing desk requirement, adjustable height, and is within the $800 budget. The finish is not specified as dark walnut.""},{""product_id"":""P003"",""product_name"":""Adjustable Standing Desk Basic"",""price"":""$449.00"",""why_recommended"":""Also matches the standing desk and adjustable height requirements, and is within budget. However, the product does not specify a finish, and it is manual crank operated.""}]}","{""evaluation_type"":""Product Recommender Agent"",""execution_id"":""14248"",""agent"":""Product Recommender Agent""}","1000","","[]","","t-14248","[]"
"Product Recommender Agent-14246","14246","","SPAN","Lead Qualifier Agent","2026-09-12 15:42:57.453000","2026-09-12 15:42:58.453000","","default","","","","DEFAULT","","","","","","","{}","{}","{}","0","{""qualification_output"":{""lead_tier"":""COLD"",""is_sales_lead"":0,""qualification_signals"":[""generic product inquiry""],""confidence"":""HIGH""}}","{""recommendation_status"":""INSUFFICIENT_INFORMATION"",""recommendations"":[]}","{""evaluation_type"":""Product Recommender Agent"",""execution_id"":""14246"",""agent"":""Product Recommender Agent""}","1000","","[]","","t-14246","[]"
"Product Recommender Agent-14245","14245","","SPAN","Lead Qualifier Agent","2026-09-12 15:42:45.954000","2026-09-12 15:42:46.954000","","default","","","","DEFAULT","","","","","","","{}","{}","{}","0","{""qualification_output"":{""lead_tier"":""HOT"",""is_sales_lead"":1,""qualification_signals"":[""specific product requirement"",""budget provided"",""multiple concrete product requirements"",""explicit purchase intent""],""confidence"":""HIGH""}}","{""recommendation_status"":""PARTIAL_MATCH"",""recommendations"":[{""product_id"":""P002"",""product_name"":""Adjustable Standing Desk Pro"",""price"":""$749.00"",""why_recommended"":""Matches the standing desk requirement and the adjustable height feature. It is electric height-adjustable and priced within the $800 budget. However, the catalog does not confirm the requested dark walnut finish.""},{""product_id"":""P003"",""product_name"":""Adjustable Standing Desk Basic"",""price"":""$449.00"",""why_recommended"":""Matches the standing desk requirement and is priced within the budget. It is a manual crank height-adjustable desk, but the dark walnut finish is not available.""}]}","{""evaluation_type"":""Product Recommender Agent"",""execution_id"":""14245"",""agent"":""Product Recommender Agent""}","1000","","[]","","t-14245","[]"
"Product Recommender Agent-14243","14243","","SPAN","Lead Qualifier Agent","2026-09-12 15:41:51.912000","2026-09-12 15:41:52.912000","","default","","","","DEFAULT","","","","","","","{}","{}","{}","0","{""qualification_output"":{""lead_tier"":""COLD"",""is_sales_lead"":0,""qualification_signals"":[""generic product inquiry""],""confidence"":""HIGH""}}","{""recommendation_status"":""INSUFFICIENT_INFORMATION"",""recommendations"":[]}","{""evaluation_type"":""Product Recommender Agent"",""execution_id"":""14243"",""agent"":""Product Recommender Agent""}","1000","","[]","","t-14243","[]"
"Product Recommender Agent-14242","14242","","SPAN","Lead Qualifier Agent","2026-09-12 15:41:38.318000","2026-09-12 15:41:39.318000","","default","","","","DEFAULT","","","","","","","{}","{}","{}","0","{""qualification_output"":{""lead_tier"":""HOT"",""is_sales_lead"":1,""qualification_signals"":[""specific product requirement"",""budget provided""],""confidence"":""HIGH""}}","{""recommendation_status"":""PARTIAL_MATCH"",""recommendations"":[{""product_id"":""P002"",""product_name"":""Adjustable Standing Desk Pro"",""price"":""$749.00"",""why_recommended"":""Matches the standing desk requirement and adjustable height feature. It is priced within budget at $749. The dark walnut finish requirement is not confirmed as the catalog states 'Bamboo Top / Steel Frame'.""},{""product_id"":""P003"",""product_name"":""Adjustable Standing Desk Basic"",""price"":""$449.00"",""why_recommended"":""Matches the standing desk requirement and is adjustable in height. Priced at $449, it is within budget. However, it does not confirm the requested dark walnut finish.""}]}","{""evaluation_type"":""Product Recommender Agent"",""execution_id"":""14242"",""agent"":""Product Recommender Agent""}","1000","","[]","","t-14242","[]"
"Product Recommender Agent-14240","14240","","SPAN","Lead Qualifier Agent","2026-09-12 15:41:06.643000","2026-09-12 15:41:07.643000","","default","","","","DEFAULT","","","","","","","{}","{}","{}","0","{""qualification_output"":{""lead_tier"":""COLD"",""is_sales_lead"":0,""qualification_signals"":[""generic product inquiry""],""confidence"":""LOW""}}","{""recommendation_status"":""INSUFFICIENT_INFORMATION"",""recommendations"":[]}","{""evaluation_type"":""Product Recommender Agent"",""execution_id"":""14240"",""agent"":""Product Recommender Agent""}","1000","","[]","","t-14240","[]"
"Product Recommender Agent-14239","14239","","SPAN","Lead Qualifier Agent","2026-09-12 15:40:53.626000","2026-09-12 15:40:54.626000","","default","","","","DEFAULT","","","","","","","{}","{}","{}","0","{""qualification_output"":{""lead_tier"":""HOT"",""is_sales_lead"":1,""qualification_signals"":[""specific product requirement"",""budget provided""],""confidence"":""HIGH""}}","{""recommendation_status"":""PARTIAL_MATCH"",""recommendations"":[{""product_id"":""P002"",""product_name"":""Adjustable Standing Desk Pro"",""price"":""749.00"",""why_recommended"":""Matches the standing desk requirement, adjustable height, and under $800 budget. However, the requested dark walnut finish is not confirmed.""},{""product_id"":""P003"",""product_name"":""Adjustable Standing Desk Basic"",""price"":""449.00"",""why_recommended"":""Matches the standing desk requirement and adjustable height. The budget is satisfied, but it does not have the dark walnut finish.""}]}","{""evaluation_type"":""Product Recommender Agent"",""execution_id"":""14239"",""agent"":""Product Recommender Agent""}","1000","","[]","","t-14239","[]"
"CRM Update Agent-14236","14236","","SPAN","CRM Update Agent","2026-09-12 15:33:30.603000","2026-09-12 15:33:31.603000","","default","","","","DEFAULT","","","","","","","{}","{}","{}","0","{""recommendation_output"":{""recommendation_status"":""PARTIAL_MATCH"",""recommendations"":[{""product_id"":""P002"",""product_name"":""Adjustable Standing Desk Pro"",""price"":""$749.00"",""why_recommended"":""Matches the standing desk requirement, adjustable height, and falls within the $800 budget. However, it does not specify the dark walnut finish.""},{""product_id"":""P003"",""product_name"":""Adjustable Standing Desk Basic"",""price"":""$449.00"",""why_recommended"":""Matches the standing desk requirement and adjustable height. It's within budget, but the finish is not confirmed as dark walnut.""}]}}","{""lead_id"":""L001"",""customer_name"":""John Martinez"",""email"":""john.martinez@techcorp.com"",""lead_tier"":""Hot"",""product_interest"":""Standing Desk"",""budget"":800,""urgency"":""High"",""source"":""Email"",""status"":""Quoted"",""assigned_to"":""Rep A"",""notes"":""Requirements: dark walnut finish, adjustable height, under $800, work from home full-time, quality matters. Quantity is unspecified.""}","{""evaluation_type"":""CRM Update Agent Evaluation"",""execution_id"":""14236"",""agent"":""CRM Update Agent""}","1000","","[]","","t-14236","[]"
"Response Drafter Agent-14235","14235","","SPAN","Response Drafter Agent","2026-09-12 15:33:02.228000","2026-09-12 15:33:03.228000","","default","","","","DEFAULT","","","","","","","{}","{}","{}","0","{""recommendation_output"":{""recommendation_status"":""PARTIAL_MATCH"",""recommendations"":[{""product_id"":""P002"",""product_name"":""Adjustable Standing Desk Pro"",""price"":""$749.00"",""why_recommended"":""Matches the standing desk requirement, adjustable height, and falls within the $800 budget. However, it does not specify the dark walnut finish.""},{""product_id"":""P003"",""product_name"":""Adjustable Standing Desk Basic"",""price"":""$449.00"",""why_recommended"":""Matches the standing desk requirement and adjustable height. It's within budget, but the finish is not confirmed as dark walnut.""}]}}","{""recommendation_status"":""PARTIAL_MATCH"",""recommendations"":[{""product_id"":""P002"",""product_name"":""Adjustable Standing Desk Pro"",""price"":""$749.00"",""why_recommended"":""Matches the standing desk requirement, adjustable height, and falls within the $800 budget. However, it does not specify the dark walnut finish.""},{""product_id"":""P003"",""product_name"":""Adjustable Standing Desk Basic"",""price"":""$449.00"",""why_recommended"":""Matches the standing desk requirement and adjustable height. It's within budget, but the finish is not confirmed as dark walnut.""}]}","{""evaluation_type"":""Response Drafter Agent"",""execution_id"":""14235"",""agent"":""Response Drafter Agent""}","1000","","[]","","t-14235","[]"
"Product Recommender Agent-14235","14235","","SPAN","Lead Qualifier Agent","2026-09-12 15:32:53.792000","2026-09-12 15:32:54.792000","","default","","","","DEFAULT","","","","","","","{}","{}","{}","0","{""qualification_output"":{""lead_tier"":""COLD"",""is_sales_lead"":0,""qualification_signals"":[""generic product inquiry""],""confidence"":""LOW""}}","{""recommendation_status"":""INSUFFICIENT_INFORMATION"",""recommendations"":[]}","{""evaluation_type"":""Product Recommender Agent"",""execution_id"":""14235"",""agent"":""Product Recommender Agent""}","1000","","[]","","t-14235","[]"
"Lead Qualifier Agent-14235","14235","","SPAN","Lead Qualifier Agent","2026-09-12 15:32:45.458000","2026-09-12 15:32:46.458000","","default","","","","DEFAULT","","","","","","","{}","{}","{}","0","{""email_ingestion_output"":{""customer_name"":""John Martinez"",""customer_email"":""john.martinez@techcorp.com"",""product_interest"":""standing desk"",""budget"":""$800"",""quantity"":""unknown"",""urgency"":""unknown"",""requirements"":[""dark walnut finish"",""adjustable height"",""under $800"",""work from home full-time"",""quality matters""]}}","{""lead_tier"":""HOT"",""is_sales_lead"":1,""qualification_signals"":[""specific product requirement"",""budget provided""],""confidence"":""HIGH""}","{""test_id"":""E01"",""evaluation_type"":""Lead Qualifier Agent"",""execution_id"":""14235"",""agent"":""Lead Qualifier Agent""}","1000","","[]","","t-14235","[]"
"email-ingestion-14235","14235","","SPAN","email-ingestion Agent","2026-09-12 15:32:41.284000","2026-09-12 15:32:42.284000","","default","","","","DEFAULT","","","","","","","{}","{}","{}","0","{""inquiry_email"":""From: random123@gmail.com\nSubject: furniture\n\nHi, I need furniture.\n""}","{""customer_name"":""unknown"",""customer_email"":""random123@gmail.com"",""product_interest"":""furniture"",""budget"":""unknown"",""quantity"":""unknown"",""urgency"":""unknown"",""requirements"":[]}","{""evaluation_type"":""email-ingestion"",""execution_id"":""14235"",""agent"":""email-ingestion Agent""}","1000","","[]","","t-14235","[]"
"Response Drafter Agent-14233","14233","","SPAN","Response Drafter Agent","2026-09-12 15:26:24.620000","2026-09-12 15:26:25.620000","","default","","","","DEFAULT","","","","","","","{}","{}","{}","0","{""recommendation_output"":{""recommendation_status"":""PARTIAL_MATCH"",""recommendations"":[{""product_id"":""P002"",""product_name"":""Adjustable Standing Desk Pro"",""price"":""$749.00"",""why_recommended"":""Matches the standing desk requirement, is adjustable height, and is within the $800 budget. However, the finish is listed as Bamboo Top / Steel Frame, which does not match the requested dark walnut finish.""},{""product_id"":""P003"",""product_name"":""Adjustable Standing Desk Basic"",""price"":""$449.00"",""why_recommended"":""Matches the standing desk requirement and is adjustable height. It is also within the budget. However, the finish is MDF Top / Steel Frame, which does not match the requested dark walnut finish.""}]}}","{""recommendation_status"":""PARTIAL_MATCH"",""recommendations"":[{""product_id"":""P002"",""product_name"":""Adjustable Standing Desk Pro"",""price"":""$749.00"",""why_recommended"":""Matches the standing desk requirement, is adjustable height, and is within the $800 budget. However, the finish is listed as Bamboo Top / Steel Frame, which does not match the requested dark walnut finish.""},{""product_id"":""P003"",""product_name"":""Adjustable Standing Desk Basic"",""price"":""$449.00"",""why_recommended"":""Matches the standing desk requirement and is adjustable height. It is also within the budget. However, the finish is MDF Top / Steel Frame, which does not match the requested dark walnut finish.""}]}","{""evaluation_type"":""Response Drafter Agent"",""execution_id"":""14233"",""agent"":""Response Drafter Agent""}","1000","","[]","","t-14233","[]"
"Product Recommender Agent-14233","14233","","SPAN","Lead Qualifier Agent","2026-09-12 15:26:19.783000","2026-09-12 15:26:20.783000","","default","","","","DEFAULT","","","","","","","{}","{}","{}","0","{""qualification_output"":{""lead_tier"":""COLD"",""is_sales_lead"":0,""qualification_signals"":[""generic product inquiry""],""confidence"":""HIGH""}}","{""recommendation_status"":""INSUFFICIENT_INFORMATION"",""recommendations"":[]}","{""evaluation_type"":""Product Recommender Agent"",""execution_id"":""14233"",""agent"":""Product Recommender Agent""}","1000","","[]","","t-14233","[]"
"Lead Qualifier Agent-14233","14233","","SPAN","Lead Qualifier Agent","2026-09-12 15:26:11.896000","2026-09-12 15:26:12.896000","","default","","","","DEFAULT","","","","","","","{}","{}","{}","0","{""email_ingestion_output"":{""customer_name"":""John Martinez"",""customer_email"":""john.martinez@techcorp.com"",""product_interest"":""standing desk"",""budget"":""$800"",""quantity"":""unknown"",""urgency"":""unknown"",""requirements"":[""dark walnut finish"",""adjustable height"",""under $800"",""works from home full-time"",""quality matters""]}}","{""lead_tier"":""HOT"",""is_sales_lead"":1,""qualification_signals"":[""specific product requirement"",""budget provided""],""confidence"":""HIGH""}","{""test_id"":""E01"",""evaluation_type"":""Lead Qualifier Agent"",""execution_id"":""14233"",""agent"":""Lead Qualifier Agent""}","1000","","[]","","t-14233","[]"
"email-ingestion-14233","14233","","SPAN","email-ingestion Agent","2026-09-12 15:26:08.106000","2026-09-12 15:26:09.106000","","default","","","","DEFAULT","","","","","","","{}","{}","{}","0","{""inquiry_email"":""From: john.martinez@techcorp.com\nSubject: Standing desk inquiry\n\nHi there,\n\nI'm looking for a standing desk for my home office. Ideally something in dark walnut finish, adjustable height, and under $800. I work from home full-time so quality matters. Do you have anything that fits?\n\nThanks,\nJohn Martinez\nDirector of Engineering, TechCorp""}","{""customer_name"":""John Martinez"",""customer_email"":""john.martinez@techcorp.com"",""product_interest"":""standing desk"",""budget"":""$800"",""quantity"":""unknown"",""urgency"":""unknown"",""requirements"":[""dark walnut finish"",""adjustable height"",""under $800"",""works from home full-time"",""quality matters""]}","{""evaluation_type"":""email-ingestion"",""execution_id"":""14233"",""agent"":""email-ingestion Agent""}","1000","","[]","","t-14233","[]"
"Response Drafter Agent-14232","14232","","SPAN","Response Drafter Agent","2026-09-12 15:23:04.983000","2026-09-12 15:23:05.983000","","default","","","","DEFAULT","","","","","","","{}","{}","{}","0","{""recommendation_output"":{""recommendation_status"":""PARTIAL_MATCH"",""recommendations"":[{""product_id"":""P002"",""product_name"":""Adjustable Standing Desk Pro"",""price"":""749.00"",""why_recommended"":""Matches the standing desk requirement, adjustable height, and is within the budget of $800. However, it does not confirm the requested dark walnut finish.""},{""product_id"":""P003"",""product_name"":""Adjustable Standing Desk Basic"",""price"":""449.00"",""why_recommended"":""Matches the standing desk requirement and adjustable height. It falls within the budget of $800 but does not confirm the dark walnut finish.""}]}}","{""recommendation_status"":""PARTIAL_MATCH"",""recommendations"":[{""product_id"":""P002"",""product_name"":""Adjustable Standing Desk Pro"",""price"":""749.00"",""why_recommended"":""Matches the standing desk requirement, adjustable height, and is within the budget of $800. However, it does not confirm the requested dark walnut finish.""},{""product_id"":""P003"",""product_name"":""Adjustable Standing Desk Basic"",""price"":""449.00"",""why_recommended"":""Matches the standing desk requirement and adjustable height. It falls within the budget of $800 but does not confirm the dark walnut finish.""}]}","{""evaluation_type"":""Response Drafter Agent"",""execution_id"":""14232"",""agent"":""Response Drafter Agent""}","1000","","[]","","t-14232","[]"
"Product Recommender Agent-14232","14232","","SPAN","Lead Qualifier Agent","2026-09-12 15:22:59.253000","2026-09-12 15:23:00.253000","","default","","","","DEFAULT","","","","","","","{}","{}","{}","0","{""qualification_output"":{""lead_tier"":""COLD"",""is_sales_lead"":0,""qualification_signals"":[""generic product inquiry""],""confidence"":""LOW""}}","{""recommendation_status"":""INSUFFICIENT_INFORMATION"",""recommendations"":[]}","{""evaluation_type"":""Product Recommender Agent"",""execution_id"":""14232"",""agent"":""Product Recommender Agent""}","1000","","[]","","t-14232","[]"
"Lead Qualifier Agent-14232","14232","","SPAN","Lead Qualifier Agent","2026-09-12 15:22:49.811000","2026-09-12 15:22:50.811000","","default","","","","DEFAULT","","","","","","","{}","{}","{}","0","{""email_ingestion_output"":{""customer_name"":""unknown"",""customer_email"":""random123@gmail.com"",""product_interest"":""furniture"",""budget"":""unknown"",""quantity"":""unknown"",""urgency"":""unknown"",""requirements"":[]}}","{""lead_tier"":""COLD"",""is_sales_lead"":0,""qualification_signals"":[""generic product inquiry""],""confidence"":""LOW""}","{""test_id"":""E02"",""evaluation_type"":""Lead Qualifier Agent"",""execution_id"":""14232"",""agent"":""Lead Qualifier Agent""}","1000","","[]","","t-14232","[]"
"email-ingestion-14232","14232","","SPAN","email-ingestion Agent","2026-09-12 15:22:45.155000","2026-09-12 15:22:46.155000","","default","","","","DEFAULT","","","","","","","{}","{}","{}","0","{""inquiry_email"":""From: random123@gmail.com\nSubject: furniture\n\nHi, I need furniture.\n""}","{""customer_name"":""unknown"",""customer_email"":""random123@gmail.com"",""product_interest"":""furniture"",""budget"":""unknown"",""quantity"":""unknown"",""urgency"":""unknown"",""requirements"":[]}","{""evaluation_type"":""email-ingestion"",""execution_id"":""14232"",""agent"":""email-ingestion Agent""}","1000","","[]","","t-14232","[]"
"Response Drafter Agent-14231","14231","","SPAN","Response Drafter Agent","2026-09-12 15:17:13.623000","2026-09-12 15:17:14.623000","","default","","","","DEFAULT","","","","","","","{}","{}","{}","0","{""recommendation_output"":{""recommendation_status"":""PARTIAL_MATCH"",""recommendations"":[{""product_id"":""P007"",""product_name"":""Ergonomic Task Chair"",""price"":""$299.00"",""why_recommended"":""Matches the ergonomic office chair requirement and the budget per chair is approximately $500. The product is in stock, allowing for timely delivery. However, it does not fully address the total quantity of chairs required.""},{""product_id"":""P006"",""product_name"":""Ergonomic Pro Chair"",""price"":""$449.00"",""why_recommended"":""This chair meets the ergonomic specifications and stays within the budget per chair, being in stock for immediate use. However, it also does not ensure the quantity needed.""},{""product_id"":""P008"",""product_name"":""Executive Leather Chair"",""price"":""$599.00"",""why_recommended"":""Available in stock and fits the ergonomic requirement, but it exceeds the budget per chair limit and does not cover the full quantity.""}]}}","{""recommendation_status"":""PARTIAL_MATCH"",""recommendations"":[{""product_id"":""P007"",""product_name"":""Ergonomic Task Chair"",""price"":""$299.00"",""why_recommended"":""Matches the ergonomic office chair requirement and the budget per chair is approximately $500. The product is in stock, allowing for timely delivery. However, it does not fully address the total quantity of chairs required.""},{""product_id"":""P006"",""product_name"":""Ergonomic Pro Chair"",""price"":""$449.00"",""why_recommended"":""This chair meets the ergonomic specifications and stays within the budget per chair, being in stock for immediate use. However, it also does not ensure the quantity needed.""},{""product_id"":""P008"",""product_name"":""Executive Leather Chair"",""price"":""$599.00"",""why_recommended"":""Available in stock and fits the ergonomic requirement, but it exceeds the budget per chair limit and does not cover the full quantity.""}]}","{""evaluation_type"":""Response Drafter Agent"",""execution_id"":""14231"",""agent"":""Response Drafter Agent""}","1000","","[]","","t-14231","[]"
"Product Recommender Agent-14231","14231","","SPAN","Lead Qualifier Agent","2026-09-12 15:17:10.338000","2026-09-12 15:17:11.338000","","default","","","","DEFAULT","","","","","","","{}","{}","{}","0","{""qualification_output"":{""lead_tier"":""HOT"",""is_sales_lead"":1,""qualification_signals"":[""specific product requirement"",""budget provided"",""quantity provided"",""explicit urgency"",""options with pricing"",""options with availability""],""confidence"":""HIGH""}}","{""recommendation_status"":""PARTIAL_MATCH"",""recommendations"":[{""product_id"":""P007"",""product_name"":""Ergonomic Task Chair"",""price"":""$299.00"",""why_recommended"":""Matches the ergonomic office chair requirement and the budget per chair is approximately $500. The product is in stock, allowing for timely delivery. However, it does not fully address the total quantity of chairs required.""},{""product_id"":""P006"",""product_name"":""Ergonomic Pro Chair"",""price"":""$449.00"",""why_recommended"":""This chair meets the ergonomic specifications and stays within the budget per chair, being in stock for immediate use. However, it also does not ensure the quantity needed.""},{""product_id"":""P008"",""product_name"":""Executive Leather Chair"",""price"":""$599.00"",""why_recommended"":""Available in stock and fits the ergonomic requirement, but it exceeds the budget per chair limit and does not cover the full quantity.""}]}","{""evaluation_type"":""Product Recommender Agent"",""execution_id"":""14231"",""agent"":""Product Recommender Agent""}","1000","","[]","","t-14231","[]"
"Lead Qualifier Agent-14231","14231","","SPAN","Lead Qualifier Agent","2026-09-12 15:17:04.321000","2026-09-12 15:17:05.321000","","default","","","","DEFAULT","","","","","","","{}","{}","{}","0","{""email_ingestion_output"":{""customer_name"":""Maria Chen"",""customer_email"":""procurement@bigcorp.com"",""product_interest"":""ergonomic office chairs"",""budget"":""$5,000"",""quantity"":""10"",""urgency"":""By end of month"",""requirements"":[""10 ergonomic office chairs"",""total budget $5,000"",""approximately $500 per chair"",""delivered by end of month"",""options with pricing"",""options with availability""]}}","{""lead_tier"":""HOT"",""is_sales_lead"":1,""qualification_signals"":[""specific product requirement"",""budget provided"",""quantity provided"",""explicit urgency"",""options with pricing"",""options with availability""],""confidence"":""HIGH""}","{""test_id"":""E03"",""evaluation_type"":""Lead Qualifier Agent"",""execution_id"":""14231"",""agent"":""Lead Qualifier Agent""}","1000","","[]","","t-14231","[]"
"email-ingestion-14231","14231","","SPAN","email-ingestion Agent","2026-09-12 15:17:01.976000","2026-09-12 15:17:02.976000","","default","","","","DEFAULT","","","","","","","{}","{}","{}","0","{""inquiry_email"":""From: procurement@bigcorp.com Need 10 ergonomic office chairs. Total budget $5,000 (~$500/chair). Need delivered by end of month. Wants options with pricing and availability. Maria Chen, Procurement Manager, BigCorp Industries.""}","{""customer_name"":""Maria Chen"",""customer_email"":""procurement@bigcorp.com"",""product_interest"":""ergonomic office chairs"",""budget"":""$5,000"",""quantity"":""10"",""urgency"":""By end of month"",""requirements"":[""10 ergonomic office chairs"",""total budget $5,000"",""approximately $500 per chair"",""delivered by end of month"",""options with pricing"",""options with availability""]}","{""evaluation_type"":""email-ingestion"",""execution_id"":""14231"",""agent"":""email-ingestion Agent""}","1000","","[]","","t-14231","[]"
"Response Drafter Agent-14228","14228","","SPAN","Response Drafter Agent","2026-09-12 15:12:25.912000","2026-09-12 15:12:26.912000","","default","","","","DEFAULT","","","","","","","{}","{}","{}","0","{""recommendation_output"":{""recommendation_status"":""PARTIAL_MATCH"",""recommendations"":[{""product_id"":""P002"",""product_name"":""Adjustable Standing Desk Pro"",""price"":""$749.00"",""why_recommended"":""Matches the standing desk requirement, adjustable height, and under $800 budget. The catalog does not confirm the requested dark walnut finish.""},{""product_id"":""P003"",""product_name"":""Adjustable Standing Desk Basic"",""price"":""$449.00"",""why_recommended"":""Meets the standing desk and adjustable height requirements, along with being under the $800 budget. The requested dark walnut finish is not confirmed.""},{""product_id"":""P020"",""product_name"":""Sit-Stand Desk Converter"",""price"":""$279.00"",""why_recommended"":""This product is an adjustable height option that converts an existing desk, fitting within the budget. It does not meet the dark walnut finish requirement.""}]}}","{""recommendation_status"":""PARTIAL_MATCH"",""recommendations"":[{""product_id"":""P002"",""product_name"":""Adjustable Standing Desk Pro"",""price"":""$749.00"",""why_recommended"":""Matches the standing desk requirement, adjustable height, and under $800 budget. The catalog does not confirm the requested dark walnut finish.""},{""product_id"":""P003"",""product_name"":""Adjustable Standing Desk Basic"",""price"":""$449.00"",""why_recommended"":""Meets the standing desk and adjustable height requirements, along with being under the $800 budget. The requested dark walnut finish is not confirmed.""},{""product_id"":""P020"",""product_name"":""Sit-Stand Desk Converter"",""price"":""$279.00"",""why_recommended"":""This product is an adjustable height option that converts an existing desk, fitting within the budget. It does not meet the dark walnut finish requirement.""}]}","{""evaluation_type"":""Response Drafter Agent"",""execution_id"":""14228"",""agent"":""Response Drafter Agent""}","1000","","[]","","t-14228","[]"
"Product Recommender Agent-14228","14228","","SPAN","Lead Qualifier Agent","2026-09-12 15:12:22.520000","2026-09-12 15:12:23.520000","","default","","","","DEFAULT","","","","","","","{}","{}","{}","0","{""qualification_output"":{""lead_tier"":""HOT"",""is_sales_lead"":1,""qualification_signals"":[""specific product requirement"",""budget provided""],""confidence"":""HIGH""}}","{""recommendation_status"":""PARTIAL_MATCH"",""recommendations"":[{""product_id"":""P002"",""product_name"":""Adjustable Standing Desk Pro"",""price"":""$749.00"",""why_recommended"":""Matches the standing desk requirement, adjustable height, and under $800 budget. The catalog does not confirm the requested dark walnut finish.""},{""product_id"":""P003"",""product_name"":""Adjustable Standing Desk Basic"",""price"":""$449.00"",""why_recommended"":""Meets the standing desk and adjustable height requirements, along with being under the $800 budget. The requested dark walnut finish is not confirmed.""},{""product_id"":""P020"",""product_name"":""Sit-Stand Desk Converter"",""price"":""$279.00"",""why_recommended"":""This product is an adjustable height option that converts an existing desk, fitting within the budget. It does not meet the dark walnut finish requirement.""}]}","{""evaluation_type"":""Product Recommender Agent"",""execution_id"":""14228"",""agent"":""Product Recommender Agent""}","1000","","[]","","t-14228","[]"
"Lead Qualifier Agent-14228","14228","","SPAN","Lead Qualifier Agent","2026-09-12 15:12:16.862000","2026-09-12 15:12:17.862000","","default","","","","DEFAULT","","","","","","","{}","{}","{}","0","{""email_ingestion_output"":{""customer_name"":""John Martinez"",""customer_email"":""unknown"",""product_interest"":""standing desk"",""budget"":""$800"",""quantity"":""unknown"",""urgency"":""unknown"",""requirements"":[""dark walnut finish"",""adjustable height"",""under $800"",""works from home full-time"",""quality matters""]}}","{""lead_tier"":""HOT"",""is_sales_lead"":1,""qualification_signals"":[""specific product requirement"",""budget provided""],""confidence"":""HIGH""}","{""test_id"":""E01"",""evaluation_type"":""Lead Qualifier Agent"",""execution_id"":""14228"",""agent"":""Lead Qualifier Agent""}","1000","","[]","","t-14228","[]"
"email-ingestion-14228","14228","","SPAN","email-ingestion Agent","2026-09-12 15:12:14.426000","2026-09-12 15:12:15.426000","","default","","","","DEFAULT","","","","","","","{}","{}","{}","0","{""inquiry_email"":""Looking for a standing desk for home office. Ideally dark walnut finish, adjustable height, under $800. Works from home full-time so quality matters. Asks if anything fits. John Martinez, Director of Engineering, TechCorp.""}","{""customer_name"":""John Martinez"",""customer_email"":""unknown"",""product_interest"":""standing desk"",""budget"":""$800"",""quantity"":""unknown"",""urgency"":""unknown"",""requirements"":[""dark walnut finish"",""adjustable height"",""under $800"",""works from home full-time"",""quality matters""]}","{""evaluation_type"":""email-ingestion"",""execution_id"":""14228"",""agent"":""email-ingestion Agent""}","1000","","[]","","t-14228","[]"
"Response Drafter Agent-14221","14221","","SPAN","Response Drafter Agent","2026-09-12 14:54:10.396000","2026-09-12 14:54:11.396000","","default","","","","DEFAULT","","","","","","","{}","{}","{}","0","{""recommendation_output"":{""recommendation_status"":""PARTIAL_MATCH"",""recommendations"":[{""product_id"":""P002"",""product_name"":""Adjustable Standing Desk Pro"",""price"":""$749.00"",""why_recommended"":""Matches the standing desk requirement and adjustable height feature. The desk is priced at $749, which is under the $800 budget. However, it does not specify a dark walnut finish.""},{""product_id"":""P003"",""product_name"":""Adjustable Standing Desk Basic"",""price"":""$449.00"",""why_recommended"":""Matches the standing desk requirement and adjustable height feature. Priced at $449, this product is within budget. However, it is not noted to be in dark walnut finish.""},{""product_id"":""P020"",""product_name"":""Sit-Stand Desk Converter"",""price"":""$279.00"",""why_recommended"":""This product is an adjustable height desk converter that matches the requirement of working from home. It's priced at $279, under budget, but does not meet the dark walnut finish requirement.""}]}}","{""recommendation_status"":""PARTIAL_MATCH"",""recommendations"":[{""product_id"":""P002"",""product_name"":""Adjustable Standing Desk Pro"",""price"":""$749.00"",""why_recommended"":""Matches the standing desk requirement and adjustable height feature. The desk is priced at $749, which is under the $800 budget. However, it does not specify a dark walnut finish.""},{""product_id"":""P003"",""product_name"":""Adjustable Standing Desk Basic"",""price"":""$449.00"",""why_recommended"":""Matches the standing desk requirement and adjustable height feature. Priced at $449, this product is within budget. However, it is not noted to be in dark walnut finish.""},{""product_id"":""P020"",""product_name"":""Sit-Stand Desk Converter"",""price"":""$279.00"",""why_recommended"":""This product is an adjustable height desk converter that matches the requirement of working from home. It's priced at $279, under budget, but does not meet the dark walnut finish requirement.""}]}","{""evaluation_type"":""Response Drafter Agent"",""execution_id"":""14221"",""agent"":""Response Drafter Agent""}","1000","","[]","","t-14221","[]"
"Product Recommender Agent-14221","14221","","SPAN","Lead Qualifier Agent","2026-09-12 14:54:06.710000","2026-09-12 14:54:07.710000","","default","","","","DEFAULT","","","","","","","{}","{}","{}","0","{""qualification_output"":{""lead_tier"":""HOT"",""is_sales_lead"":1,""qualification_signals"":[""specific product requirement"",""budget provided""],""confidence"":""HIGH""}}","{""recommendation_status"":""PARTIAL_MATCH"",""recommendations"":[{""product_id"":""P002"",""product_name"":""Adjustable Standing Desk Pro"",""price"":""$749.00"",""why_recommended"":""Matches the standing desk requirement and adjustable height feature. The desk is priced at $749, which is under the $800 budget. However, it does not specify a dark walnut finish.""},{""product_id"":""P003"",""product_name"":""Adjustable Standing Desk Basic"",""price"":""$449.00"",""why_recommended"":""Matches the standing desk requirement and adjustable height feature. Priced at $449, this product is within budget. However, it is not noted to be in dark walnut finish.""},{""product_id"":""P020"",""product_name"":""Sit-Stand Desk Converter"",""price"":""$279.00"",""why_recommended"":""This product is an adjustable height desk converter that matches the requirement of working from home. It's priced at $279, under budget, but does not meet the dark walnut finish requirement.""}]}","{""evaluation_type"":""Product Recommender Agent"",""execution_id"":""14221"",""agent"":""Product Recommender Agent""}","1000","","[]","","t-14221","[]"
"Lead Qualifier Agent-14221","14221","","SPAN","Lead Qualifier Agent","2026-09-12 14:54:00.290000","2026-09-12 14:54:01.290000","","default","","","","DEFAULT","","","","","","","{}","{}","{}","0","{""email_ingestion_output"":{""customer_name"":""John Martinez"",""customer_email"":""unknown"",""product_interest"":""standing desk"",""budget"":""$800"",""quantity"":""unknown"",""urgency"":""unknown"",""requirements"":[""dark walnut finish"",""adjustable height"",""under $800"",""works from home full-time"",""quality matters""]}}","{""lead_tier"":""HOT"",""is_sales_lead"":1,""qualification_signals"":[""specific product requirement"",""budget provided""],""confidence"":""HIGH""}","{""test_id"":""E01"",""evaluation_type"":""Lead Qualifier Agent"",""execution_id"":""14221"",""agent"":""Lead Qualifier Agent""}","1000","","[]","","t-14221","[]"
"email-ingestion-14221","14221","","SPAN","email-ingestion Agent","2026-09-12 14:53:58.460000","2026-09-12 14:53:59.460000","","default","","","","DEFAULT","","","","","","","{}","{}","{}","0","{""inquiry_email"":""Looking for a standing desk for home office. Ideally dark walnut finish, adjustable height, under $800. Works from home full-time so quality matters. Asks if anything fits. John Martinez, Director of Engineering, TechCorp.""}","{""customer_name"":""John Martinez"",""customer_email"":""unknown"",""product_interest"":""standing desk"",""budget"":""$800"",""quantity"":""unknown"",""urgency"":""unknown"",""requirements"":[""dark walnut finish"",""adjustable height"",""under $800"",""works from home full-time"",""quality matters""]}","{""evaluation_type"":""email-ingestion"",""execution_id"":""14221"",""agent"":""email-ingestion Agent""}","1000","","[]","","t-14221","[]"
"Product Recommender Agent-14220","14220","","SPAN","Lead Qualifier Agent","2026-09-12 14:51:03.609000","2026-09-12 14:51:04.609000","","default","","","","DEFAULT","","","","","","","{}","{}","{}","0","{""qualification_output"":{""lead_tier"":""HOT"",""is_sales_lead"":1,""qualification_signals"":[""specific product requirement"",""budget provided""],""confidence"":""HIGH""}}","{""recommendation_status"":""PARTIAL_MATCH"",""recommendations"":[{""product_id"":""P002"",""product_name"":""Adjustable Standing Desk Pro"",""price"":""$749.00"",""why_recommended"":""Matches the standing desk requirement and the adjustable height feature. Fits within the $800 budget. However, the dark walnut finish requirement is not met.""},{""product_id"":""P003"",""product_name"":""Adjustable Standing Desk Basic"",""price"":""$449.00"",""why_recommended"":""Also matches the standing desk requirement and adjustable height feature while being under budget. However, it does not fulfill the dark walnut finish requirement.""}]}","{""evaluation_type"":""Product Recommender Agent"",""execution_id"":""14220"",""agent"":""Product Recommender Agent""}","1000","","[]","","t-14220","[]"
"Response Drafter Agent-14219","14219","","SPAN","Response Drafter Agent","2026-09-12 14:49:14.432000","2026-09-12 14:49:15.432000","","default","","","","DEFAULT","","","","","","","{}","{}","{}","0","{""recommendation_output"":{""recommendation_status"":""PARTIAL_MATCH"",""recommendations"":[{""product_id"":""P002"",""product_name"":""Adjustable Standing Desk Pro"",""price"":""$749.00"",""why_recommended"":""Matches the standing desk requirement, adjustable height, and under $800 budget. The catalog does not confirm the requested dark walnut finish.""},{""product_id"":""P003"",""product_name"":""Adjustable Standing Desk Basic"",""price"":""$449.00"",""why_recommended"":""Matches the standing desk requirement, adjustable height, and under $800 budget. The catalog does not confirm the requested dark walnut finish.""}]}}","{""recommendation_status"":""PARTIAL_MATCH"",""recommendations"":[{""product_id"":""P002"",""product_name"":""Adjustable Standing Desk Pro"",""price"":""$749.00"",""why_recommended"":""Matches the standing desk requirement, adjustable height, and under $800 budget. The catalog does not confirm the requested dark walnut finish.""},{""product_id"":""P003"",""product_name"":""Adjustable Standing Desk Basic"",""price"":""$449.00"",""why_recommended"":""Matches the standing desk requirement, adjustable height, and under $800 budget. The catalog does not confirm the requested dark walnut finish.""}]}","{""evaluation_type"":""Response Drafter Agent"",""execution_id"":""14219"",""agent"":""Response Drafter Agent""}","1000","","[]","","t-14219","[]"
"Product Recommender Agent-14219","14219","","SPAN","Lead Qualifier Agent","2026-09-12 14:49:10.912000","2026-09-12 14:49:11.912000","","default","","","","DEFAULT","","","","","","","{}","{}","{}","0","{""qualification_output"":{""lead_tier"":""HOT"",""is_sales_lead"":1,""qualification_signals"":[""specific product requirement"",""budget provided""],""confidence"":""HIGH""}}","{""recommendation_status"":""PARTIAL_MATCH"",""recommendations"":[{""product_id"":""P002"",""product_name"":""Adjustable Standing Desk Pro"",""price"":""$749.00"",""why_recommended"":""Matches the standing desk requirement, adjustable height, and under $800 budget. The catalog does not confirm the requested dark walnut finish.""},{""product_id"":""P003"",""product_name"":""Adjustable Standing Desk Basic"",""price"":""$449.00"",""why_recommended"":""Matches the standing desk requirement, adjustable height, and under $800 budget. The catalog does not confirm the requested dark walnut finish.""}]}","{""evaluation_type"":""Product Recommender Agent"",""execution_id"":""14219"",""agent"":""Product Recommender Agent""}","1000","","[]","","t-14219","[]"
"Lead Qualifier Agent-14219","14219","","SPAN","Lead Qualifier Agent","2026-09-12 14:49:06.588000","2026-09-12 14:49:07.588000","","default","","","","DEFAULT","","","","","","","{}","{}","{}","0","{""email_ingestion_output"":{""customer_name"":""John Martinez"",""customer_email"":""john.martinez@techcorp.com"",""product_interest"":""standing desk"",""budget"":""$800"",""quantity"":""unknown"",""urgency"":""unknown"",""requirements"":[""dark walnut finish"",""adjustable height"",""under $800"",""works from home full-time"",""quality matters""]}}","{""lead_tier"":""HOT"",""is_sales_lead"":1,""qualification_signals"":[""specific product requirement"",""budget provided""],""confidence"":""HIGH""}","{""test_id"":""E01"",""evaluation_type"":""Lead Qualifier Agent"",""execution_id"":""14219"",""agent"":""Lead Qualifier Agent""}","1000","","[]","","t-14219","[]"
"email-ingestion-14219","14219","","SPAN","email-ingestion Agent","2026-09-12 14:49:04.793000","2026-09-12 14:49:05.793000","","default","","","","DEFAULT","","","","","","","{}","{}","{}","0","{""inquiry_email"":""Looking for a standing desk for home office. Ideally dark walnut finish, adjustable height, under $800. Works from home full-time so quality matters. Asks if anything fits. John Martinez, Director of Engineering, TechCorp.""}","{""customer_name"":""John Martinez"",""customer_email"":""john.martinez@techcorp.com"",""product_interest"":""standing desk"",""budget"":""$800"",""quantity"":""unknown"",""urgency"":""unknown"",""requirements"":[""dark walnut finish"",""adjustable height"",""under $800"",""works from home full-time"",""quality matters""]}","{""evaluation_type"":""email-ingestion"",""execution_id"":""14219"",""agent"":""email-ingestion Agent""}","1000","","[]","","t-14219","[]"
"Response Drafter Agent-14217","14217","","SPAN","Response Drafter Agent","2026-09-12 14:45:30.858000","2026-09-12 14:45:31.858000","","default","","","","DEFAULT","","","","","","","{}","{}","{}","0","{""recommendation_output"":{""recommendation_status"":""PARTIAL_MATCH"",""recommendations"":[{""product_id"":""P002"",""product_name"":""Adjustable Standing Desk Pro"",""price"":""$749.00"",""why_recommended"":""Matches the standing desk requirement and is height-adjustable. Priced at $749, it is within budget. The catalog does not confirm the requested dark walnut finish.""},{""product_id"":""P003"",""product_name"":""Adjustable Standing Desk Basic"",""price"":""$449.00"",""why_recommended"":""Matches the standing desk and adjustable height requirement with a manual crank. It is priced at $449, well within budget. However, the finish is unspecified and does not confirm the requested dark walnut.""},{""product_id"":""P020"",""product_name"":""Sit-Stand Desk Converter"",""price"":""$279.00"",""why_recommended"":""Matches the adjustable height requirement as a converter for existing desks. Priced at $279, it is under budget. However, it does not directly fulfill the standing desk requirement and lacks the requested dark walnut finish.""}]}}","{""recommendation_status"":""PARTIAL_MATCH"",""recommendations"":[{""product_id"":""P002"",""product_name"":""Adjustable Standing Desk Pro"",""price"":""$749.00"",""why_recommended"":""Matches the standing desk requirement and is height-adjustable. Priced at $749, it is within budget. The catalog does not confirm the requested dark walnut finish.""},{""product_id"":""P003"",""product_name"":""Adjustable Standing Desk Basic"",""price"":""$449.00"",""why_recommended"":""Matches the standing desk and adjustable height requirement with a manual crank. It is priced at $449, well within budget. However, the finish is unspecified and does not confirm the requested dark walnut.""},{""product_id"":""P020"",""product_name"":""Sit-Stand Desk Converter"",""price"":""$279.00"",""why_recommended"":""Matches the adjustable height requirement as a converter for existing desks. Priced at $279, it is under budget. However, it does not directly fulfill the standing desk requirement and lacks the requested dark walnut finish.""}]}","{""evaluation_type"":""Response Drafter Agent"",""execution_id"":""14217"",""agent"":""Response Drafter Agent""}","1000","","[]","","t-14217","[]"
"Product Recommender Agent-14217","14217","","SPAN","Lead Qualifier Agent","2026-09-12 14:45:26.484000","2026-09-12 14:45:27.484000","","default","","","","DEFAULT","","","","","","","{}","{}","{}","0","{""qualification_output"":{""lead_tier"":""HOT"",""is_sales_lead"":1,""qualification_signals"":[""specific product requirement"",""budget provided""],""confidence"":""HIGH""}}","{""recommendation_status"":""PARTIAL_MATCH"",""recommendations"":[{""product_id"":""P002"",""product_name"":""Adjustable Standing Desk Pro"",""price"":""$749.00"",""why_recommended"":""Matches the standing desk requirement and is height-adjustable. Priced at $749, it is within budget. The catalog does not confirm the requested dark walnut finish.""},{""product_id"":""P003"",""product_name"":""Adjustable Standing Desk Basic"",""price"":""$449.00"",""why_recommended"":""Matches the standing desk and adjustable height requirement with a manual crank. It is priced at $449, well within budget. However, the finish is unspecified and does not confirm the requested dark walnut.""},{""product_id"":""P020"",""product_name"":""Sit-Stand Desk Converter"",""price"":""$279.00"",""why_recommended"":""Matches the adjustable height requirement as a converter for existing desks. Priced at $279, it is under budget. However, it does not directly fulfill the standing desk requirement and lacks the requested dark walnut finish.""}]}","{""evaluation_type"":""Product Recommender Agent"",""execution_id"":""14217"",""agent"":""Product Recommender Agent""}","1000","","[]","","t-14217","[]"
"Lead Qualifier Agent-14217","14217","","SPAN","Lead Qualifier Agent","2026-09-12 14:45:20.680000","2026-09-12 14:45:21.680000","","default","","","","DEFAULT","","","","","","","{}","{}","{}","0","{""email_ingestion_output"":{""customer_name"":""John Martinez"",""customer_email"":""john.martinez@techcorp.com"",""product_interest"":""standing desk"",""budget"":""$800"",""quantity"":""unknown"",""urgency"":""unknown"",""requirements"":[""dark walnut finish"",""adjustable height"",""under $800"",""works from home full-time"",""quality matters""]}}","{""lead_tier"":""HOT"",""is_sales_lead"":1,""qualification_signals"":[""specific product requirement"",""budget provided""],""confidence"":""HIGH""}","{""test_id"":""E01"",""evaluation_type"":""Lead Qualifier Agent"",""execution_id"":""14217"",""agent"":""Lead Qualifier Agent""}","1000","","[]","","t-14217","[]"
"email-ingestion-14217","14217","","SPAN","email-ingestion Agent","2026-09-12 14:45:18.369000","2026-09-12 14:45:19.369000","","default","","","","DEFAULT","","","","","","","{}","{}","{}","0","{""inquiry_email"":""Looking for a standing desk for home office. Ideally dark walnut finish, adjustable height, under $800. Works from home full-time so quality matters. Asks if anything fits. John Martinez, Director of Engineering, TechCorp.""}","{""customer_name"":""John Martinez"",""customer_email"":""john.martinez@techcorp.com"",""product_interest"":""standing desk"",""budget"":""$800"",""quantity"":""unknown"",""urgency"":""unknown"",""requirements"":[""dark walnut finish"",""adjustable height"",""under $800"",""works from home full-time"",""quality matters""]}","{""evaluation_type"":""email-ingestion"",""execution_id"":""14217"",""agent"":""email-ingestion Agent""}","1000","","[]","","t-14217","[]"
"Product Recommender Agent-14216","14216","","SPAN","Lead Qualifier Agent","2026-09-12 14:43:12.689000","2026-09-12 14:43:13.689000","","default","","","","DEFAULT","","","","","","","{}","{}","{}","0","{""qualification_output"":{""lead_tier"":""HOT"",""is_sales_lead"":1,""qualification_signals"":[""specific product requirement"",""budget provided""],""confidence"":""HIGH""}}","{""recommendation_status"":""PARTIAL_MATCH"",""recommendations"":[{""product_id"":""P002"",""product_name"":""Adjustable Standing Desk Pro"",""price"":""$749.00"",""why_recommended"":""Matches the standing desk requirement and adjustable height feature, with an $800 budget fit. The product does not specify a dark walnut finish, which is an important unmet requirement.""},{""product_id"":""P003"",""product_name"":""Adjustable Standing Desk Basic"",""price"":""$449.00"",""why_recommended"":""Matches the standing desk requirement and adjustable height feature, within budget. However, it does not confirm the dark walnut finish and is a manual crank adjustment.""}]}","{""evaluation_type"":""Product Recommender Agent"",""execution_id"":""14216"",""agent"":""Product Recommender Agent""}","1000","","[]","","t-14216","[]"
"Product Recommender Agent-14214","14214","","SPAN","Lead Qualifier Agent","2026-09-12 14:39:18.942000","2026-09-12 14:39:19.942000","","default","","","","DEFAULT","","","","","","","{}","{}","{}","0","{""qualification_output"":{""lead_tier"":""HOT"",""is_sales_lead"":1,""qualification_signals"":[""specific product requirement"",""budget provided""],""confidence"":""HIGH""}}","{""recommendation_status"":""PARTIAL_MATCH"",""recommendations"":[{""product_id"":""P002"",""product_name"":""Adjustable Standing Desk Pro"",""price"":""$749.00"",""why_recommended"":""Matches the standing desk requirement and adjustable height. Priced under $800. However, the dark walnut finish is not confirmed.""},{""product_id"":""P003"",""product_name"":""Adjustable Standing Desk Basic"",""price"":""$449.00"",""why_recommended"":""Matches the standing desk requirement and adjustable height. Priced under $800. However, the dark walnut finish is not confirmed.""}]}","{""evaluation_type"":""Product Recommender Agent"",""execution_id"":""14214"",""agent"":""Product Recommender Agent""}","1000","","[]","","t-14214","[]"
"Product Recommender Agent-14213","14213","","SPAN","Lead Qualifier Agent","2026-09-12 14:35:36.515000","2026-09-12 14:35:37.515000","","default","","","","DEFAULT","","","","","","","{}","{}","{}","0","{""qualification_output"":{""lead_tier"":""HOT"",""is_sales_lead"":1,""qualification_signals"":[""specific product requirement"",""budget provided"",""quantity provided"",""urgent delivery deadline"",""product options inquiry""],""confidence"":""HIGH""}}","{""recommendation_status"":""PARTIAL_MATCH"",""recommendations"":[{""product_id"":""P007"",""product_name"":""Ergonomic Task Chair"",""price"":""$299.00"",""why_recommended"":""Matches the ergonomic office chair requirement and is in stock. The price of $299 is within the budget, allowing for ten chairs within the total budget of $5000. Delivery is indicated to be available by the end of the month.""},{""product_id"":""P006"",""product_name"":""Ergonomic Pro Chair"",""price"":""$449.00"",""why_recommended"":""Matches the ergonomic office chair requirement and is in stock. The price of $449 fits the budget of approximately $500 per chair. Delivery can likely meet the urgency requirement.""},{""product_id"":""P009"",""product_name"":""Basic Office Chair"",""price"":""$149.00"",""why_recommended"":""An economical option under the budget, this chair meets the ergonomic office chair requirement and is readily available. However, it may not provide the same level of ergonomic features as other higher-priced options.""}]}","{""evaluation_type"":""Product Recommender Agent"",""execution_id"":""14213"",""agent"":""Product Recommender Agent""}","1000","","[]","","t-14213","[]"
"Product Recommender Agent-14212","14212","","SPAN","Lead Qualifier Agent","2026-09-12 14:35:15.513000","2026-09-12 14:35:16.513000","","default","","","","DEFAULT","","","","","","","{}","{}","{}","0","{""qualification_output"":{""lead_tier"":""COLD"",""is_sales_lead"":0,""qualification_signals"":[""generic product inquiry""],""confidence"":""LOW""}}","{""recommendation_status"":""INSUFFICIENT_INFORMATION"",""recommendations"":[]}","{""evaluation_type"":""Product Recommender Agent"",""execution_id"":""14212"",""agent"":""Product Recommender Agent""}","1000","","[]","","t-14212","[]"
"Product Recommender Agent-14211","14211","","SPAN","Lead Qualifier Agent","2026-09-12 14:34:54.071000","2026-09-12 14:34:55.071000","","default","","","","DEFAULT","","","","","","","{}","{}","{}","0","{""qualification_output"":{""lead_tier"":""HOT"",""is_sales_lead"":1,""qualification_signals"":[""specific product requirement"",""budget provided"",""urgent delivery deadline""],""confidence"":""HIGH""}}","{""recommendation_status"":""PARTIAL_MATCH"",""recommendations"":[{""product_id"":""P002"",""product_name"":""Adjustable Standing Desk Pro"",""price"":""$749.00"",""why_recommended"":""Matches the standing desk requirement and is adjustable height. It is within budget of $800. The catalog does not confirm the requested dark walnut finish.""},{""product_id"":""P003"",""product_name"":""Adjustable Standing Desk Basic"",""price"":""$449.00"",""why_recommended"":""Also a standing desk with adjustable height, satisfying the requirement. It falls within the budget of $800 but does not meet the dark walnut finish requirement.""}]}","{""evaluation_type"":""Product Recommender Agent"",""execution_id"":""14211"",""agent"":""Product Recommender Agent""}","1000","","[]","","t-14211","[]"
"Product Recommender Agent-14210","14210","","SPAN","Lead Qualifier Agent","2026-09-12 14:33:47.620000","2026-09-12 14:33:48.620000","","default","","","","DEFAULT","","","","","","","{}","{}","{}","0","{""qualification_output"":{""lead_tier"":""HOT"",""is_sales_lead"":1,""qualification_signals"":[""specific product requirement"",""budget provided""],""confidence"":""HIGH""}}","{""recommendation_status"":""PARTIAL_MATCH"",""recommendations"":[{""product_id"":""P002"",""product_name"":""Adjustable Standing Desk Pro"",""price"":""$749.00"",""why_recommended"":""Matches the standing desk requirement and the adjustable height requirement. It is within the $800 budget. However, the dark walnut finish requirement cannot be confirmed as it features a bamboo top.""},{""product_id"":""P003"",""product_name"":""Adjustable Standing Desk Basic"",""price"":""$449.00"",""why_recommended"":""Matches the standing desk requirement and the adjustable height requirement. It is within the budget, but it does not confirm the dark walnut finish and is only available in white and black frames.""}]}","{""evaluation_type"":""Product Recommender Agent"",""execution_id"":""14210"",""agent"":""Product Recommender Agent""}","1000","","[]","","t-14210","[]"
"Product Recommender Agent-14208","14208","","SPAN","Lead Qualifier Agent","2026-09-12 14:32:53.271000","2026-09-12 14:32:54.271000","","default","","","","DEFAULT","","","","","","","{}","{}","{}","0","{""qualification_output"":{""lead_tier"":""HOT"",""is_sales_lead"":1,""qualification_signals"":[""specific product requirement"",""budget provided"",""quantity provided"",""urgent delivery deadline"",""product options inquiry""],""confidence"":""HIGH""}}","{""recommendation_status"":""PARTIAL_MATCH"",""recommendations"":[{""product_id"":""P007"",""product_name"":""Ergonomic Task Chair"",""price"":""$299.00"",""why_recommended"":""Matches the ergonomic office chair requirement, priced at approximately $299, which is within the budget at $5,000 for 10 chairs. In stock and available for delivery by the end of the month.""},{""product_id"":""P006"",""product_name"":""Ergonomic Pro Chair"",""price"":""$449.00"",""why_recommended"":""Matches the ergonomic office chair requirement, priced at $449, which fits within the budget of $500 per chair for 10 chairs. In stock and available for delivery by the end of the month.""},{""product_id"":""P008"",""product_name"":""Executive Leather Chair"",""price"":""$599.00"",""why_recommended"":""Matches the ergonomic office chair requirement, priced at $599 which is above the target price of approximately $500, but still within the overall budget for 10 chairs. In stock and available for delivery by the end of the month.""}]}","{""evaluation_type"":""Product Recommender Agent"",""execution_id"":""14208"",""agent"":""Product Recommender Agent""}","1000","","[]","","t-14208","[]"
"Product Recommender Agent-14207","14207","","SPAN","Lead Qualifier Agent","2026-09-12 14:32:34.576000","2026-09-12 14:32:35.576000","","default","","","","DEFAULT","","","","","","","{}","{}","{}","0","{""qualification_output"":{""lead_tier"":""COLD"",""is_sales_lead"":0,""qualification_signals"":[""generic product inquiry""],""confidence"":""LOW""}}","{""recommendation_status"":""INSUFFICIENT_INFORMATION"",""recommendations"":[]}","{""evaluation_type"":""Product Recommender Agent"",""execution_id"":""14207"",""agent"":""Product Recommender Agent""}","1000","","[]","","t-14207","[]"
"Product Recommender Agent-14206","14206","","SPAN","Lead Qualifier Agent","2026-09-12 14:32:18.131000","2026-09-12 14:32:19.131000","","default","","","","DEFAULT","","","","","","","{}","{}","{}","0","{""qualification_output"":{""lead_tier"":""HOT"",""is_sales_lead"":1,""qualification_signals"":[""specific product requirement"",""budget provided""],""confidence"":""HIGH""}}","{""recommendation_status"":""PARTIAL_MATCH"",""recommendations"":[{""product_id"":""P002"",""product_name"":""Adjustable Standing Desk Pro"",""price"":""$749.00"",""why_recommended"":""Matches the standing desk requirement, adjustable height, and the under $800 budget. However, the catalog does not confirm the requested dark walnut finish.""},{""product_id"":""P003"",""product_name"":""Adjustable Standing Desk Basic"",""price"":""$449.00"",""why_recommended"":""Matches the standing desk requirement and adjustable height, fits within the budget. However, it does not meet the dark walnut finish requirement.""}]}","{""evaluation_type"":""Product Recommender Agent"",""execution_id"":""14206"",""agent"":""Product Recommender Agent""}","1000","","[]","","t-14206","[]"
"Product Recommender Agent-14205","14205","","SPAN","Lead Qualifier Agent","2026-09-12 14:28:10.384000","2026-09-12 14:28:11.384000","","default","","","","DEFAULT","","","","","","","{}","{}","{}","0","{""qualification_output"":{""lead_tier"":""HOT"",""is_sales_lead"":1,""qualification_signals"":[""specific product requirement"",""budget provided"",""quantity provided"",""urgent delivery deadline"",""pricing request"",""availability inquiry""],""confidence"":""HIGH""}}","{""recommendation_status"":""PARTIAL_MATCH"",""recommendations"":[{""product_id"":""P006"",""product_name"":""Ergonomic Pro Chair"",""price"":""$449.00"",""why_recommended"":""Matches the ergonomic office chair requirement, priced at $449 which is within the budget range. There's stock available for immediate delivery. However, it does not satisfy the quantity requirement (10 chairs needed) within the budget.""},{""product_id"":""P007"",""product_name"":""Ergonomic Task Chair"",""price"":""$299.00"",""why_recommended"":""Also meets the ergonomic office chair requirement, priced at $299, aligning with the approximate budget per chair. This product is in stock for immediate delivery, but the total budget for 10 chairs exceeds $5000.""},{""product_id"":""P008"",""product_name"":""Executive Leather Chair"",""price"":""$599.00"",""why_recommended"":""This chair is ergonomic and currently in stock, but at $599, it will considerably strain the budget for 10 chairs.""}]}","{""evaluation_type"":""Product Recommender Agent"",""execution_id"":""14205"",""agent"":""Product Recommender Agent""}","1000","","[]","","t-14205","[]"
"Product Recommender Agent-14204","14204","","SPAN","Lead Qualifier Agent","2026-09-12 14:27:56.131000","2026-09-12 14:27:57.131000","","default","","","","DEFAULT","","","","","","","{}","{}","{}","0","{""qualification_output"":{""lead_tier"":""COLD"",""is_sales_lead"":0,""qualification_signals"":[""generic product inquiry""],""confidence"":""LOW""}}","{""recommendation_status"":""INSUFFICIENT_INFORMATION"",""recommendations"":[]}","{""evaluation_type"":""Product Recommender Agent"",""execution_id"":""14204"",""agent"":""Product Recommender Agent""}","1000","","[]","","t-14204","[]"
"Product Recommender Agent-14203","14203","","SPAN","Lead Qualifier Agent","2026-09-12 14:27:42.459000","2026-09-12 14:27:43.459000","","default","","","","DEFAULT","","","","","","","{}","{}","{}","0","{""qualification_output"":{""lead_tier"":""HOT"",""is_sales_lead"":1,""qualification_signals"":[""specific product requirement"",""budget provided""],""confidence"":""HIGH""}}","{""recommendation_status"":""PARTIAL_MATCH"",""recommendations"":[{""product_id"":""P002"",""product_name"":""Adjustable Standing Desk Pro"",""price"":""$749.00"",""why_recommended"":""Matches the standing desk requirement, is adjustable height, and fits within the $800 budget. However, the catalog does not confirm the requested dark walnut finish.""},{""product_id"":""P003"",""product_name"":""Adjustable Standing Desk Basic"",""price"":""$449.00"",""why_recommended"":""Matches the standing desk requirement and is adjustable height, also within budget. The dark walnut finish is not available.""},{""product_id"":""P020"",""product_name"":""Sit-Stand Desk Converter"",""price"":""$279.00"",""why_recommended"":""Functions as a height-adjustable standing desk and is within budget. However, it does not meet the dark walnut finish requirement.""}]}","{""evaluation_type"":""Product Recommender Agent"",""execution_id"":""14203"",""agent"":""Product Recommender Agent""}","1000","","[]","","t-14203","[]"
"Response Drafter Agent-14201","14201","","SPAN","Response Drafter Agent","2026-09-12 14:26:39.008000","2026-09-12 14:26:40.008000","","default","","","","DEFAULT","","","","","","","{}","{}","{}","0","{""recommendation_output"":{""recommendation_status"":""PARTIAL_MATCH"",""recommendations"":[{""product_id"":""P002"",""product_name"":""Adjustable Standing Desk Pro"",""price"":""$749.00"",""why_recommended"":""Matches the standing desk requirement, adjustable height, and is within budget of $800. However, the finish is not confirmed as dark walnut.""},{""product_id"":""P003"",""product_name"":""Adjustable Standing Desk Basic"",""price"":""$449.00"",""why_recommended"":""This product meets the adjustable height requirement and is within the budget. However, it does not meet the finish requirement and only has a manual crank.""}]}}","{""recommendation_status"":""PARTIAL_MATCH"",""recommendations"":[{""product_id"":""P002"",""product_name"":""Adjustable Standing Desk Pro"",""price"":""$749.00"",""why_recommended"":""Matches the standing desk requirement, adjustable height, and is within budget of $800. However, the finish is not confirmed as dark walnut.""},{""product_id"":""P003"",""product_name"":""Adjustable Standing Desk Basic"",""price"":""$449.00"",""why_recommended"":""This product meets the adjustable height requirement and is within the budget. However, it does not meet the finish requirement and only has a manual crank.""}]}","{""evaluation_type"":""Response Drafter Agent"",""execution_id"":""14201"",""agent"":""Response Drafter Agent""}","1000","","[]","","t-14201","[]"
"Product Recommender Agent-14201","14201","","SPAN","Lead Qualifier Agent","2026-09-12 14:26:30.588000","2026-09-12 14:26:31.588000","","default","","","","DEFAULT","","","","","","","{}","{}","{}","0","{""qualification_output"":{""lead_tier"":""HOT"",""is_sales_lead"":1,""qualification_signals"":[""specific product requirement"",""budget provided"",""quantity provided"",""urgent delivery deadline"",""pricing options inquiry"",""availability options inquiry""],""confidence"":""HIGH""}}","{""recommendation_status"":""PARTIAL_MATCH"",""recommendations"":[{""product_id"":""P007"",""product_name"":""Ergonomic Task Chair"",""price"":""$299.00"",""why_recommended"":""Matches the ergonomic office chair requirement and is in stock. Total cost for 10 chairs is $2,990.00, under the budget. No confirmation on delivery date.""},{""product_id"":""P006"",""product_name"":""Ergonomic Pro Chair"",""price"":""$449.00"",""why_recommended"":""Matches the ergonomic office chair requirement and is in stock. Total cost for 10 chairs is $4,490.00, under the budget. No confirmation on delivery date.""},{""product_id"":""P008"",""product_name"":""Executive Leather Chair"",""price"":""$599.00"",""why_recommended"":""Matches the ergonomic office chair requirement and is in stock. Total cost for 10 chairs is $5,990.00, which exceeds the stated budget.""}]}","{""evaluation_type"":""Product Recommender Agent"",""execution_id"":""14201"",""agent"":""Product Recommender Agent""}","1000","","[]","","t-14201","[]"
"Lead Qualifier Agent-14201","14201","","SPAN","Lead Qualifier Agent","2026-09-12 14:26:20.014000","2026-09-12 14:26:21.014000","","default","","","","DEFAULT","","","","","","","{}","{}","{}","0","{""email_ingestion_output"":{""customer_name"":""Maria Chen"",""customer_email"":""procurement@bigcorp.com"",""product_interest"":""ergonomic office chairs"",""budget"":""$5,000"",""quantity"":""10"",""urgency"":""By end of month"",""requirements"":[""10 ergonomic office chairs"",""total budget $5,000"",""approximately $500 per chair"",""delivered by end of month"",""options with pricing"",""options with availability""]}}","{""lead_tier"":""HOT"",""is_sales_lead"":1,""qualification_signals"":[""specific product requirement"",""budget provided"",""quantity provided"",""urgent delivery deadline"",""pricing options inquiry"",""availability options inquiry""],""confidence"":""HIGH""}","{""test_id"":""E03"",""evaluation_type"":""Lead Qualifier Agent"",""execution_id"":""14201"",""agent"":""Lead Qualifier Agent""}","1000","","[]","","t-14201","[]"
"email-ingestion-14201","14201","","SPAN","email-ingestion Agent","2026-09-12 14:26:15.564000","2026-09-12 14:26:16.564000","","default","","","","DEFAULT","","","","","","","{}","{}","{}","0","{""inquiry_email"":""Hi, I need furniture.""}","{""customer_name"":""unknown"",""customer_email"":""unknown"",""product_interest"":""furniture"",""budget"":""unknown"",""quantity"":""unknown"",""urgency"":""unknown"",""requirements"":[]}","{""evaluation_type"":""email-ingestion"",""execution_id"":""14201"",""agent"":""email-ingestion Agent""}","1000","","[]","","t-14201","[]"
"Response Drafter Agent-14200","14200","","SPAN","Response Drafter Agent","2026-09-12 14:26:00.382000","2026-09-12 14:26:01.382000","","default","","","","DEFAULT","","","","","","","{}","{}","{}","0","{""recommendation_output"":{""recommendation_status"":""PARTIAL_MATCH"",""recommendations"":[{""product_id"":""P007"",""product_name"":""Ergonomic Task Chair"",""price"":""$299.00"",""why_recommended"":""Matches the ergonomic office chair requirement and is available in stock. Price per chair is $299, totaling $2,990 for 10 chairs, which is within the budget. However, it does not confirm features like headrest or extensive lumbar support.""},{""product_id"":""P006"",""product_name"":""Ergonomic Pro Chair"",""price"":""$449.00"",""why_recommended"":""Matches the ergonomic office chair requirement and is available in stock. Price per chair is $449, totaling $4,490 for 10 chairs, which is within the budget. This chair also includes lumbar support and a headrest.""},{""product_id"":""P008"",""product_name"":""Executive Leather Chair"",""price"":""$599.00"",""why_recommended"":""Matches the ergonomic office chair requirement and is available in stock. Price per chair is $599, totaling $5,990 for 10 chairs, which exceeds the budget.""}]}}","{""recommendation_status"":""PARTIAL_MATCH"",""recommendations"":[{""product_id"":""P007"",""product_name"":""Ergonomic Task Chair"",""price"":""$299.00"",""why_recommended"":""Matches the ergonomic office chair requirement and is available in stock. Price per chair is $299, totaling $2,990 for 10 chairs, which is within the budget. However, it does not confirm features like headrest or extensive lumbar support.""},{""product_id"":""P006"",""product_name"":""Ergonomic Pro Chair"",""price"":""$449.00"",""why_recommended"":""Matches the ergonomic office chair requirement and is available in stock. Price per chair is $449, totaling $4,490 for 10 chairs, which is within the budget. This chair also includes lumbar support and a headrest.""},{""product_id"":""P008"",""product_name"":""Executive Leather Chair"",""price"":""$599.00"",""why_recommended"":""Matches the ergonomic office chair requirement and is available in stock. Price per chair is $599, totaling $5,990 for 10 chairs, which exceeds the budget.""}]}","{""evaluation_type"":""Response Drafter Agent"",""execution_id"":""14200"",""agent"":""Response Drafter Agent""}","1000","","[]","","t-14200","[]"
"Product Recommender Agent-14199","14199","","SPAN","Lead Qualifier Agent","2026-09-12 14:23:37.034000","2026-09-12 14:23:38.034000","","default","","","","DEFAULT","","","","","","","{}","{}","{}","0","{""qualification_output"":{""lead_tier"":""HOT"",""is_sales_lead"":1,""qualification_signals"":[""specific product requirement"",""budget provided"",""quantity provided"",""urgent delivery deadline"",""explicit purchase intent"",""pricing options inquiry"",""availability inquiry""],""confidence"":""HIGH""}}","{""recommendation_status"":""PARTIAL_MATCH"",""recommendations"":[{""product_id"":""P007"",""product_name"":""Ergonomic Task Chair"",""price"":""$299.00"",""why_recommended"":""Matches the ergonomic office chair requirement and is available in stock. Price per chair is $299, totaling $2,990 for 10 chairs, which is within the budget. However, it does not confirm features like headrest or extensive lumbar support.""},{""product_id"":""P006"",""product_name"":""Ergonomic Pro Chair"",""price"":""$449.00"",""why_recommended"":""Matches the ergonomic office chair requirement and is available in stock. Price per chair is $449, totaling $4,490 for 10 chairs, which is within the budget. This chair also includes lumbar support and a headrest.""},{""product_id"":""P008"",""product_name"":""Executive Leather Chair"",""price"":""$599.00"",""why_recommended"":""Matches the ergonomic office chair requirement and is available in stock. Price per chair is $599, totaling $5,990 for 10 chairs, which exceeds the budget.""}]}","{""evaluation_type"":""Product Recommender Agent"",""execution_id"":""14199"",""agent"":""Product Recommender Agent""}","1000","","[]","","t-14199","[]"
"Lead Qualifier Agent-14199","14199","","SPAN","Lead Qualifier Agent","2026-09-12 14:23:24.964000","2026-09-12 14:23:25.964000","","default","","","","DEFAULT","","","","","","","{}","{}","{}","0","{""email_ingestion_output"":{""customer_name"":""Maria Chen"",""customer_email"":""procurement@bigcorp.com"",""product_interest"":""ergonomic office chairs"",""budget"":""$5,000"",""quantity"":""10"",""urgency"":""By end of month"",""requirements"":[""10 ergonomic office chairs"",""total budget $5,000"",""approximately $500 per chair"",""delivered by end of month"",""options with pricing"",""options with availability""]}}","{""lead_tier"":""HOT"",""is_sales_lead"":1,""qualification_signals"":[""specific product requirement"",""budget provided"",""quantity provided"",""urgent delivery deadline"",""explicit purchase intent"",""pricing options inquiry"",""availability inquiry""],""confidence"":""HIGH""}","{""test_id"":""E03"",""evaluation_type"":""Lead Qualifier Agent"",""execution_id"":""14199"",""agent"":""Lead Qualifier Agent""}","1000","","[]","","t-14199","[]"
"email-ingestion-14199","14199","","SPAN","email-ingestion Agent","2026-09-12 14:23:20.102000","2026-09-12 14:23:21.102000","","default","","","","DEFAULT","","","","","","","{}","{}","{}","0","{""inquiry_email"":""From: procurement@bigcorp.com Need 10 ergonomic office chairs. Total budget $5,000 (~$500/chair). Need delivered by end of month. Wants options with pricing and availability. Maria Chen, Procurement Manager, BigCorp Industries.""}","{""customer_name"":""Maria Chen"",""customer_email"":""procurement@bigcorp.com"",""product_interest"":""ergonomic office chairs"",""budget"":""$5,000"",""quantity"":""10"",""urgency"":""By end of month"",""requirements"":[""10 ergonomic office chairs"",""total budget $5,000"",""approximately $500 per chair"",""delivered by end of month"",""options with pricing"",""options with availability""]}","{""evaluation_type"":""email-ingestion"",""execution_id"":""14199"",""agent"":""email-ingestion Agent""}","1000","","[]","","t-14199","[]"
"Product Recommender Agent-14198","14198","","SPAN","Lead Qualifier Agent","2026-09-12 14:22:26.008000","2026-09-12 14:22:27.008000","","default","","","","DEFAULT","","","","","","","{}","{}","{}","0","{""qualification_output"":{""lead_tier"":""HOT"",""is_sales_lead"":1,""qualification_signals"":[""specific product requirement"",""budget provided"",""quantity provided"",""urgent delivery deadline"",""options with pricing"",""options with availability""],""confidence"":""HIGH""}}","{""recommendation_status"":""PARTIAL_MATCH"",""recommendations"":[{""product_id"":""P006"",""product_name"":""Ergonomic Pro Chair"",""price"":""$449.00"",""why_recommended"":""Matches the ergonomic office chair requirement and is available in stock. The price of $449.00 allows for approximately 11 chairs within the total budget, but the total price exceeds the stated budget of $5,000.""},{""product_id"":""P007"",""product_name"":""Ergonomic Task Chair"",""price"":""$299.00"",""why_recommended"":""Matches the ergonomic office chair requirement and is available in stock. The price of $299.00 would allow for 16 chairs within the total budget, but the total price exceeds the stated budget of $5,000.""},{""product_id"":""P008"",""product_name"":""Executive Leather Chair"",""price"":""$599.00"",""why_recommended"":""This premium option is available in stock and provides ergonomic support. The price of $599.00 allows for 8 chairs, but the total price exceeds the stated budget.""}]}","{""evaluation_type"":""Product Recommender Agent"",""execution_id"":""14198"",""agent"":""Product Recommender Agent""}","1000","","[]","","t-14198","[]"
"Product Recommender Agent-14197","14197","","SPAN","Lead Qualifier Agent","2026-09-12 14:22:06.207000","2026-09-12 14:22:07.208000","","default","","","","DEFAULT","","","","","","","{}","{}","{}","0","{""qualification_output"":{""lead_tier"":""COLD"",""is_sales_lead"":0,""qualification_signals"":[""generic product inquiry""],""confidence"":""LOW""}}","{""recommendation_status"":""INSUFFICIENT_INFORMATION"",""recommendations"":[]}","{""evaluation_type"":""Product Recommender Agent"",""execution_id"":""14197"",""agent"":""Product Recommender Agent""}","1001","","[]","","t-14197","[]"
"Product Recommender Agent-14196","14196","","SPAN","Lead Qualifier Agent","2026-09-12 14:21:51.889000","2026-09-12 14:21:52.889000","","default","","","","DEFAULT","","","","","","","{}","{}","{}","0","{""qualification_output"":{""lead_tier"":""HOT"",""is_sales_lead"":1,""qualification_signals"":[""specific product requirement"",""budget provided""],""confidence"":""HIGH""}}","{""recommendation_status"":""PARTIAL_MATCH"",""recommendations"":[{""product_id"":""P002"",""product_name"":""Adjustable Standing Desk Pro"",""price"":""$749.00"",""why_recommended"":""Matches the standing desk requirement, adjustable height feature, and is within the budget of $800. However, the dark walnut finish is not confirmed in the specifications.""},{""product_id"":""P003"",""product_name"":""Adjustable Standing Desk Basic"",""price"":""$449.00"",""why_recommended"":""This product also meets the standing desk and adjustable height requirements, and falls under the $800 budget. Nonetheless, it lacks confirmation on the dark walnut finish.""}]}","{""evaluation_type"":""Product Recommender Agent"",""execution_id"":""14196"",""agent"":""Product Recommender Agent""}","1000","","[]","","t-14196","[]"
"email-ingestion-14174","14174","","SPAN","email-ingestion Agent","2026-09-12 14:05:55.876000","2026-09-12 14:05:56.876000","","default","","","","DEFAULT","","","","","","","{}","{}","{}","0","{""inquiry_email"":""Hi, I need furniture.""}","{""customer_name"":""unknown"",""customer_email"":""unknown"",""product_interest"":""furniture"",""budget"":""unknown"",""quantity"":""unknown"",""urgency"":""unknown"",""requirements"":[]}","{""evaluation_type"":""email-ingestion"",""execution_id"":""14174"",""agent"":""email-ingestion Agent""}","1000","","[]","","t-14174","[]"
"Product Recommender Agent-14159","14159","","SPAN","Lead Qualifier Agent","2026-09-12 13:45:44.102000","2026-09-12 13:45:45.102000","","default","","","","DEFAULT","","","","","","","{}","{}","{}","0","{""qualification_output"":{""lead_tier"":""COLD"",""is_sales_lead"":0,""qualification_signals"":[""generic product inquiry""],""confidence"":""LOW""}}","{""recommendation_status"":""INSUFFICIENT_INFORMATION"",""recommendations"":[]}","{""evaluation_type"":""Product Recommender Agent"",""execution_id"":""14159"",""agent"":""Product Recommender Agent""}","1000","","[]","","t-14159","[]"
"Product Recommender Agent-14158","14158","","SPAN","Lead Qualifier Agent","2026-09-12 13:45:21.136000","2026-09-12 13:45:22.136000","","default","","","","DEFAULT","","","","","","","{}","{}","{}","0","{""qualification_output"":{""lead_tier"":""HOT"",""is_sales_lead"":1,""qualification_signals"":[""specific product requirement"",""budget provided""],""confidence"":""HIGH""}}","{""recommendation_status"":""PARTIAL_MATCH"",""recommendations"":[{""product_id"":""P002"",""product_name"":""Adjustable Standing Desk Pro"",""price"":""749.00"",""why_recommended"":""Matches the standing desk requirement, adjustable height, and budget under $800. The product does not confirm the requested dark walnut finish.""},{""product_id"":""P003"",""product_name"":""Adjustable Standing Desk Basic"",""price"":""449.00"",""why_recommended"":""Matches the standing desk requirement, adjustable height, and is within budget. However, it does not confirm the requested dark walnut finish.""}]}","{""evaluation_type"":""Product Recommender Agent"",""execution_id"":""14158"",""agent"":""Product Recommender Agent""}","1000","","[]","","t-14158","[]"
"Product Recommender Agent-14156","14156","","SPAN","Lead Qualifier Agent","2026-09-12 13:37:54.252000","2026-09-12 13:37:55.252000","","default","","","","DEFAULT","","","","","","","{}","{}","{}","0","{""qualification_output"":{""lead_tier"":""HOT"",""is_sales_lead"":1,""qualification_signals"":[""specific product requirement"",""budget provided"",""quantity provided"",""urgent delivery deadline"",""product options inquiry""],""confidence"":""HIGH""}}","{""recommendation_status"":""PARTIAL_MATCH"",""recommendations"":[{""product_id"":""P006"",""product_name"":""Ergonomic Pro Chair"",""price"":""$449.00"",""why_recommended"":""Matches the ergonomic office chair requirement and is in stock. Price per chair is $449, allowing for 11 chairs within the budget. However, only 10 are needed.""},{""product_id"":""P007"",""product_name"":""Ergonomic Task Chair"",""price"":""$299.00"",""why_recommended"":""Meets the ergonomic office chair requirement and is in stock. At $299 per chair, you can buy 16 chairs within the budget, but only 10 are required.""},{""product_id"":""P008"",""product_name"":""Executive Leather Chair"",""price"":""$599.00"",""why_recommended"":""Also meets the ergonomic office chair requirement and is in stock. Each chair is priced at $599, allowing for 8 chairs to be bought within the budget of $5,000.""}]}","{""evaluation_type"":""Product Recommender Agent"",""execution_id"":""14156"",""agent"":""Product Recommender Agent""}","1000","","[]","","t-14156","[]"
"Product Recommender Agent-14155","14155","","SPAN","Lead Qualifier Agent","2026-09-12 13:37:36.089000","2026-09-12 13:37:37.089000","","default","","","","DEFAULT","","","","","","","{}","{}","{}","0","{""qualification_output"":{""lead_tier"":""COLD"",""is_sales_lead"":0,""qualification_signals"":[""generic product inquiry""],""confidence"":""MEDIUM""}}","{""recommendation_status"":""INSUFFICIENT_INFORMATION"",""recommendations"":[]}","{""evaluation_type"":""Product Recommender Agent"",""execution_id"":""14155"",""agent"":""Product Recommender Agent""}","1000","","[]","","t-14155","[]"
"Product Recommender Agent-14154","14154","","SPAN","Lead Qualifier Agent","2026-09-12 13:37:21.308000","2026-09-12 13:37:22.308000","","default","","","","DEFAULT","","","","","","","{}","{}","{}","0","{""qualification_output"":{""lead_tier"":""HOT"",""is_sales_lead"":1,""qualification_signals"":[""specific product requirement"",""budget provided""],""confidence"":""HIGH""}}","{""recommendation_status"":""PARTIAL_MATCH"",""recommendations"":[{""product_id"":""P002"",""product_name"":""Adjustable Standing Desk Pro"",""price"":""$749.00"",""why_recommended"":""Matches the standing desk requirement, adjustable height, and $800 budget. The catalog does not confirm the requested dark walnut finish.""},{""product_id"":""P003"",""product_name"":""Adjustable Standing Desk Basic"",""price"":""$449.00"",""why_recommended"":""Matches the standing desk requirement and adjustable height, available under $800. The dark walnut finish is not confirmed, and the manual height adjustment may not align with your quality preference.""}]}","{""evaluation_type"":""Product Recommender Agent"",""execution_id"":""14154"",""agent"":""Product Recommender Agent""}","1000","","[]","","t-14154","[]"
"Product Recommender Agent-14153","14153","","SPAN","Lead Qualifier Agent","2026-09-12 13:36:15.195000","2026-09-12 13:36:16.195000","","default","","","","DEFAULT","","","","","","","{}","{}","{}","0","{""qualification_output"":{""lead_tier"":""HOT"",""is_sales_lead"":1,""qualification_signals"":[""specific product requirement"",""budget provided""],""confidence"":""HIGH""}}","{""recommendation_status"":""PARTIAL_MATCH"",""recommendations"":[{""product_id"":""P002"",""product_name"":""Adjustable Standing Desk Pro"",""price"":""$749.00"",""why_recommended"":""Matches the standing desk requirement, adjustable height, and $800 budget. The catalog does not confirm the requested dark walnut finish.""},{""product_id"":""P003"",""product_name"":""Adjustable Standing Desk Basic"",""price"":""$449.00"",""why_recommended"":""Matches the standing desk requirement and adjustable height. Priced under the budget but does not confirm the dark walnut finish.""}]}","{""evaluation_type"":""Product Recommender Agent"",""execution_id"":""14153"",""agent"":""Product Recommender Agent""}","1000","","[]","","t-14153","[]"
"Product Recommender Agent-14146","14146","","SPAN","Lead Qualifier Agent","2026-09-12 12:52:53.719000","2026-09-12 12:52:54.719000","","default","","","","DEFAULT","","","","","","","{}","{}","{}","0","{""qualification_output"":{""lead_tier"":""HOT"",""is_sales_lead"":1,""qualification_signals"":[""specific product requirement"",""budget provided"",""quantity provided"",""urgent delivery deadline"",""product options inquiry""],""confidence"":""HIGH""}}","{""recommendation_status"":""PARTIAL_MATCH"",""recommendations"":[{""product_id"":""P006"",""product_name"":""Ergonomic Pro Chair"",""price"":""$449.00"",""why_recommended"":""Matches the ergonomic office chair requirement and is available in stock. The product price of $449 allows for purchasing 10 within the total budget. However, the unknown delivery timeframe needs to be confirmed.""},{""product_id"":""P007"",""product_name"":""Ergonomic Task Chair"",""price"":""$299.00"",""why_recommended"":""Also matches the ergonomic office chair requirement and is in stock. The product price of $299 allows for purchasing 10 within the budget of $5,000. Delivery timeframe is also unknown and needs confirmation.""},{""product_id"":""P008"",""product_name"":""Executive Leather Chair"",""price"":""$599.00"",""why_recommended"":""This chair is available, matches the ergonomic requirement, and could fit the budget if considered individually, allowing for a total within the budget. However, it exceeds the per-chair price target.""}]}","{""evaluation_type"":""Product Recommender Agent"",""execution_id"":""14146"",""agent"":""Product Recommender Agent""}","1000","","[]","","t-14146","[]"
"Product Recommender Agent-14145","14145","","SPAN","Lead Qualifier Agent","2026-09-12 12:52:32.903000","2026-09-12 12:52:33.903000","","default","","","","DEFAULT","","","","","","","{}","{}","{}","0","{""qualification_output"":{""lead_tier"":""COLD"",""is_sales_lead"":0,""qualification_signals"":[],""confidence"":""LOW""}}","{""recommendation_status"":""INSUFFICIENT_INFORMATION"",""recommendations"":[]}","{""evaluation_type"":""Product Recommender Agent"",""execution_id"":""14145"",""agent"":""Product Recommender Agent""}","1000","","[]","","t-14145","[]"
"Product Recommender Agent-14144","14144","","SPAN","Lead Qualifier Agent","2026-09-12 12:52:14.345000","2026-09-12 12:52:15.345000","","default","","","","DEFAULT","","","","","","","{}","{}","{}","0","{""qualification_output"":{""lead_tier"":""HOT"",""is_sales_lead"":1,""qualification_signals"":[""specific product requirement"",""budget provided""],""confidence"":""HIGH""}}","{""recommendation_status"":""PARTIAL_MATCH"",""recommendations"":[{""product_id"":""P002"",""product_name"":""Adjustable Standing Desk Pro"",""price"":""$749.00"",""why_recommended"":""Matches the standing desk requirement, is adjustable height, and fits within the $800 budget. The catalog does not confirm the requested dark walnut finish.""},{""product_id"":""P003"",""product_name"":""Adjustable Standing Desk Basic"",""price"":""$449.00"",""why_recommended"":""This product meets the standing desk requirement, is adjustable height, and is under the $800 budget. However, it does not confirm the requested dark walnut finish.""}]}","{""evaluation_type"":""Product Recommender Agent"",""execution_id"":""14144"",""agent"":""Product Recommender Agent""}","1000","","[]","","t-14144","[]"
"Product Recommender Agent-14138","14138","","SPAN","Lead Qualifier Agent","2026-09-12 12:40:55.148000","2026-09-12 12:40:56.148000","","default","","","","DEFAULT","","","","","","","{}","{}","{}","0","{""qualification_output"":{""lead_tier"":""HOT"",""is_sales_lead"":1,""qualification_signals"":[""specific product requirement"",""budget provided"",""quantity provided"",""urgent delivery deadline"",""pricing options inquiry"",""availability options inquiry""],""confidence"":""HIGH""}}","{""lead_tier"":""HOT"",""is_sales_lead"":1,""qualification_signals"":[""specific product requirement"",""budget provided"",""quantity provided"",""urgent delivery deadline"",""pricing options inquiry"",""availability options inquiry""],""confidence"":""HIGH""}","{""evaluation_type"":""Product Recommender Agent"",""execution_id"":""14138"",""agent"":""Product Recommender Agent""}","1000","","[]","","t-14138","[]"
"Product Recommender Agent-14137","14137","","SPAN","Lead Qualifier Agent","2026-09-12 12:40:27.211000","2026-09-12 12:40:28.211000","","default","","","","DEFAULT","","","","","","","{}","{}","{}","0","{""qualification_output"":{""lead_tier"":""COLD"",""is_sales_lead"":0,""qualification_signals"":[""generic product inquiry""],""confidence"":""LOW""}}","{""lead_tier"":""COLD"",""is_sales_lead"":0,""qualification_signals"":[""generic product inquiry""],""confidence"":""LOW""}","{""evaluation_type"":""Product Recommender Agent"",""execution_id"":""14137"",""agent"":""Product Recommender Agent""}","1000","","[]","","t-14137","[]"
"Product Recommender Agent-14136","14136","","SPAN","Lead Qualifier Agent","2026-09-12 12:40:10.449000","2026-09-12 12:40:11.449000","","default","","","","DEFAULT","","","","","","","{}","{}","{}","0","{""qualification_output"":{""lead_tier"":""HOT"",""is_sales_lead"":1,""qualification_signals"":[""specific product requirement"",""budget provided""],""confidence"":""HIGH""}}","{""lead_tier"":""HOT"",""is_sales_lead"":1,""qualification_signals"":[""specific product requirement"",""budget provided""],""confidence"":""HIGH""}","{""evaluation_type"":""Product Recommender Agent"",""execution_id"":""14136"",""agent"":""Product Recommender Agent""}","1000","","[]","","t-14136","[]"
"Product Recommender Agent-14134","14134","","SPAN","Lead Qualifier Agent","2026-09-12 12:34:51.551000","2026-09-12 12:34:52.552000","","default","","","","DEFAULT","","","","","","","{}","{}","{}","0","{""qualification_output"":{""lead_tier"":""HOT"",""is_sales_lead"":1,""qualification_signals"":[""specific product requirement"",""budget provided"",""quantity provided"",""urgent delivery deadline"",""pricing request"",""availability inquiry""],""confidence"":""HIGH""}}","{""lead_tier"":""HOT"",""is_sales_lead"":1,""qualification_signals"":[""specific product requirement"",""budget provided"",""quantity provided"",""urgent delivery deadline"",""pricing request"",""availability inquiry""],""confidence"":""HIGH""}","{""evaluation_type"":""Product Recommender Agent"",""execution_id"":""14134"",""agent"":""Product Recommender Agent""}","1001","","[]","","t-14134","[]"
"Product Recommender Agent-14133","14133","","SPAN","Lead Qualifier Agent","2026-09-12 12:34:32.231000","2026-09-12 12:34:33.231000","","default","","","","DEFAULT","","","","","","","{}","{}","{}","0","{""qualification_output"":{""lead_tier"":""COLD"",""is_sales_lead"":0,""qualification_signals"":[],""confidence"":""LOW""}}","{""lead_tier"":""COLD"",""is_sales_lead"":0,""qualification_signals"":[],""confidence"":""LOW""}","{""evaluation_type"":""Product Recommender Agent"",""execution_id"":""14133"",""agent"":""Product Recommender Agent""}","1000","","[]","","t-14133","[]"
"Product Recommender Agent-14132","14132","","SPAN","Lead Qualifier Agent","2026-09-12 12:34:14.889000","2026-09-12 12:34:15.889000","","default","","","","DEFAULT","","","","","","","{}","{}","{}","0","{""qualification_output"":{""lead_tier"":""HOT"",""is_sales_lead"":1,""qualification_signals"":[""specific product requirement"",""budget provided""],""confidence"":""HIGH""}}","{""lead_tier"":""HOT"",""is_sales_lead"":1,""qualification_signals"":[""specific product requirement"",""budget provided""],""confidence"":""HIGH""}","{""evaluation_type"":""Product Recommender Agent"",""execution_id"":""14132"",""agent"":""Product Recommender Agent""}","1000","","[]","","t-14132","[]"
"Product Recommender Agent-14131","14131","","SPAN","Lead Qualifier Agent","2026-09-12 12:28:02.978000","2026-09-12 12:28:03.978000","","default","","","","DEFAULT","","","","","","","{}","{}","{}","0","{""qualification_output"":{""lead_tier"":""HOT"",""is_sales_lead"":1,""qualification_signals"":[""specific product requirement"",""budget provided"",""quantity provided"",""urgent delivery deadline"",""options with pricing"",""options with availability""],""confidence"":""HIGH""}}","{""lead_tier"":""HOT"",""is_sales_lead"":1,""qualification_signals"":[""specific product requirement"",""budget provided"",""quantity provided"",""urgent delivery deadline"",""options with pricing"",""options with availability""],""confidence"":""HIGH""}","{""evaluation_type"":""Product Recommender Agent"",""execution_id"":""14131"",""agent"":""Product Recommender Agent""}","1000","","[]","","t-14131","[]"
"Product Recommender Agent-14130","14130","","SPAN","Lead Qualifier Agent","2026-09-12 12:27:50.456000","2026-09-12 12:27:51.456000","","default","","","","DEFAULT","","","","","","","{}","{}","{}","0","{""qualification_output"":{""lead_tier"":""COLD"",""is_sales_lead"":0,""qualification_signals"":[""generic product inquiry""],""confidence"":""LOW""}}","{""lead_tier"":""COLD"",""is_sales_lead"":0,""qualification_signals"":[""generic product inquiry""],""confidence"":""LOW""}","{""evaluation_type"":""Product Recommender Agent"",""execution_id"":""14130"",""agent"":""Product Recommender Agent""}","1000","","[]","","t-14130","[]"
"Product Recommender Agent-14129","14129","","SPAN","Lead Qualifier Agent","2026-09-12 12:27:38.872000","2026-09-12 12:27:39.872000","","default","","","","DEFAULT","","","","","","","{}","{}","{}","0","{""qualification_output"":{""lead_tier"":""HOT"",""is_sales_lead"":1,""qualification_signals"":[""specific product requirement"",""budget provided""],""confidence"":""HIGH""}}","{""lead_tier"":""HOT"",""is_sales_lead"":1,""qualification_signals"":[""specific product requirement"",""budget provided""],""confidence"":""HIGH""}","{""evaluation_type"":""Product Recommender Agent"",""execution_id"":""14129"",""agent"":""Product Recommender Agent""}","1000","","[]","","t-14129","[]"
"Product Recommender Agent-14128","14128","","SPAN","Lead Qualifier Agent","2026-09-12 12:27:12.405000","2026-09-12 12:27:13.405000","","default","","","","DEFAULT","","","","","","","{}","{}","{}","0","{""qualification_output"":{""lead_tier"":""HOT"",""is_sales_lead"":1,""qualification_signals"":[""specific product requirement"",""budget provided"",""quantity provided"",""urgent delivery deadline"",""product options inquiry""],""confidence"":""HIGH""}}","{""lead_tier"":""HOT"",""is_sales_lead"":1,""qualification_signals"":[""specific product requirement"",""budget provided"",""quantity provided"",""urgent delivery deadline"",""product options inquiry""],""confidence"":""HIGH""}","{""evaluation_type"":""Product Recommender Agent"",""execution_id"":""14128"",""agent"":""Product Recommender Agent""}","1000","","[]","","t-14128","[]"
"Product Recommender Agent-14126","14126","","SPAN","Lead Qualifier Agent","2026-09-12 12:26:49.894000","2026-09-12 12:26:50.894000","","default","","","","DEFAULT","","","","","","","{}","{}","{}","0","{""qualification_output"":{""lead_tier"":""HOT"",""is_sales_lead"":1,""qualification_signals"":[""specific product requirement"",""budget provided""],""confidence"":""HIGH""}}","{""lead_tier"":""HOT"",""is_sales_lead"":1,""qualification_signals"":[""specific product requirement"",""budget provided""],""confidence"":""HIGH""}","{""evaluation_type"":""Product Recommender Agent"",""execution_id"":""14126"",""agent"":""Product Recommender Agent""}","1000","","[]","","t-14126","[]"
"Product Recommender Agent-14125","14125","","SPAN","Lead Qualifier Agent","2026-09-12 12:25:53.374000","2026-09-12 12:25:54.374000","","default","","","","DEFAULT","","","","","","","{}","{}","{}","0","{""qualification_output"":{""lead_tier"":""HOT"",""is_sales_lead"":1,""qualification_signals"":[""specific product requirement"",""budget provided""],""confidence"":""HIGH""}}","{""lead_tier"":""HOT"",""is_sales_lead"":1,""qualification_signals"":[""specific product requirement"",""budget provided""],""confidence"":""HIGH""}","{""evaluation_type"":""Product Recommender Agent"",""execution_id"":""14125"",""agent"":""Product Recommender Agent""}","1000","","[]","","t-14125","[]"
"Product Recommender Agent-14119","14119","","SPAN","Lead Qualifier Agent","2026-09-12 12:20:02.968000","2026-09-12 12:20:03.968000","","default","","","","DEFAULT","","","","","","","{}","{}","{}","0","{""qualification_output"":{""lead_tier"":""COLD"",""is_sales_lead"":0,""qualification_signals"":[""generic product inquiry""],""confidence"":""LOW""}}","{""lead_tier"":""COLD"",""is_sales_lead"":0,""qualification_signals"":[""generic product inquiry""],""confidence"":""LOW""}","{""test_id"":""E02"",""evaluation_type"":""Product Recommender Agent"",""execution_id"":""14119"",""agent"":""Product Recommender Agent""}","1000","","[]","","t-14119","[]"
"Lead Qualifier Agent-14119","14119","","SPAN","Lead Qualifier Agent","2026-09-12 12:19:51.759000","2026-09-12 12:19:52.759000","","default","","","","DEFAULT","","","","","","","{}","{}","{}","0","{""email_ingestion_output"":{""customer_name"":""unknown"",""customer_email"":""unknown"",""product_interest"":""furniture"",""budget"":""unknown"",""quantity"":""unknown"",""urgency"":""unknown"",""requirements"":[]}}","{""lead_tier"":""COLD"",""is_sales_lead"":0,""qualification_signals"":[""generic product inquiry""],""confidence"":""LOW""}","{""test_id"":""E02"",""evaluation_type"":""Lead Qualifier Agent"",""execution_id"":""14119"",""agent"":""Lead Qualifier Agent""}","1000","","[]","","t-14119","[]"
"email-ingestion-14119","14119","","SPAN","email-ingestion Agent","2026-09-12 12:19:47.349000","2026-09-12 12:19:48.349000","","default","","","","DEFAULT","","","","","","","{}","{}","{}","0","{""inquiry_email"":""From: procurement@bigcorp.com Need 10 ergonomic office chairs. Total budget $5,000 (~$500/chair). Need delivered by end of month. Wants options with pricing and availability. Maria Chen, Procurement Manager, BigCorp Industries.""}","{""customer_name"":""Maria Chen"",""customer_email"":""procurement@bigcorp.com"",""product_interest"":""ergonomic office chairs"",""budget"":""$5,000"",""quantity"":""10"",""urgency"":""By end of month"",""requirements"":[""10 ergonomic office chairs"",""total budget $5,000"",""approximately $500 per chair"",""delivered by end of month"",""options with pricing"",""options with availability""]}","{""evaluation_type"":""email-ingestion"",""execution_id"":""14119"",""agent"":""email-ingestion Agent""}","1000","","[]","","t-14119","[]"
"Product Recommender Agent-14117","14117","","SPAN","Lead Qualifier Agent","2026-09-12 12:18:35.387000","2026-09-12 12:18:36.387000","","default","","","","DEFAULT","","","","","","","{}","{}","{}","0","{""qualification_output"":{""lead_tier"":""COLD"",""is_sales_lead"":0,""qualification_signals"":[""generic product inquiry""],""confidence"":""LOW""}}","{""lead_tier"":""COLD"",""is_sales_lead"":0,""qualification_signals"":[""generic product inquiry""],""confidence"":""LOW""}","{""test_id"":""E02"",""evaluation_type"":""Product Recommender Agent"",""execution_id"":""14117"",""agent"":""Product Recommender Agent""}","1000","","[]","","t-14117","[]"
"Lead Qualifier Agent-14117","14117","","SPAN","Lead Qualifier Agent","2026-09-12 12:18:25.037000","2026-09-12 12:18:26.037000","","default","","","","DEFAULT","","","","","","","{}","{}","{}","0","{""email_ingestion_output"":{""customer_name"":""John Martinez"",""customer_email"":""john.martinez@techcorp.com"",""product_interest"":""standing desk"",""budget"":""$800"",""quantity"":""unknown"",""urgency"":""unknown"",""requirements"":[""dark walnut finish"",""adjustable height"",""under $800"",""works from home full-time"",""quality matters""]}}","{""lead_tier"":""HOT"",""is_sales_lead"":1,""qualification_signals"":[""specific product requirement"",""budget provided"",""multiple concrete product requirements""],""confidence"":""HIGH""}","{""test_id"":""E01"",""evaluation_type"":""Lead Qualifier Agent"",""execution_id"":""14117"",""agent"":""Lead Qualifier Agent""}","1000","","[]","","t-14117","[]"
"email-ingestion-14117","14117","","SPAN","email-ingestion Agent","2026-09-12 12:18:20.636000","2026-09-12 12:18:21.636000","","default","","","","DEFAULT","","","","","","","{}","{}","{}","0","{""inquiry_email"":""From: procurement@bigcorp.com Need 10 ergonomic office chairs. Total budget $5,000 (~$500/chair). Need delivered by end of month. Wants options with pricing and availability. Maria Chen, Procurement Manager, BigCorp Industries.""}","{""customer_name"":""Maria Chen"",""customer_email"":""procurement@bigcorp.com"",""product_interest"":""ergonomic office chairs"",""budget"":""$5,000"",""quantity"":""10"",""urgency"":""By end of month"",""requirements"":[""10 ergonomic office chairs"",""total budget $5,000"",""approximately $500 per chair"",""delivered by end of month"",""options with pricing"",""options with availability""]}","{""evaluation_type"":""email-ingestion"",""execution_id"":""14117"",""agent"":""email-ingestion Agent""}","1000","","[]","","t-14117","[]"
"Product Recommender Agent-14116","14116","","SPAN","Lead Qualifier Agent","2026-09-12 12:17:06.091000","2026-09-12 12:17:07.091000","","default","","","","DEFAULT","","","","","","","{}","{}","{}","0","{""qualification_output"":{""lead_tier"":""HOT"",""is_sales_lead"":1,""qualification_signals"":[""specific product requirement"",""budget provided""],""confidence"":""HIGH""}}","{""lead_tier"":""HOT"",""is_sales_lead"":1,""qualification_signals"":[""specific product requirement"",""budget provided""],""confidence"":""HIGH""}","{""test_id"":""E01"",""evaluation_type"":""Product Recommender Agent"",""execution_id"":""14116"",""agent"":""Product Recommender Agent""}","1000","","[]","","t-14116","[]"
"Lead Qualifier Agent-14116","14116","","SPAN","Lead Qualifier Agent","2026-09-12 12:16:59.530000","2026-09-12 12:17:00.530000","","default","","","","DEFAULT","","","","","","","{}","{}","{}","0","{""email_ingestion_output"":{""customer_name"":""John Martinez"",""customer_email"":""john.martinez@techcorp.com"",""product_interest"":""standing desk"",""budget"":""under $800"",""quantity"":""unknown"",""urgency"":""unknown"",""requirements"":[""dark walnut finish"",""adjustable height"",""under $800"",""works from home full-time"",""quality matters""]}}","{""lead_tier"":""HOT"",""is_sales_lead"":1,""qualification_signals"":[""specific product requirement"",""budget provided""],""confidence"":""HIGH""}","{""test_id"":""E01"",""evaluation_type"":""Lead Qualifier Agent"",""execution_id"":""14116"",""agent"":""Lead Qualifier Agent""}","1000","","[]","","t-14116","[]"
"email-ingestion-14116","14116","","SPAN","email-ingestion Agent","2026-09-12 12:16:57.130000","2026-09-12 12:16:58.130000","","default","","","","DEFAULT","","","","","","","{}","{}","{}","0","{""inquiry_email"":""From: john.martinez@techcorp.com\nSubject: Standing desk inquiry\n\nHi there,\n\nI'm looking for a standing desk for my home office. Ideally something in dark walnut finish, adjustable height, and under $800. I work from home full-time so quality matters. Do you have anything that fits?\n\nThanks,\nJohn Martinez\nDirector of Engineering, TechCorp\n""}","{""customer_name"":""John Martinez"",""customer_email"":""john.martinez@techcorp.com"",""product_interest"":""standing desk"",""budget"":""under $800"",""quantity"":""unknown"",""urgency"":""unknown"",""requirements"":[""dark walnut finish"",""adjustable height"",""under $800"",""works from home full-time"",""quality matters""]}","{""evaluation_type"":""email-ingestion"",""execution_id"":""14116"",""agent"":""email-ingestion Agent""}","1000","","[]","","t-14116","[]"
"Lead Qualifier Agent-14115","14115","","SPAN","Lead Qualifier Agent","2026-09-12 12:16:50.185000","2026-09-12 12:16:51.185000","","default","","","","DEFAULT","","","","","","","{}","{}","{}","0","{""email_ingestion_output"":{""customer_name"":""John Martinez"",""customer_email"":""john.martinez@techcorp.com"",""product_interest"":""standing desk"",""budget"":""$800"",""quantity"":""unknown"",""urgency"":""unknown"",""requirements"":[""dark walnut finish"",""adjustable height"",""under $800"",""works from home full-time"",""quality matters""]}}","{""lead_tier"":""HOT"",""is_sales_lead"":1,""qualification_signals"":[""specific product requirement"",""budget provided""],""confidence"":""HIGH""}","{""test_id"":""E01"",""evaluation_type"":""Lead Qualifier Agent"",""execution_id"":""14115"",""agent"":""Lead Qualifier Agent""}","1000","","[]","","t-14115","[]"
"email-ingestion-14114","14114","","SPAN","email-ingestion Agent","2026-09-12 12:13:57.060000","2026-09-12 12:13:58.060000","","default","","","","DEFAULT","","","","","","","{}","{}","{}","0","{""inquiry_email"":""From: john.martinez@techcorp.com\nSubject: Standing desk inquiry\n\nHi there,\n\nI'm looking for a standing desk for my home office. Ideally something in dark walnut finish, adjustable height, and under $800. I work from home full-time so quality matters. Do you have anything that fits?\n\nThanks,\nJohn Martinez\nDirector of Engineering, TechCorp\n""}","{""customer_name"":""John Martinez"",""customer_email"":""john.martinez@techcorp.com"",""product_interest"":""standing desk"",""budget"":""$800"",""quantity"":""unknown"",""urgency"":""unknown"",""requirements"":[""dark walnut finish"",""adjustable height"",""under $800"",""works from home full-time"",""quality matters""]}","{""evaluation_type"":""email-ingestion"",""execution_id"":""14114"",""agent"":""email-ingestion Agent""}","1000","","[]","","t-14114","[]"
"email-ingestion-14113","14113","","SPAN","email-ingestion Agent","2026-09-12 12:12:46.716000","2026-09-12 12:12:47.716000","","default","","","","DEFAULT","","","","","","","{}","{}","{}","0","{""inquiry_email"":""From: john.martinez@techcorp.com\nSubject: Standing desk inquiry\n\nHi there,\n\nI'm looking for a standing desk for my home office. Ideally something in dark walnut finish, adjustable height, and under $800. I work from home full-time so quality matters. Do you have anything that fits?\n\nThanks,\nJohn Martinez\nDirector of Engineering, TechCorp\n""}","{""customer_name"":""John Martinez"",""customer_email"":""john.martinez@techcorp.com"",""product_interest"":""standing desk"",""budget"":""$800"",""quantity"":""unknown"",""urgency"":""unknown"",""requirements"":[""dark walnut finish"",""adjustable height"",""under $800"",""work from home full-time"",""quality matters""]}","{""evaluation_type"":""email-ingestion"",""execution_id"":""14113"",""agent"":""email-ingestion Agent""}","1000","","[]","","t-14113","[]"
"Product Recommender Agent-14102","14102","","SPAN","Lead Qualifier Agent","2026-09-12 12:08:57.953000","2026-09-12 12:08:58.953000","","default","","","","DEFAULT","","","","","","","{}","{}","{}","0","{""qualification_output"":{""lead_tier"":""HOT"",""is_sales_lead"":1,""qualification_signals"":[""specific product requirement"",""budget provided""],""confidence"":""HIGH""}}","{""lead_tier"":""HOT"",""is_sales_lead"":1,""qualification_signals"":[""specific product requirement"",""budget provided""],""confidence"":""HIGH""}","{""test_id"":""E01"",""evaluation_type"":""Product Recommender Agent"",""execution_id"":""14102"",""agent"":""Product Recommender Agent""}","1000","","[]","","t-14102","[]"
"email-ingestion-14096","14096","","SPAN","email-ingestion Agent","2026-09-12 12:03:03.709000","2026-09-12 12:03:04.709000","","default","","","","DEFAULT","","","","","","","{}","{}","{}","0","{""inquiry_email"":""From: john.martinez@techcorp.com\nSubject: Standing desk inquiry\n\nHi there,\n\nI'm looking for a standing desk for my home office. Ideally something in dark walnut finish, adjustable height, and under $800. I work from home full-time so quality matters. Do you have anything that fits?\n\nThanks,\nJohn Martinez\nDirector of Engineering, TechCorp\n""}","{""customer_name"":""John Martinez"",""customer_email"":""john.martinez@techcorp.com"",""product_interest"":""standing desk"",""budget"":""$800"",""quantity"":""unknown"",""urgency"":""unknown"",""requirements"":[""dark walnut finish"",""adjustable height"",""under $800"",""work from home full-time"",""quality matters""]}","{""evaluation_type"":""email-ingestion"",""execution_id"":""14096"",""agent"":""email-ingestion Agent""}","1000","","[]","","t-14096","[]"
"Product Recommender Agent-14095","14095","","SPAN","Lead Qualifier Agent","2026-09-12 12:02:25.126000","2026-09-12 12:02:26.126000","","default","","","","DEFAULT","","","","","","","{}","{}","{}","0","{""qualification_output"":{""lead_tier"":""HOT"",""is_sales_lead"":1,""qualification_signals"":[""specific product requirement"",""budget provided""],""confidence"":""HIGH""}}","{""lead_tier"":""HOT"",""is_sales_lead"":1,""qualification_signals"":[""specific product requirement"",""budget provided""],""confidence"":""HIGH""}","{""test_id"":""E01"",""evaluation_type"":""Product Recommender Agent"",""execution_id"":""14095"",""agent"":""Product Recommender Agent""}","1000","","[]","","t-14095","[]"
"Product Recommender Agent-14094","14094","","SPAN","Lead Qualifier Agent","2026-09-12 12:01:10.289000","2026-09-12 12:01:11.289000","","default","","","","DEFAULT","","","","","","","{}","{}","{}","0","{""qualification_output"":{""lead_tier"":""HOT"",""is_sales_lead"":1,""qualification_signals"":[""specific product requirement"",""budget provided"",""requirements include multiple specific features""],""confidence"":""HIGH""}}","{""lead_tier"":""HOT"",""is_sales_lead"":1,""qualification_signals"":[""specific product requirement"",""budget provided"",""requirements include multiple specific features""],""confidence"":""HIGH""}","{""test_id"":""E01"",""evaluation_type"":""Product Recommender Agent"",""execution_id"":""14094"",""agent"":""Product Recommender Agent""}","1000","","[]","","t-14094","[]"
"email-ingestion-14082","14082","","SPAN","email-ingestion Agent","2026-09-12 05:47:44.769000","2026-09-12 05:47:45.769000","","default","","","","DEFAULT","","","","","","","{}","{}","{}","0","{""inquiry_email"":""From: john.martinez@techcorp.com\nSubject: Standing desk inquiry\n\nHi there,\n\nI'm looking for a standing desk for my home office. Ideally something in dark walnut finish, adjustable height, and under $800. I work from home full-time so quality matters. Do you have anything that fits?\n\nThanks,\nJohn Martinez\nDirector of Engineering, TechCorp\n""}","{""customer_name"":""John Martinez"",""customer_email"":""john.martinez@techcorp.com"",""product_interest"":""standing desk"",""budget"":""$800"",""quantity"":""unknown"",""urgency"":""unknown"",""requirements"":[""dark walnut finish"",""adjustable height"",""under $800"",""works from home full-time"",""quality matters""]}","{""evaluation_type"":""email-ingestion"",""execution_id"":""14082"",""agent"":""email-ingestion Agent""}","1000","","[]","","t-14082","[]"
"email-ingestion-14081","14081","","SPAN","email-ingestion Agent","2026-09-12 05:47:35.696000","2026-09-12 05:47:36.697000","","default","","","","DEFAULT","","","","","","","{}","{}","{}","0","{""inquiry_email"":""From: john.martinez@techcorp.com\nSubject: Standing desk inquiry\n\nHi there,\n\nI'm looking for a standing desk for my home office. Ideally something in dark walnut finish, adjustable height, and under $800. I work from home full-time so quality matters. Do you have anything that fits?\n\nThanks,\nJohn Martinez\nDirector of Engineering, TechCorp\n""}","{""customer_name"":""John Martinez"",""customer_email"":""john.martinez@techcorp.com"",""product_interest"":""standing desk"",""budget"":""$800"",""quantity"":""unknown"",""urgency"":""unknown"",""requirements"":[""dark walnut finish"",""adjustable height"",""under $800"",""works from home full-time"",""quality matters""]}","{""evaluation_type"":""email-ingestion"",""execution_id"":""14081"",""agent"":""email-ingestion Agent""}","1001","","[]","","t-14081","[]"
"email-ingestion-14078","14078","","SPAN","email-ingestion Agent","2026-09-12 05:42:51.481000","2026-09-12 05:42:52.481000","","default","","","","DEFAULT","","","","","","","{}","{}","{}","0","{""inquiry_email"":""From: john.martinez@techcorp.com\nSubject: Standing desk inquiry\n\nHi there,\n\nI'm looking for a standing desk for my home office. Ideally something in dark walnut finish, adjustable height, and under $800. I work from home full-time so quality matters. Do you have anything that fits?\n\nThanks,\nJohn Martinez\nDirector of Engineering, TechCorp\n""}","{""customer_name"":""John Martinez"",""customer_email"":""john.martinez@techcorp.com"",""product_interest"":""standing desk"",""budget"":""$800"",""quantity"":""unknown"",""urgency"":""unknown"",""requirements"":[""dark walnut finish"",""adjustable height"",""under $800"",""work from home full-time"",""quality matters""]}","{""evaluation_type"":""email-ingestion"",""execution_id"":""14078"",""agent"":""email-ingestion Agent""}","1000","","[]","","t-14078","[]"
"email-ingestion-14077","14077","","SPAN","weekly_aggregator","2026-09-12 05:22:12.307000","2026-09-12 05:22:13.307000","","default","","","","DEFAULT","","","","","","","{}","{}","{}","0","{""inquiry_email"":""From: john.martinez@techcorp.com\nSubject: Standing desk inquiry\n\nHi there,\n\nI'm looking for a standing desk for my home office. Ideally something in dark walnut finish, adjustable height, and under $800. I work from home full-time so quality matters. Do you have anything that fits?\n\nThanks,\nJohn Martinez\nDirector of Engineering, TechCorp\n""}","{""customer_name"":""John Martinez"",""customer_email"":""john.martinez@techcorp.com"",""product_interest"":""standing desk"",""budget"":""$800"",""quantity"":""unknown"",""urgency"":""unknown"",""requirements"":[""dark walnut finish"",""adjustable height"",""under $800"",""works from home full-time"",""quality matters""]}","{""evaluation_type"":""email-ingestion"",""execution_id"":""14077"",""agent"":""email-ingestion Agent""}","1000","","[]","","t-14077","[]"
"email-ingestion-14076","14076","","SPAN","weekly_aggregator","2026-09-12 05:20:33.160000","2026-09-12 05:20:34.160000","","default","","","","DEFAULT","","","","","","","{}","{}","{}","0","{""inquiry_email"":""From: john.martinez@techcorp.com\nSubject: Standing desk inquiry\n\nHi there,\n\nI'm looking for a standing desk for my home office. Ideally something in dark walnut finish, adjustable height, and under $800. I work from home full-time so quality matters. Do you have anything that fits?\n\nThanks,\nJohn Martinez\nDirector of Engineering, TechCorp\n""}","{""customer_name"":""John Martinez"",""customer_email"":""john.martinez@techcorp.com"",""product_interest"":""standing desk"",""budget"":""$800"",""quantity"":""unknown"",""urgency"":""unknown"",""requirements"":[""dark walnut finish"",""adjustable height"",""under $800"",""work from home full-time"",""quality matters""]}","{""evaluation_type"":""email-ingestion"",""execution_id"":""14076"",""agent"":""email-ingestion Agent""}","1000","","[]","","t-14076","[]"
"Weekly-Aggregator-Agent-14051","14051","","SPAN","weekly_aggregator","2026-09-11 14:26:03.840000","2026-09-11 14:26:04.840000","","default","","","","DEFAULT","","","","","","","{}","{}","{}","0","{""weekly_metrics"":{""total_leads"":30,""lead_summary"":{""hot_leads"":11,""warm_leads"":11,""cold_leads"":6,""unknown_leads"":2},""status_summary"":{""quoted"":7,""open"":11,""needs_info"":8,""in_progress"":4},""urgency_summary"":{""high"":11,""medium"":11,""low"":8},""top_products"":[{""product"":""Standing Desk"",""lead_count"":8},{""product"":""Ergonomic Pro Chair"",""lead_count"":5},{""product"":""Conference Table"",""lead_count"":4},{""product"":""Unknown"",""lead_count"":4},{""product"":""Office Furniture"",""lead_count"":3},{""product"":""Executive Desk"",""lead_count"":2},{""product"":""Desk Organizer Set"",""lead_count"":2},{""product"":""Furniture"",""lead_count"":1},{""product"":""Office Package"",""lead_count"":1}],""assigned_rep_summary"":{""Rep A"":10,""Rep B"":5,""Rep C"":7,""Unassigned"":8},""high_value_opportunities"":[{""lead_id"":""L004"",""customer_name"":""Robert Chen"",""product_interest"":""Office Furniture"",""budget"":50000,""lead_tier"":""Hot"",""status"":""In Progress""},{""lead_id"":""L022"",""customer_name"":""Jessica Wong"",""product_interest"":""Office Package"",""budget"":36000,""lead_tier"":""Hot"",""status"":""In Progress""},{""lead_id"":""L023"",""customer_name"":""Michael King"",""product_interest"":""Conference Table"",""budget"":25000,""lead_tier"":""Hot"",""status"":""Quoted""},{""lead_id"":""L028"",""customer_name"":""George Young"",""product_interest"":""Standing Desk"",""budget"":15000,""lead_tier"":""Hot"",""status"":""Quoted""},{""lead_id"":""L005"",""customer_name"":""David Wilson"",""product_interest"":""Conference Table"",""budget"":12000,""lead_tier"":""Hot"",""status"":""Quoted""}],""data_quality"":{""records_missing_email"":1,""records_missing_product"":4,""records_missing_budget"":5}}}","{
  ""executive_summary"": ""This week, the CRM recorded 30 leads, with 11 categorized as Hot and 7 in Quoted status. The dataset includes high urgency leads and notable opportunities with substantial budgets under In Progress and Quoted statuses."",
  ""lead_summary"": {
    ""total_leads"": 30,
    ""hot_leads"": 11,
    ""warm_leads"": 11,
    ""cold_leads"": 6,
    ""unknown_leads"": 2
  },
  ""top_products"": [
    {
      ""product"": ""Standing Desk"",
      ""lead_count"": 8
    },
    {
      ""product"": ""Ergonomic Pro Chair"",
      ""lead_count"": 5
    },
    {
      ""product"": ""Conference Table"",
      ""lead_count"": 4
    },
    {
      ""product"": ""Unknown"",
      ""lead_count"": 4
    },
    {
      ""product"": ""Office Furniture"",
      ""lead_count"": 3
    },
    {
      ""product"": ""Executive Desk"",
      ""lead_count"": 2
    },
    {
      ""product"": ""Desk Organizer Set"",
      ""lead_count"": 2
    },
    {
      ""product"": ""Furniture"",
      ""lead_count"": 1
    },
    {
      ""product"": ""Office Package"",
      ""lead_count"": 1
    }
  ],
  ""key_trends"": [],
  ""high_value_opportunities"": [
    {
      ""lead_id"": ""L004"",
      ""customer_name"": ""Robert Chen"",
      ""product_interest"": ""Office Furniture"",
      ""budget"": 50000,
      ""lead_tier"": ""Hot"",
      ""status"": ""In Progress""
    },
    {
      ""lead_id"": ""L022"",
      ""customer_name"": ""Jessica Wong"",
      ""product_interest"": ""Office Package"",
      ""budget"": 36000,
      ""lead_tier"": ""Hot"",
      ""status"": ""In Progress""
    },
    {
      ""lead_id"": ""L023"",
      ""customer_name"": ""Michael King"",
      ""product_interest"": ""Conference Table"",
      ""budget"": 25000,
      ""lead_tier"": ""Hot"",
      ""status"": ""Quoted""
    },
    {
      ""lead_id"": ""L028"",
      ""customer_name"": ""George Young"",
      ""product_interest"": ""Standing Desk"",
      ""budget"": 15000,
      ""lead_tier"": ""Hot"",
      ""status"": ""Quoted""
    },
    {
      ""lead_id"": ""L005"",
      ""customer_name"": ""David Wilson"",
      ""product_interest"": ""Conference Table"",
      ""budget"": 12000,
      ""lead_tier"": ""Hot"",
      ""status"": ""Quoted""
    }
  ],
  ""follow_up_priorities"": [
    ""Prioritize follow-up on the 11 Hot leads."",
    ""Follow up on the 7 quoted opportunities."",
    ""Address 8 leads that need more information."",
    ""Review the 4 leads currently In Progress.""
  ],
  ""recommended_actions"": [
    ""Request missing product information for the 4 records."",
    ""Request budget details for the 5 records missing this information."",
    ""Follow up on leads categorized as high urgency.""
  ],
  ""data_quality_notes"": [
    ""1 CRM record was missing an email address."",
    ""4 CRM records were missing product information."",
    ""5 CRM records were missing budget information.""
  ]
}","{""evaluation_type"":""weekly_aggregation"",""execution_id"":""14051"",""agent"":""weekly_aggregator""}","1000","","[]","","t-14051","[]"
"Weekly-Aggregator-Agent-14050","14050","","SPAN","weekly_aggregator","2026-09-11 14:02:46.210000","2026-09-11 14:02:47.210000","","default","","","","DEFAULT","","","","","","","{}","{}","{}","0","{""weekly_metrics"":{""total_leads"":30,""lead_summary"":{""hot_leads"":11,""warm_leads"":11,""cold_leads"":6,""unknown_leads"":2},""status_summary"":{""quoted"":7,""open"":11,""needs_info"":8,""in_progress"":4},""urgency_summary"":{""high"":11,""medium"":11,""low"":8},""top_products"":[{""product"":""Standing Desk"",""lead_count"":8},{""product"":""Ergonomic Pro Chair"",""lead_count"":5},{""product"":""Conference Table"",""lead_count"":4},{""product"":""Unknown"",""lead_count"":4},{""product"":""Office Furniture"",""lead_count"":3},{""product"":""Executive Desk"",""lead_count"":2},{""product"":""Desk Organizer Set"",""lead_count"":2},{""product"":""Furniture"",""lead_count"":1},{""product"":""Office Package"",""lead_count"":1}],""assigned_rep_summary"":{""Rep A"":10,""Rep B"":5,""Rep C"":7,""Unassigned"":8},""high_value_opportunities"":[{""lead_id"":""L004"",""customer_name"":""Robert Chen"",""product_interest"":""Office Furniture"",""budget"":50000,""lead_tier"":""Hot"",""status"":""In Progress""},{""lead_id"":""L022"",""customer_name"":""Jessica Wong"",""product_interest"":""Office Package"",""budget"":36000,""lead_tier"":""Hot"",""status"":""In Progress""},{""lead_id"":""L023"",""customer_name"":""Michael King"",""product_interest"":""Conference Table"",""budget"":25000,""lead_tier"":""Hot"",""status"":""Quoted""},{""lead_id"":""L028"",""customer_name"":""George Young"",""product_interest"":""Standing Desk"",""budget"":15000,""lead_tier"":""Hot"",""status"":""Quoted""},{""lead_id"":""L005"",""customer_name"":""David Wilson"",""product_interest"":""Conference Table"",""budget"":12000,""lead_tier"":""Hot"",""status"":""Quoted""}],""data_quality"":{""records_missing_email"":1,""records_missing_product"":4,""records_missing_budget"":5}}}","{
  ""executive_summary"": ""This week, the CRM recorded 30 leads, with 11 classified as Hot and 7 leads marked as Quoted. High urgency leads accounted for 11, indicating several opportunities requiring immediate attention."",
  ""lead_summary"": {
    ""total_leads"": 30,
    ""hot_leads"": 11,
    ""warm_leads"": 11,
    ""cold_leads"": 6,
    ""unknown_leads"": 2
  },
  ""top_products"": [
    {
      ""product"": ""Standing Desk"",
      ""lead_count"": 8
    },
    {
      ""product"": ""Ergonomic Pro Chair"",
      ""lead_count"": 5
    },
    {
      ""product"": ""Conference Table"",
      ""lead_count"": 4
    },
    {
      ""product"": ""Unknown"",
      ""lead_count"": 4
    },
    {
      ""product"": ""Office Furniture"",
      ""lead_count"": 3
    },
    {
      ""product"": ""Executive Desk"",
      ""lead_count"": 2
    },
    {
      ""product"": ""Desk Organizer Set"",
      ""lead_count"": 2
    },
    {
      ""product"": ""Furniture"",
      ""lead_count"": 1
    },
    {
      ""product"": ""Office Package"",
      ""lead_count"": 1
    }
  ],
  ""key_trends"": [
    ""This week, 11 leads were categorized as Hot, representing 36.7% of total leads."",
    ""Leads marked as Quoted totaled 7, indicating a significant number of opportunities in the final stages of engagement."",
    ""The dataset shows a good balance between hot and warm leads, each accounting for 36.7% of total leads.""
  ],
  ""high_value_opportunities"": [
    {
      ""lead_id"": ""L004"",
      ""customer_name"": ""Robert Chen"",
      ""product_interest"": ""Office Furniture"",
      ""budget"": 50000,
      ""lead_tier"": ""Hot"",
      ""status"": ""In Progress""
    },
    {
      ""lead_id"": ""L022"",
      ""customer_name"": ""Jessica Wong"",
      ""product_interest"": ""Office Package"",
      ""budget"": 36000,
      ""lead_tier"": ""Hot"",
      ""status"": ""In Progress""
    },
    {
      ""lead_id"": ""L023"",
      ""customer_name"": ""Michael King"",
      ""product_interest"": ""Conference Table"",
      ""budget"": 25000,
      ""lead_tier"": ""Hot"",
      ""status"": ""Quoted""
    },
    {
      ""lead_id"": ""L028"",
      ""customer_name"": ""George Young"",
      ""product_interest"": ""Standing Desk"",
      ""budget"": 15000,
      ""lead_tier"": ""Hot"",
      ""status"": ""Quoted""
    },
    {
      ""lead_id"": ""L005"",
      ""customer_name"": ""David Wilson"",
      ""product_interest"": ""Conference Table"",
      ""budget"": 12000,
      ""lead_tier"": ""Hot"",
      ""status"": ""Quoted""
    }
  ],
  ""follow_up_priorities"": [
    ""Prioritize follow-up on the 11 high urgency leads."",
    ""Follow up on the 7 quoted leads to finalize the sales."",
    ""Engage with the 5 high-value opportunities currently marked as In Progress.""
  ],
  ""recommended_actions"": [
    ""Request missing budget information for the 5 records lacking this data."",
    ""Request product details for the 4 records missing product information."",
    ""Follow up on the lead with missing email address.""
  ],
  ""data_quality_notes"": [
    ""1 CRM record was missing email addresses."",
    ""4 CRM records were missing product information."",
    ""5 CRM records were missing budget information.""
  ]
}","{""evaluation_type"":""weekly_aggregation"",""execution_id"":""14050"",""agent"":""weekly_aggregator""}","1000","","[]","","t-14050","[]"
"Weekly-Aggregator-Agent-14036","14036","","SPAN","weekly_aggregator","2026-09-11 13:47:10.906000","2026-09-11 13:47:11.906000","","default","","","","DEFAULT","","","","","","","{}","{}","{}","0","{""weekly_metrics"":{""total_leads"":30,""lead_summary"":{""hot_leads"":11,""warm_leads"":11,""cold_leads"":6,""unknown_leads"":2},""status_summary"":{""quoted"":7,""open"":11,""needs_info"":8,""in_progress"":4},""urgency_summary"":{""high"":11,""medium"":11,""low"":8},""top_products"":[{""product"":""Standing Desk"",""lead_count"":8},{""product"":""Ergonomic Pro Chair"",""lead_count"":5},{""product"":""Conference Table"",""lead_count"":4},{""product"":""Unknown"",""lead_count"":4},{""product"":""Office Furniture"",""lead_count"":3},{""product"":""Executive Desk"",""lead_count"":2},{""product"":""Desk Organizer Set"",""lead_count"":2},{""product"":""Furniture"",""lead_count"":1},{""product"":""Office Package"",""lead_count"":1}],""assigned_rep_summary"":{""Rep A"":10,""Rep B"":5,""Rep C"":7,""Unassigned"":8},""high_value_opportunities"":[{""lead_id"":""L004"",""customer_name"":""Robert Chen"",""product_interest"":""Office Furniture"",""budget"":50000,""lead_tier"":""Hot"",""status"":""In Progress""},{""lead_id"":""L022"",""customer_name"":""Jessica Wong"",""product_interest"":""Office Package"",""budget"":36000,""lead_tier"":""Hot"",""status"":""In Progress""},{""lead_id"":""L023"",""customer_name"":""Michael King"",""product_interest"":""Conference Table"",""budget"":25000,""lead_tier"":""Hot"",""status"":""Quoted""},{""lead_id"":""L028"",""customer_name"":""George Young"",""product_interest"":""Standing Desk"",""budget"":15000,""lead_tier"":""Hot"",""status"":""Quoted""},{""lead_id"":""L005"",""customer_name"":""David Wilson"",""product_interest"":""Conference Table"",""budget"":12000,""lead_tier"":""Hot"",""status"":""Quoted""}],""data_quality"":{""records_missing_email"":1,""records_missing_product"":4,""records_missing_budget"":5}}}","{
  ""executive_summary"": ""This week, the CRM recorded 30 leads, with a distribution of 11 Hot leads and 7 leads in Quoted status. Urgency is high for 11 leads, indicating an immediate focus on follow-ups."",
  ""lead_summary"": {
    ""total_leads"": 30,
    ""hot_leads"": 11,
    ""warm_leads"": 11,
    ""cold_leads"": 6,
    ""unknown_leads"": 2
  },
  ""top_products"": [
    {
      ""product"": ""Standing Desk"",
      ""lead_count"": 8
    },
    {
      ""product"": ""Ergonomic Pro Chair"",
      ""lead_count"": 5
    },
    {
      ""product"": ""Conference Table"",
      ""lead_count"": 4
    },
    {
      ""product"": ""Unknown"",
      ""lead_count"": 4
    },
    {
      ""product"": ""Office Furniture"",
      ""lead_count"": 3
    },
    {
      ""product"": ""Executive Desk"",
      ""lead_count"": 2
    },
    {
      ""product"": ""Desk Organizer Set"",
      ""lead_count"": 2
    },
    {
      ""product"": ""Furniture"",
      ""lead_count"": 1
    },
    {
      ""product"": ""Office Package"",
      ""lead_count"": 1
    }
  ],
  ""key_trends"": [],
  ""high_value_opportunities"": [
    {
      ""lead_id"": ""L004"",
      ""customer_name"": ""Robert Chen"",
      ""product_interest"": ""Office Furniture"",
      ""budget"": 50000,
      ""lead_tier"": ""Hot"",
      ""status"": ""In Progress""
    },
    {
      ""lead_id"": ""L022"",
      ""customer_name"": ""Jessica Wong"",
      ""product_interest"": ""Office Package"",
      ""budget"": 36000,
      ""lead_tier"": ""Hot"",
      ""status"": ""In Progress""
    },
    {
      ""lead_id"": ""L023"",
      ""customer_name"": ""Michael King"",
      ""product_interest"": ""Conference Table"",
      ""budget"": 25000,
      ""lead_tier"": ""Hot"",
      ""status"": ""Quoted""
    },
    {
      ""lead_id"": ""L028"",
      ""customer_name"": ""George Young"",
      ""product_interest"": ""Standing Desk"",
      ""budget"": 15000,
      ""lead_tier"": ""Hot"",
      ""status"": ""Quoted""
    },
    {
      ""lead_id"": ""L005"",
      ""customer_name"": ""David Wilson"",
      ""product_interest"": ""Conference Table"",
      ""budget"": 12000,
      ""lead_tier"": ""Hot"",
      ""status"": ""Quoted""
    }
  ],
  ""follow_up_priorities"": [
    ""Prioritize follow-up on the 11 Hot leads."",
    ""Follow up on the 7 leads with Quoted status."",
    ""Address the 8 leads that need more information.""
  ],
  ""recommended_actions"": [
    ""Request missing budget information for the 5 leads with missing budget fields."",
    ""Follow up with leads marked as In Progress.""
  ],
  ""data_quality_notes"": [
    ""1 CRM record was missing email addresses."",
    ""4 CRM records were missing product information."",
    ""5 CRM records were missing budget information.""
  ]
}","{""evaluation_type"":""weekly_aggregation"",""execution_id"":""14036"",""agent"":""weekly_aggregator""}","1000","","[]","","t-14036","[]"
"Weekly-Aggregator-Agent-14034","14034","","SPAN","weekly_aggregator","2026-09-11 13:30:13.483000","2026-09-11 13:30:14.483000","","default","","","","DEFAULT","","","","","","","{}","{}","{}","0","{""weekly_metrics"":{""total_leads"":30,""lead_summary"":{""hot_leads"":11,""warm_leads"":11,""cold_leads"":6,""unknown_leads"":2},""status_summary"":{""quoted"":7,""open"":11,""needs_info"":8,""in_progress"":4},""urgency_summary"":{""high"":11,""medium"":11,""low"":8},""top_products"":[{""product"":""Standing Desk"",""lead_count"":8},{""product"":""Ergonomic Pro Chair"",""lead_count"":5},{""product"":""Conference Table"",""lead_count"":4},{""product"":""Unknown"",""lead_count"":4},{""product"":""Office Furniture"",""lead_count"":3},{""product"":""Executive Desk"",""lead_count"":2},{""product"":""Desk Organizer Set"",""lead_count"":2},{""product"":""Furniture"",""lead_count"":1},{""product"":""Office Package"",""lead_count"":1}],""assigned_rep_summary"":{""Rep A"":10,""Rep B"":5,""Rep C"":7,""Unassigned"":8},""high_value_opportunities"":[{""lead_id"":""L004"",""customer_name"":""Robert Chen"",""product_interest"":""Office Furniture"",""budget"":50000,""lead_tier"":""Hot"",""status"":""In Progress""},{""lead_id"":""L022"",""customer_name"":""Jessica Wong"",""product_interest"":""Office Package"",""budget"":36000,""lead_tier"":""Hot"",""status"":""In Progress""},{""lead_id"":""L023"",""customer_name"":""Michael King"",""product_interest"":""Conference Table"",""budget"":25000,""lead_tier"":""Hot"",""status"":""Quoted""},{""lead_id"":""L028"",""customer_name"":""George Young"",""product_interest"":""Standing Desk"",""budget"":15000,""lead_tier"":""Hot"",""status"":""Quoted""},{""lead_id"":""L005"",""customer_name"":""David Wilson"",""product_interest"":""Conference Table"",""budget"":12000,""lead_tier"":""Hot"",""status"":""Quoted""}],""data_quality"":{""records_missing_email"":1,""records_missing_product"":4,""records_missing_budget"":5}}}","{
  ""executive_summary"": ""This week, the CRM recorded a total of 30 leads, with 11 categorized as Hot and 11 as Warm. There are 7 leads in Quoted status and 11 at High urgency, indicating a strong need for follow-up. Notable high-value opportunities include a $50,000 lead for Office Furniture and a $36,000 lead for Office Package, both currently In Progress."",
  ""lead_summary"": {
    ""total_leads"": 30,
    ""hot_leads"": 11,
    ""warm_leads"": 11,
    ""cold_leads"": 6,
    ""unknown_leads"": 2
  },
  ""top_products"": [
    {
      ""product"": ""Standing Desk"",
      ""lead_count"": 8
    },
    {
      ""product"": ""Ergonomic Pro Chair"",
      ""lead_count"": 5
    },
    {
      ""product"": ""Conference Table"",
      ""lead_count"": 4
    },
    {
      ""product"": ""Unknown"",
      ""lead_count"": 4
    },
    {
      ""product"": ""Office Furniture"",
      ""lead_count"": 3
    },
    {
      ""product"": ""Executive Desk"",
      ""lead_count"": 2
    },
    {
      ""product"": ""Desk Organizer Set"",
      ""lead_count"": 2
    },
    {
      ""product"": ""Furniture"",
      ""lead_count"": 1
    },
    {
      ""product"": ""Office Package"",
      ""lead_count"": 1
    }
  ],
  ""key_trends"": [],
  ""high_value_opportunities"": [
    {
      ""lead_id"": ""L004"",
      ""customer_name"": ""Robert Chen"",
      ""product_interest"": ""Office Furniture"",
      ""budget"": 50000,
      ""lead_tier"": ""Hot"",
      ""status"": ""In Progress""
    },
    {
      ""lead_id"": ""L022"",
      ""customer_name"": ""Jessica Wong"",
      ""product_interest"": ""Office Package"",
      ""budget"": 36000,
      ""lead_tier"": ""Hot"",
      ""status"": ""In Progress""
    },
    {
      ""lead_id"": ""L023"",
      ""customer_name"": ""Michael King"",
      ""product_interest"": ""Conference Table"",
      ""budget"": 25000,
      ""lead_tier"": ""Hot"",
      ""status"": ""Quoted""
    },
    {
      ""lead_id"": ""L028"",
      ""customer_name"": ""George Young"",
      ""product_interest"": ""Standing Desk"",
      ""budget"": 15000,
      ""lead_tier"": ""Hot"",
      ""status"": ""Quoted""
    },
    {
      ""lead_id"": ""L005"",
      ""customer_name"": ""David Wilson"",
      ""product_interest"": ""Conference Table"",
      ""budget"": 12000,
      ""lead_tier"": ""Hot"",
      ""status"": ""Quoted""
    }
  ],
  ""follow_up_priorities"": [
    ""Prioritize follow-up on the Hot leads."",
    ""Focus on High urgency leads."",
    ""Follow up on the Quoted leads."",
    ""Address leads marked as needs information.""
  ],
  ""recommended_actions"": [
    ""Request missing budget information for leads with budget data gaps."",
    ""Address the 4 leads missing product details."",
    ""Follow up on the high-value opportunities currently In Progress.""
  ],
  ""data_quality_notes"": [
    ""1 CRM record was missing email addresses."",
    ""4 CRM records were missing product information."",
    ""5 CRM records were missing budget information.""
  ]
}","{""evaluation_type"":""weekly_aggregation"",""execution_id"":""14034"",""agent"":""weekly_aggregator""}","1000","","[]","","t-14034","[]"
"Weekly-Aggregator-Agent-14033","14033","","SPAN","weekly_aggregator","2026-09-11 13:29:03.834000","2026-09-11 13:29:04.834000","","default","","","","DEFAULT","","","","","","","{}","{}","{}","0","{""weekly_metrics"":{""total_leads"":30,""lead_summary"":{""hot_leads"":11,""warm_leads"":11,""cold_leads"":6,""unknown_leads"":2},""status_summary"":{""quoted"":7,""open"":11,""needs_info"":8,""in_progress"":4},""urgency_summary"":{""high"":11,""medium"":11,""low"":8},""top_products"":[{""product"":""Standing Desk"",""lead_count"":8},{""product"":""Ergonomic Pro Chair"",""lead_count"":5},{""product"":""Conference Table"",""lead_count"":4},{""product"":""Unknown"",""lead_count"":4},{""product"":""Office Furniture"",""lead_count"":3},{""product"":""Executive Desk"",""lead_count"":2},{""product"":""Desk Organizer Set"",""lead_count"":2},{""product"":""Furniture"",""lead_count"":1},{""product"":""Office Package"",""lead_count"":1}],""assigned_rep_summary"":{""Rep A"":10,""Rep B"":5,""Rep C"":7,""Unassigned"":8},""high_value_opportunities"":[{""lead_id"":""L004"",""customer_name"":""Robert Chen"",""product_interest"":""Office Furniture"",""budget"":50000,""lead_tier"":""Hot"",""status"":""In Progress""},{""lead_id"":""L022"",""customer_name"":""Jessica Wong"",""product_interest"":""Office Package"",""budget"":36000,""lead_tier"":""Hot"",""status"":""In Progress""},{""lead_id"":""L023"",""customer_name"":""Michael King"",""product_interest"":""Conference Table"",""budget"":25000,""lead_tier"":""Hot"",""status"":""Quoted""},{""lead_id"":""L028"",""customer_name"":""George Young"",""product_interest"":""Standing Desk"",""budget"":15000,""lead_tier"":""Hot"",""status"":""Quoted""},{""lead_id"":""L005"",""customer_name"":""David Wilson"",""product_interest"":""Conference Table"",""budget"":12000,""lead_tier"":""Hot"",""status"":""Quoted""}],""data_quality"":{""records_missing_email"":1,""records_missing_product"":4,""records_missing_budget"":5}}}","{
  ""executive_summary"": ""This week, the CRM recorded 30 leads, consisting of 11 Hot leads. There are 7 leads with Quoted status and 11 leads categorized as High urgency. Notable high-value opportunities include budgets of $50,000 and $36,000 for Office Furniture and Office Package, respectively."",
  ""lead_summary"": {
    ""total_leads"": 30,
    ""hot_leads"": 11,
    ""warm_leads"": 11,
    ""cold_leads"": 6,
    ""unknown_leads"": 2
  },
  ""top_products"": [
    {
      ""product"": ""Standing Desk"",
      ""lead_count"": 8
    },
    {
      ""product"": ""Ergonomic Pro Chair"",
      ""lead_count"": 5
    },
    {
      ""product"": ""Conference Table"",
      ""lead_count"": 4
    },
    {
      ""product"": ""Unknown"",
      ""lead_count"": 4
    },
    {
      ""product"": ""Office Furniture"",
      ""lead_count"": 3
    },
    {
      ""product"": ""Executive Desk"",
      ""lead_count"": 2
    },
    {
      ""product"": ""Desk Organizer Set"",
      ""lead_count"": 2
    },
    {
      ""product"": ""Furniture"",
      ""lead_count"": 1
    },
    {
      ""product"": ""Office Package"",
      ""lead_count"": 1
    }
  ],
  ""key_trends"": [],
  ""high_value_opportunities"": [
    {
      ""lead_id"": ""L004"",
      ""customer_name"": ""Robert Chen"",
      ""product_interest"": ""Office Furniture"",
      ""budget"": 50000,
      ""lead_tier"": ""Hot"",
      ""status"": ""In Progress""
    },
    {
      ""lead_id"": ""L022"",
      ""customer_name"": ""Jessica Wong"",
      ""product_interest"": ""Office Package"",
      ""budget"": 36000,
      ""lead_tier"": ""Hot"",
      ""status"": ""In Progress""
    },
    {
      ""lead_id"": ""L023"",
      ""customer_name"": ""Michael King"",
      ""product_interest"": ""Conference Table"",
      ""budget"": 25000,
      ""lead_tier"": ""Hot"",
      ""status"": ""Quoted""
    },
    {
      ""lead_id"": ""L028"",
      ""customer_name"": ""George Young"",
      ""product_interest"": ""Standing Desk"",
      ""budget"": 15000,
      ""lead_tier"": ""Hot"",
      ""status"": ""Quoted""
    },
    {
      ""lead_id"": ""L005"",
      ""customer_name"": ""David Wilson"",
      ""product_interest"": ""Conference Table"",
      ""budget"": 12000,
      ""lead_tier"": ""Hot"",
      ""status"": ""Quoted""
    }
  ],
  ""follow_up_priorities"": [
    ""Prioritize follow-up on Hot leads."",
    ""Follow up on the quoted leads."",
    ""Address high urgency leads.""
  ],
  ""recommended_actions"": [
    ""Request missing budget information for leads with missing fields."",
    ""Follow up with leads needing information.""
  ],
  ""data_quality_notes"": [
    ""1 CRM record was missing an email address."",
    ""4 CRM records were missing product information."",
    ""5 CRM records were missing budget information.""
  ]
}","{""evaluation_type"":""weekly_aggregation"",""execution_id"":""14033"",""agent"":""weekly_aggregator""}","1000","","[]","","t-14033","[]"
"Weekly-Aggregator-Agent-14030","14030","","SPAN","weekly_aggregator","2026-09-11 13:20:37.913000","2026-09-11 13:20:38.913000","","default","","","","DEFAULT","","","","","","","{}","{}","{}","0","{""weekly_metrics"":{""total_leads"":30,""lead_summary"":{""hot_leads"":11,""warm_leads"":11,""cold_leads"":6,""unknown_leads"":2},""status_summary"":{""quoted"":7,""open"":11,""needs_info"":8,""in_progress"":4},""urgency_summary"":{""high"":11,""medium"":11,""low"":8},""top_products"":[{""product"":""Standing Desk"",""lead_count"":8},{""product"":""Ergonomic Pro Chair"",""lead_count"":5},{""product"":""Conference Table"",""lead_count"":4},{""product"":""Unknown"",""lead_count"":4},{""product"":""Office Furniture"",""lead_count"":3},{""product"":""Executive Desk"",""lead_count"":2},{""product"":""Desk Organizer Set"",""lead_count"":2},{""product"":""Furniture"",""lead_count"":1},{""product"":""Office Package"",""lead_count"":1}],""assigned_rep_summary"":{""Rep A"":10,""Rep B"":5,""Rep C"":7,""Unassigned"":8},""high_value_opportunities"":[{""lead_id"":""L004"",""customer_name"":""Robert Chen"",""product_interest"":""Office Furniture"",""budget"":50000,""lead_tier"":""Hot"",""status"":""In Progress""},{""lead_id"":""L022"",""customer_name"":""Jessica Wong"",""product_interest"":""Office Package"",""budget"":36000,""lead_tier"":""Hot"",""status"":""In Progress""},{""lead_id"":""L023"",""customer_name"":""Michael King"",""product_interest"":""Conference Table"",""budget"":25000,""lead_tier"":""Hot"",""status"":""Quoted""},{""lead_id"":""L028"",""customer_name"":""George Young"",""product_interest"":""Standing Desk"",""budget"":15000,""lead_tier"":""Hot"",""status"":""Quoted""},{""lead_id"":""L005"",""customer_name"":""David Wilson"",""product_interest"":""Conference Table"",""budget"":12000,""lead_tier"":""Hot"",""status"":""Quoted""}],""data_quality"":{""records_missing_email"":1,""records_missing_product"":4,""records_missing_budget"":5}}}","{
  ""executive_summary"": ""This week, the CRM recorded 30 leads, with 11 classified as Hot and 7 in Quoted status. High urgency leads comprised 11 of the total, indicating immediate follow-up opportunities."",
  ""lead_summary"": {
    ""total_leads"": 30,
    ""hot_leads"": 11,
    ""warm_leads"": 11,
    ""cold_leads"": 6,
    ""unknown_leads"": 2
  },
  ""top_products"": [
    {
      ""product"": ""Standing Desk"",
      ""lead_count"": 8
    },
    {
      ""product"": ""Ergonomic Pro Chair"",
      ""lead_count"": 5
    },
    {
      ""product"": ""Conference Table"",
      ""lead_count"": 4
    },
    {
      ""product"": ""Unknown"",
      ""lead_count"": 4
    },
    {
      ""product"": ""Office Furniture"",
      ""lead_count"": 3
    },
    {
      ""product"": ""Executive Desk"",
      ""lead_count"": 2
    },
    {
      ""product"": ""Desk Organizer Set"",
      ""lead_count"": 2
    },
    {
      ""product"": ""Furniture"",
      ""lead_count"": 1
    },
    {
      ""product"": ""Office Package"",
      ""lead_count"": 1
    }
  ],
  ""key_trends"": [
    ""11 out of 30 leads were categorized as Hot, indicating a significant portion of leads with high potential."",
    ""7 leads are currently in Quoted status, suggesting ongoing sales discussions."",
    ""The dataset shows a balanced distribution of lead urgency with 11 high urgency leads.""
  ],
  ""high_value_opportunities"": [
    {
      ""lead_id"": ""L004"",
      ""customer_name"": ""Robert Chen"",
      ""product_interest"": ""Office Furniture"",
      ""budget"": 50000,
      ""lead_tier"": ""Hot"",
      ""status"": ""In Progress""
    },
    {
      ""lead_id"": ""L022"",
      ""customer_name"": ""Jessica Wong"",
      ""product_interest"": ""Office Package"",
      ""budget"": 36000,
      ""lead_tier"": ""Hot"",
      ""status"": ""In Progress""
    },
    {
      ""lead_id"": ""L023"",
      ""customer_name"": ""Michael King"",
      ""product_interest"": ""Conference Table"",
      ""budget"": 25000,
      ""lead_tier"": ""Hot"",
      ""status"": ""Quoted""
    },
    {
      ""lead_id"": ""L028"",
      ""customer_name"": ""George Young"",
      ""product_interest"": ""Standing Desk"",
      ""budget"": 15000,
      ""lead_tier"": ""Hot"",
      ""status"": ""Quoted""
    },
    {
      ""lead_id"": ""L005"",
      ""customer_name"": ""David Wilson"",
      ""product_interest"": ""Conference Table"",
      ""budget"": 12000,
      ""lead_tier"": ""Hot"",
      ""status"": ""Quoted""
    }
  ],
  ""follow_up_priorities"": [
    ""Prioritize follow-up on the Hot leads."",
    ""Follow up on the leads currently in Quoted status."",
    ""Engage with leads categorized as High urgency.""
  ],
  ""recommended_actions"": [
    ""Address the missing budget information for 5 leads."",
    ""Request product details for the 4 leads with missing product information."",
    ""Follow up with the record missing an email address.""
  ],
  ""data_quality_notes"": [
    ""1 CRM record was missing email addresses."",
    ""4 CRM records were missing product information."",
    ""5 CRM records were missing budget information.""
  ]
}","{""evaluation_type"":""weekly_aggregation"",""execution_id"":""14030"",""agent"":""weekly_aggregator""}","1000","","[]","","t-14030","[]"
"Weekly-Aggregator-Agent-14029","14029","","SPAN","weekly_aggregator","2026-09-11 13:19:27.429000","2026-09-11 13:19:28.429000","","default","","","","DEFAULT","","","","","","","{}","{}","{}","0","{""weekly_metrics"":{""total_leads"":2,""lead_summary"":{""hot_leads"":2,""warm_leads"":0,""cold_leads"":0,""unknown_leads"":0},""status_summary"":{""quoted"":2,""open"":0,""needs_info"":0,""in_progress"":0},""urgency_summary"":{""high"":2,""medium"":0,""low"":0},""top_products"":[{""product"":""Standing Desk"",""lead_count"":1},{""product"":""Ergonomic Pro Chair"",""lead_count"":1}],""assigned_rep_summary"":{""Rep A"":1,""Rep B"":1},""high_value_opportunities"":[{""lead_id"":""L002"",""customer_name"":""Maria Chen"",""product_interest"":""Ergonomic Pro Chair"",""budget"":5000,""lead_tier"":""Hot"",""status"":""Quoted""},{""lead_id"":""L001"",""customer_name"":""John Martinez"",""product_interest"":""Standing Desk"",""budget"":800,""lead_tier"":""Hot"",""status"":""Quoted""}],""data_quality"":{""records_missing_email"":0,""records_missing_product"":0,""records_missing_budget"":0}}}","{
  ""executive_summary"": ""This week, the CRM recorded 2 leads, both categorized as Hot, with High urgency and Quoted status. The leads include an Ergonomic Pro Chair with a customer budget of $5,000 and a Standing Desk with a budget of $800."",
  ""lead_summary"": {
    ""total_leads"": 2,
    ""hot_leads"": 2,
    ""warm_leads"": 0,
    ""cold_leads"": 0,
    ""unknown_leads"": 0
  },
  ""top_products"": [
    {
      ""product"": ""Standing Desk"",
      ""lead_count"": 1
    },
    {
      ""product"": ""Ergonomic Pro Chair"",
      ""lead_count"": 1
    }
  ],
  ""key_trends"": [
    ""Both weekly leads were categorized as Hot."",
    ""Both leads had High urgency and were in Quoted status.""
  ],
  ""high_value_opportunities"": [
    {
      ""lead_id"": ""L002"",
      ""customer_name"": ""Maria Chen"",
      ""product_interest"": ""Ergonomic Pro Chair"",
      ""budget"": 5000,
      ""lead_tier"": ""Hot"",
      ""status"": ""Quoted""
    },
    {
      ""lead_id"": ""L001"",
      ""customer_name"": ""John Martinez"",
      ""product_interest"": ""Standing Desk"",
      ""budget"": 800,
      ""lead_tier"": ""Hot"",
      ""status"": ""Quoted""
    }
  ],
  ""follow_up_priorities"": [
    ""Prioritize follow-up on the Hot, high-urgency quoted leads.""
  ],
  ""recommended_actions"": [
    ""Follow up on the quoted opportunities.""
  ],
  ""data_quality_notes"": [
    ""No CRM records were missing email addresses."",
    ""No CRM records were missing product information."",
    ""No CRM records were missing budget information.""
  ]
}","{""evaluation_type"":""weekly_aggregation"",""execution_id"":""14029"",""agent"":""weekly_aggregator""}","1000","","[]","","t-14029","[]"
"Weekly-Aggregator-Agent-14025","14025","","SPAN","weekly_aggregator","2026-09-11 13:17:27.891000","2026-09-11 13:17:28.891000","","default","","","","DEFAULT","","","","","","","{}","{}","{}","0","{""weekly_metrics"":{""total_leads"":2,""lead_summary"":{""hot_leads"":2,""warm_leads"":0,""cold_leads"":0,""unknown_leads"":0},""status_summary"":{""quoted"":2,""open"":0,""needs_info"":0,""in_progress"":0},""urgency_summary"":{""high"":2,""medium"":0,""low"":0},""top_products"":[{""product"":""Standing Desk"",""lead_count"":1},{""product"":""Ergonomic Pro Chair"",""lead_count"":1}],""assigned_rep_summary"":{""Rep A"":1,""Rep B"":1},""high_value_opportunities"":[{""lead_id"":""L002"",""customer_name"":""Maria Chen"",""product_interest"":""Ergonomic Pro Chair"",""budget"":5000,""lead_tier"":""Hot"",""status"":""Quoted""},{""lead_id"":""L001"",""customer_name"":""John Martinez"",""product_interest"":""Standing Desk"",""budget"":800,""lead_tier"":""Hot"",""status"":""Quoted""}],""data_quality"":{""records_missing_email"":0,""records_missing_product"":0,""records_missing_budget"":0}}}","{
  ""executive_summary"": ""This week, the CRM recorded 2 leads, both categorized as Hot, with High urgency and Quoted status. The opportunities involve a Standing Desk with a budget of $800 and an Ergonomic Pro Chair with a budget of $5000."",
  ""lead_summary"": {
    ""total_leads"": 2,
    ""hot_leads"": 2,
    ""warm_leads"": 0,
    ""cold_leads"": 0,
    ""unknown_leads"": 0
  },
  ""top_products"": [
    {
      ""product"": ""Standing Desk"",
      ""lead_count"": 1
    },
    {
      ""product"": ""Ergonomic Pro Chair"",
      ""lead_count"": 1
    }
  ],
  ""key_trends"": [
    ""Two weekly leads were recorded, both categorized as Hot."",
    ""Both leads have a High urgency status and are Quoted.""
  ],
  ""high_value_opportunities"": [
    {
      ""lead_id"": ""L002"",
      ""customer_name"": ""Maria Chen"",
      ""product_interest"": ""Ergonomic Pro Chair"",
      ""budget"": 5000,
      ""lead_tier"": ""Hot"",
      ""status"": ""Quoted""
    },
    {
      ""lead_id"": ""L001"",
      ""customer_name"": ""John Martinez"",
      ""product_interest"": ""Standing Desk"",
      ""budget"": 800,
      ""lead_tier"": ""Hot"",
      ""status"": ""Quoted""
    }
  ],
  ""follow_up_priorities"": [
    ""Prioritize follow-up on the Hot leads."",
    ""Follow up on the quoted opportunities.""
  ],
  ""recommended_actions"": [],
  ""data_quality_notes"": [
    ""No CRM records were missing email addresses."",
    ""No CRM records were missing product information."",
    ""No CRM records were missing budget information.""
  ]
}","{""evaluation_type"":""weekly_aggregation"",""execution_id"":""14025"",""agent"":""weekly_aggregator""}","1000","","[]","","t-14025","[]"
"Weekly-Aggregator-Agent-14022","14022","","SPAN","weekly_aggregator","2026-09-11 13:16:25.329000","2026-09-11 13:16:26.329000","","default","","","","DEFAULT","","","","","","","{}","{}","{}","0","{""weekly_metrics"":{""total_leads"":2,""lead_summary"":{""hot_leads"":2,""warm_leads"":0,""cold_leads"":0,""unknown_leads"":0},""status_summary"":{""quoted"":2,""open"":0,""needs_info"":0,""in_progress"":0},""urgency_summary"":{""high"":2,""medium"":0,""low"":0},""top_products"":[{""product"":""Standing Desk"",""lead_count"":1},{""product"":""Ergonomic Pro Chair"",""lead_count"":1}],""assigned_rep_summary"":{""Rep A"":1,""Rep B"":1},""high_value_opportunities"":[{""lead_id"":""L002"",""customer_name"":""Maria Chen"",""product_interest"":""Ergonomic Pro Chair"",""budget"":5000,""lead_tier"":""Hot"",""status"":""Quoted""},{""lead_id"":""L001"",""customer_name"":""John Martinez"",""product_interest"":""Standing Desk"",""budget"":800,""lead_tier"":""Hot"",""status"":""Quoted""}],""data_quality"":{""records_missing_email"":0,""records_missing_product"":0,""records_missing_budget"":0}}}","{
  ""executive_summary"": ""This week, the CRM recorded 2 leads, both categorized as Hot, with High urgency and Quoted status. Notable opportunities include one for an Ergonomic Pro Chair with a customer budget of $5,000 and another for a Standing Desk with a budget of $800."",
  ""lead_summary"": {
    ""total_leads"": 2,
    ""hot_leads"": 2,
    ""warm_leads"": 0,
    ""cold_leads"": 0,
    ""unknown_leads"": 0
  },
  ""top_products"": [
    {
      ""product"": ""Standing Desk"",
      ""lead_count"": 1
    },
    {
      ""product"": ""Ergonomic Pro Chair"",
      ""lead_count"": 1
    }
  ],
  ""key_trends"": [
    ""Both leads recorded this week were categorized as Hot."",
    ""Both leads have High urgency and are in Quoted status.""
  ],
  ""high_value_opportunities"": [
    {
      ""lead_id"": ""L002"",
      ""customer_name"": ""Maria Chen"",
      ""product_interest"": ""Ergonomic Pro Chair"",
      ""budget"": 5000,
      ""lead_tier"": ""Hot"",
      ""status"": ""Quoted""
    },
    {
      ""lead_id"": ""L001"",
      ""customer_name"": ""John Martinez"",
      ""product_interest"": ""Standing Desk"",
      ""budget"": 800,
      ""lead_tier"": ""Hot"",
      ""status"": ""Quoted""
    }
  ],
  ""follow_up_priorities"": [
    ""Prioritize follow-up on the Hot leads."",
    ""Follow up on the quoted opportunities.""
  ],
  ""recommended_actions"": [],
  ""data_quality_notes"": [
    ""No CRM records were missing email addresses."",
    ""No CRM records were missing product information."",
    ""No CRM records were missing budget information.""
  ]
}","{""evaluation_type"":""weekly_aggregation"",""execution_id"":""14022"",""agent"":""weekly_aggregator""}","1000","","[]","","t-14022","[]"
"Weekly-Aggregator-Agent-14019","14019","","SPAN","weekly_aggregator","2026-09-11 13:12:23.142000","2026-09-11 13:12:24.142000","","default","","","","DEFAULT","","","","","","","{}","{}","{}","0","{""weekly_metrics"":{""total_leads"":2,""lead_summary"":{""hot_leads"":2,""warm_leads"":0,""cold_leads"":0,""unknown_leads"":0},""status_summary"":{""quoted"":2,""open"":0,""needs_info"":0,""in_progress"":0},""urgency_summary"":{""high"":2,""medium"":0,""low"":0},""top_products"":[{""product"":""Standing Desk"",""lead_count"":1},{""product"":""Ergonomic Pro Chair"",""lead_count"":1}],""assigned_rep_summary"":{""Rep A"":1,""Rep B"":1},""high_value_opportunities"":[{""lead_id"":""L002"",""customer_name"":""Maria Chen"",""product_interest"":""Ergonomic Pro Chair"",""budget"":5000,""lead_tier"":""Hot"",""status"":""Quoted""},{""lead_id"":""L001"",""customer_name"":""John Martinez"",""product_interest"":""Standing Desk"",""budget"":800,""lead_tier"":""Hot"",""status"":""Quoted""}],""data_quality"":{""records_missing_email"":0,""records_missing_product"":0,""records_missing_budget"":0}}}","{
  ""executive_summary"": ""This week, the CRM recorded 2 leads, both categorized as Hot, with High urgency and Quoted status. The leads include interest in both a Standing Desk and an Ergonomic Pro Chair, with a combined budget of $5,800."",
  ""lead_summary"": {
    ""total_leads"": 2,
    ""hot_leads"": 2,
    ""warm_leads"": 0,
    ""cold_leads"": 0,
    ""unknown_leads"": 0
  },
  ""top_products"": [
    {
      ""product"": ""Standing Desk"",
      ""lead_count"": 1
    },
    {
      ""product"": ""Ergonomic Pro Chair"",
      ""lead_count"": 1
    }
  ],
  ""key_trends"": [
    ""Both leads recorded this week were categorized as Hot."",
    ""Standing Desk and Ergonomic Pro Chair were represented in the weekly lead data.""
  ],
  ""high_value_opportunities"": [
    {
      ""lead_id"": ""L002"",
      ""customer_name"": ""Maria Chen"",
      ""product_interest"": ""Ergonomic Pro Chair"",
      ""budget"": 5000,
      ""lead_tier"": ""Hot"",
      ""status"": ""Quoted""
    },
    {
      ""lead_id"": ""L001"",
      ""customer_name"": ""John Martinez"",
      ""product_interest"": ""Standing Desk"",
      ""budget"": 800,
      ""lead_tier"": ""Hot"",
      ""status"": ""Quoted""
    }
  ],
  ""follow_up_priorities"": [
    ""Prioritize follow-up on the Hot, high-urgency quoted opportunities.""
  ],
  ""recommended_actions"": [
    ""Follow up on both quoted opportunities.""
  ],
  ""data_quality_notes"": [
    ""No CRM records were missing email addresses."",
    ""No CRM records were missing product information."",
    ""No CRM records were missing budget information.""
  ]
}","{""evaluation_type"":""weekly_aggregation"",""execution_id"":""14019"",""agent"":""weekly_aggregator""}","1000","","[]","","t-14019","[]"
"Weekly-Aggregator-Agent-14018","14018","","SPAN","weekly_aggregator","2026-09-11 13:11:38.135000","2026-09-11 13:11:39.136000","","default","","","","DEFAULT","","","","","","","{}","{}","{}","0","{""weekly_metrics"":{""total_leads"":2,""lead_summary"":{""hot_leads"":2,""warm_leads"":0,""cold_leads"":0,""unknown_leads"":0},""status_summary"":{""quoted"":2,""open"":0,""needs_info"":0,""in_progress"":0},""urgency_summary"":{""high"":2,""medium"":0,""low"":0},""top_products"":[{""product"":""Standing Desk"",""lead_count"":1},{""product"":""Ergonomic Pro Chair"",""lead_count"":1}],""assigned_rep_summary"":{""Rep A"":1,""Rep B"":1},""high_value_opportunities"":[{""lead_id"":""L002"",""customer_name"":""Maria Chen"",""product_interest"":""Ergonomic Pro Chair"",""budget"":5000,""lead_tier"":""Hot"",""status"":""Quoted""},{""lead_id"":""L001"",""customer_name"":""John Martinez"",""product_interest"":""Standing Desk"",""budget"":800,""lead_tier"":""Hot"",""status"":""Quoted""}],""data_quality"":{""records_missing_email"":0,""records_missing_product"":0,""records_missing_budget"":0}}}","{
  ""executive_summary"": ""This week, the CRM recorded 2 leads, both categorized as Hot, with High urgency and Quoted status. The leads concern a Standing Desk and an Ergonomic Pro Chair, with customer budgets of $800 and $5000 respectively."",
  ""lead_summary"": {
    ""total_leads"": 2,
    ""hot_leads"": 2,
    ""warm_leads"": 0,
    ""cold_leads"": 0,
    ""unknown_leads"": 0
  },
  ""top_products"": [
    {
      ""product"": ""Standing Desk"",
      ""lead_count"": 1
    },
    {
      ""product"": ""Ergonomic Pro Chair"",
      ""lead_count"": 1
    }
  ],
  ""key_trends"": [],
  ""high_value_opportunities"": [
    {
      ""lead_id"": ""L002"",
      ""customer_name"": ""Maria Chen"",
      ""product_interest"": ""Ergonomic Pro Chair"",
      ""budget"": 5000,
      ""lead_tier"": ""Hot"",
      ""status"": ""Quoted""
    },
    {
      ""lead_id"": ""L001"",
      ""customer_name"": ""John Martinez"",
      ""product_interest"": ""Standing Desk"",
      ""budget"": 800,
      ""lead_tier"": ""Hot"",
      ""status"": ""Quoted""
    }
  ],
  ""follow_up_priorities"": [
    ""Prioritize follow-up on the Hot, high-urgency quoted opportunities.""
  ],
  ""recommended_actions"": [
    ""Follow up on the quoted opportunities.""
  ],
  ""data_quality_notes"": [
    ""No CRM records were missing email addresses."",
    ""No CRM records were missing product information."",
    ""No CRM records were missing budget information.""
  ]
}","{""evaluation_type"":""weekly_aggregation"",""execution_id"":""14018"",""agent"":""weekly_aggregator""}","1001","","[]","","t-14018","[]"
"Weekly-Aggregator-Agent-14007","14007","","SPAN","weekly_aggregator","2026-09-11 12:58:13.007000","2026-09-11 12:58:14.007000","","default","","","","DEFAULT","","","","","","","{}","{}","{}","0","{""weekly_metrics"":{""total_leads"":2,""lead_summary"":{""hot_leads"":2,""warm_leads"":0,""cold_leads"":0,""unknown_leads"":0},""status_summary"":{""quoted"":2,""open"":0,""needs_info"":0,""in_progress"":0},""urgency_summary"":{""high"":2,""medium"":0,""low"":0},""top_products"":[{""product"":""Standing Desk"",""lead_count"":1},{""product"":""Ergonomic Pro Chair"",""lead_count"":1}],""assigned_rep_summary"":{""Rep A"":1,""Rep B"":1},""high_value_opportunities"":[{""lead_id"":""L002"",""customer_name"":""Maria Chen"",""product_interest"":""Ergonomic Pro Chair"",""budget"":5000,""lead_tier"":""Hot"",""status"":""Quoted""},{""lead_id"":""L001"",""customer_name"":""John Martinez"",""product_interest"":""Standing Desk"",""budget"":800,""lead_tier"":""Hot"",""status"":""Quoted""}],""data_quality"":{""records_missing_email"":0,""records_missing_product"":0,""records_missing_budget"":0}}}","{
  ""executive_summary"": ""This week, the CRM recorded 2 leads, both categorized as Hot, with High urgency and Quoted status. The leads pertain to an Ergonomic Pro Chair with a customer budget of $5,000 and a Standing Desk with a budget of $800."",
  ""lead_summary"": {
    ""total_leads"": 2,
    ""hot_leads"": 2,
    ""warm_leads"": 0,
    ""cold_leads"": 0,
    ""unknown_leads"": 0
  },
  ""top_products"": [
    {
      ""product"": ""Standing Desk"",
      ""lead_count"": 1
    },
    {
      ""product"": ""Ergonomic Pro Chair"",
      ""lead_count"": 1
    }
  ],
  ""key_trends"": [
    ""Both leads were categorized as Hot."",
    ""Both leads have High urgency and Quoted status.""
  ],
  ""high_value_opportunities"": [
    {
      ""lead_id"": ""L002"",
      ""customer_name"": ""Maria Chen"",
      ""product_interest"": ""Ergonomic Pro Chair"",
      ""budget"": 5000,
      ""lead_tier"": ""Hot"",
      ""status"": ""Quoted""
    },
    {
      ""lead_id"": ""L001"",
      ""customer_name"": ""John Martinez"",
      ""product_interest"": ""Standing Desk"",
      ""budget"": 800,
      ""lead_tier"": ""Hot"",
      ""status"": ""Quoted""
    }
  ],
  ""follow_up_priorities"": [
    ""Prioritize follow-up on the Hot, high-urgency quoted opportunities.""
  ],
  ""recommended_actions"": [
    ""Follow up on both quoted opportunities."",
    ""Review high-value opportunities with the assigned sales representatives.""
  ],
  ""data_quality_notes"": [
    ""No CRM records were missing email addresses."",
    ""No CRM records were missing product information."",
    ""No CRM records were missing budget information.""
  ]
}","{""evaluation_type"":""weekly_aggregation"",""execution_id"":""14007"",""agent"":""weekly_aggregator""}","1000","","[]","","t-14007","[]"
"Weekly-Aggregator-Agent-14004","14004","","SPAN","weekly_aggregator","2026-09-11 12:53:02.556000","2026-09-11 12:53:03.556000","","default","","","","DEFAULT","","","","","","","{}","{}","{}","0","{""weekly_metrics"":{""total_leads"":2,""lead_summary"":{""hot_leads"":2,""warm_leads"":0,""cold_leads"":0,""unknown_leads"":0},""status_summary"":{""quoted"":2,""open"":0,""needs_info"":0,""in_progress"":0},""urgency_summary"":{""high"":2,""medium"":0,""low"":0},""top_products"":[{""product"":""Standing Desk"",""lead_count"":1},{""product"":""Ergonomic Pro Chair"",""lead_count"":1}],""assigned_rep_summary"":{""Rep A"":1,""Rep B"":1},""high_value_opportunities"":[{""lead_id"":""L002"",""customer_name"":""Maria Chen"",""product_interest"":""Ergonomic Pro Chair"",""budget"":5000,""lead_tier"":""Hot"",""status"":""Quoted""},{""lead_id"":""L001"",""customer_name"":""John Martinez"",""product_interest"":""Standing Desk"",""budget"":800,""lead_tier"":""Hot"",""status"":""Quoted""}],""data_quality"":{""records_missing_email"":0,""records_missing_product"":0,""records_missing_budget"":0}}}","{
  ""executive_summary"": ""This week, the CRM recorded 2 leads, both categorized as Hot, with High urgency and Quoted status. Notable opportunities include a budget of $5,000 for an Ergonomic Pro Chair and $800 for a Standing Desk."",
  ""lead_summary"": {
    ""total_leads"": 2,
    ""hot_leads"": 2,
    ""warm_leads"": 0,
    ""cold_leads"": 0,
    ""unknown_leads"": 0
  },
  ""top_products"": [
    {
      ""product"": ""Standing Desk"",
      ""lead_count"": 1
    },
    {
      ""product"": ""Ergonomic Pro Chair"",
      ""lead_count"": 1
    }
  ],
  ""key_trends"": [
    ""Both leads this week were categorized as Hot."",
    ""All leads were in Quoted status and had High urgency.""
  ],
  ""high_value_opportunities"": [
    {
      ""lead_id"": ""L002"",
      ""customer_name"": ""Maria Chen"",
      ""product_interest"": ""Ergonomic Pro Chair"",
      ""budget"": 5000,
      ""lead_tier"": ""Hot"",
      ""status"": ""Quoted""
    },
    {
      ""lead_id"": ""L001"",
      ""customer_name"": ""John Martinez"",
      ""product_interest"": ""Standing Desk"",
      ""budget"": 800,
      ""lead_tier"": ""Hot"",
      ""status"": ""Quoted""
    }
  ],
  ""follow_up_priorities"": [
    ""Prioritize follow-up on the Hot leads."",
    ""Follow up on the quoted opportunities.""
  ],
  ""recommended_actions"": [
    ""Review high-value opportunities with the assigned sales representatives.""
  ],
  ""data_quality_notes"": [
    ""No CRM records were missing email addresses."",
    ""No CRM records were missing product information."",
    ""No CRM records were missing budget information.""
  ]
}","{""evaluation_type"":""weekly_aggregation"",""execution_id"":""14004"",""agent"":""weekly_aggregator""}","1000","","[]","","t-14004","[]"
"Weekly-Aggregator-Agent-13961","13961","","SPAN","weekly_aggregator","2026-09-10 17:46:12.168000","2026-09-10 17:46:13.168000","","default","","","","DEFAULT","","","","","","","{}","{}","{}","0","{""weekly_metrics"":{""total_leads"":2,""lead_summary"":{""hot_leads"":2,""warm_leads"":0,""cold_leads"":0,""unknown_leads"":0},""status_summary"":{""quoted"":2,""open"":0,""needs_info"":0,""in_progress"":0},""urgency_summary"":{""high"":2,""medium"":0,""low"":0},""top_products"":[{""product"":""Standing Desk"",""lead_count"":1},{""product"":""Ergonomic Pro Chair"",""lead_count"":1}],""assigned_rep_summary"":{""Rep A"":1,""Rep B"":1},""high_value_opportunities"":[{""lead_id"":""L002"",""customer_name"":""Maria Chen"",""product_interest"":""Ergonomic Pro Chair"",""budget"":5000,""lead_tier"":""Hot"",""status"":""Quoted""},{""lead_id"":""L001"",""customer_name"":""John Martinez"",""product_interest"":""Standing Desk"",""budget"":800,""lead_tier"":""Hot"",""status"":""Quoted""}],""data_quality"":{""records_missing_email"":0,""records_missing_product"":0,""records_missing_budget"":0}}}","{
  ""executive_summary"": ""This week, the CRM recorded 2 leads, both categorized as Hot, with High urgency and Quoted status. The leads include interests in both a Standing Desk and an Ergonomic Pro Chair, with budgets of $800 and $5000 respectively."",
  ""lead_summary"": {
    ""total_leads"": 2,
    ""hot_leads"": 2,
    ""warm_leads"": 0,
    ""cold_leads"": 0,
    ""unknown_leads"": 0
  },
  ""top_products"": [
    {
      ""product"": ""Standing Desk"",
      ""lead_count"": 1
    },
    {
      ""product"": ""Ergonomic Pro Chair"",
      ""lead_count"": 1
    }
  ],
  ""key_trends"": [],
  ""high_value_opportunities"": [
    {
      ""lead_id"": ""L002"",
      ""customer_name"": ""Maria Chen"",
      ""product_interest"": ""Ergonomic Pro Chair"",
      ""budget"": 5000,
      ""lead_tier"": ""Hot"",
      ""status"": ""Quoted""
    },
    {
      ""lead_id"": ""L001"",
      ""customer_name"": ""John Martinez"",
      ""product_interest"": ""Standing Desk"",
      ""budget"": 800,
      ""lead_tier"": ""Hot"",
      ""status"": ""Quoted""
    }
  ],
  ""follow_up_priorities"": [
    ""Prioritize follow-up on the Hot, high-urgency quoted opportunities.""
  ],
  ""recommended_actions"": [
    ""Follow up on both quoted opportunities.""
  ],
  ""data_quality_notes"": [
    ""No CRM records were missing email addresses."",
    ""No CRM records were missing product information."",
    ""No CRM records were missing budget information.""
  ]
}","{""evaluation_type"":""weekly_aggregation"",""execution_id"":""13961"",""agent"":""weekly_aggregator""}","1000","","[]","","t-13961","[]"
"Weekly-Aggregator-Agent-13958","13958","","SPAN","weekly_aggregator","2026-09-10 17:43:41.775000","2026-09-10 17:43:42.775000","","default","","","","DEFAULT","","","","","","","{}","{}","{}","0","{""weekly_metrics"":{""total_leads"":2,""lead_summary"":{""hot_leads"":2,""warm_leads"":0,""cold_leads"":0,""unknown_leads"":0},""status_summary"":{""quoted"":2,""open"":0,""needs_info"":0,""in_progress"":0},""urgency_summary"":{""high"":2,""medium"":0,""low"":0},""top_products"":[{""product"":""Standing Desk"",""lead_count"":1},{""product"":""Ergonomic Pro Chair"",""lead_count"":1}],""assigned_rep_summary"":{""Rep A"":1,""Rep B"":1},""high_value_opportunities"":[{""lead_id"":""L002"",""customer_name"":""Maria Chen"",""product_interest"":""Ergonomic Pro Chair"",""budget"":5000,""lead_tier"":""Hot"",""status"":""Quoted""},{""lead_id"":""L001"",""customer_name"":""John Martinez"",""product_interest"":""Standing Desk"",""budget"":800,""lead_tier"":""Hot"",""status"":""Quoted""}],""data_quality"":{""records_missing_email"":0,""records_missing_product"":0,""records_missing_budget"":0}}}","{
  ""executive_summary"": ""This week, the CRM recorded 2 leads, both categorized as Hot, with High urgency and Quoted status. One lead is for a Standing Desk with a budget of $800, and the other is for an Ergonomic Pro Chair with a budget of $5000."",
  ""lead_summary"": {
    ""total_leads"": 2,
    ""hot_leads"": 2,
    ""warm_leads"": 0,
    ""cold_leads"": 0,
    ""unknown_leads"": 0
  },
  ""top_products"": [
    {
      ""product"": ""Standing Desk"",
      ""lead_count"": 1
    },
    {
      ""product"": ""Ergonomic Pro Chair"",
      ""lead_count"": 1
    }
  ],
  ""key_trends"": [
    ""Both leads were categorized as Hot."",
    ""Both leads had a status of Quoted."",
    ""The dataset is too small to establish a broader trend.""
  ],
  ""high_value_opportunities"": [
    {
      ""lead_id"": ""L002"",
      ""customer_name"": ""Maria Chen"",
      ""product_interest"": ""Ergonomic Pro Chair"",
      ""budget"": 5000,
      ""lead_tier"": ""Hot"",
      ""status"": ""Quoted""
    },
    {
      ""lead_id"": ""L001"",
      ""customer_name"": ""John Martinez"",
      ""product_interest"": ""Standing Desk"",
      ""budget"": 800,
      ""lead_tier"": ""Hot"",
      ""status"": ""Quoted""
    }
  ],
  ""follow_up_priorities"": [
    ""Prioritize follow-up on the Hot leads."",
    ""Follow up on the quoted opportunities.""
  ],
  ""recommended_actions"": [],
  ""data_quality_notes"": [
    ""No CRM records were missing email addresses."",
    ""No CRM records were missing product information."",
    ""No CRM records were missing budget information.""
  ]
}","{""evaluation_type"":""weekly_aggregation"",""execution_id"":""13958"",""agent"":""weekly_aggregator""}","1000","","[]","","t-13958","[]"
"Weekly-Aggregator-Agent-13953","13953","","SPAN","weekly_aggregator","2026-09-10 17:36:14.100000","2026-09-10 17:36:15.100000","","default","","","","DEFAULT","","","","","","","{}","{}","{}","0","{""weekly_metrics"":{""total_leads"":2,""lead_summary"":{""hot_leads"":2,""warm_leads"":0,""cold_leads"":0,""unknown_leads"":0},""status_summary"":{""quoted"":2,""open"":0,""needs_info"":0,""in_progress"":0},""urgency_summary"":{""high"":2,""medium"":0,""low"":0},""top_products"":[{""product"":""Standing Desk"",""lead_count"":1},{""product"":""Ergonomic Pro Chair"",""lead_count"":1}],""assigned_rep_summary"":{""Rep A"":1,""Rep B"":1},""high_value_opportunities"":[{""lead_id"":""L002"",""customer_name"":""Maria Chen"",""product_interest"":""Ergonomic Pro Chair"",""budget"":5000,""lead_tier"":""Hot"",""status"":""Quoted""},{""lead_id"":""L001"",""customer_name"":""John Martinez"",""product_interest"":""Standing Desk"",""budget"":800,""lead_tier"":""Hot"",""status"":""Quoted""}],""data_quality"":{""records_missing_email"":0,""records_missing_product"":0,""records_missing_budget"":0}}}","{
  ""executive_summary"": ""This week, the CRM recorded 2 leads, both categorized as Hot, with High urgency and Quoted status. The leads concern a Standing Desk with a budget of $800 and an Ergonomic Pro Chair with a budget of $5000."",
  ""lead_summary"": {
    ""total_leads"": 2,
    ""hot_leads"": 2,
    ""warm_leads"": 0,
    ""cold_leads"": 0,
    ""unknown_leads"": 0
  },
  ""top_products"": [
    {
      ""product"": ""Standing Desk"",
      ""lead_count"": 1
    },
    {
      ""product"": ""Ergonomic Pro Chair"",
      ""lead_count"": 1
    }
  ],
  ""key_trends"": [
    ""This week, both leads were categorized as Hot."",
    ""Both leads have High urgency and Quoted status.""
  ],
  ""high_value_opportunities"": [
    {
      ""lead_id"": ""L002"",
      ""customer_name"": ""Maria Chen"",
      ""product_interest"": ""Ergonomic Pro Chair"",
      ""budget"": 5000,
      ""lead_tier"": ""Hot"",
      ""status"": ""Quoted""
    },
    {
      ""lead_id"": ""L001"",
      ""customer_name"": ""John Martinez"",
      ""product_interest"": ""Standing Desk"",
      ""budget"": 800,
      ""lead_tier"": ""Hot"",
      ""status"": ""Quoted""
    }
  ],
  ""follow_up_priorities"": [
    ""Prioritize follow-up on the Hot, high-urgency quoted opportunities.""
  ],
  ""recommended_actions"": [
    ""Follow up on both quoted opportunities.""
  ],
  ""data_quality_notes"": [
    ""No CRM records were missing email addresses."",
    ""No CRM records were missing product information."",
    ""No CRM records were missing budget information.""
  ]
}","{""evaluation_type"":""weekly_aggregation"",""execution_id"":""13953"",""agent"":""weekly_aggregator""}","1000","","[]","","t-13953","[]"
"Weekly-Aggregator-Agent-13945","13945","","SPAN","weekly_aggregator","2026-09-10 17:06:37.341000","2026-09-10 17:06:38.341000","","default","","","","DEFAULT","","","","","","","{}","{}","{}","0","{""weekly_metrics"":{""total_leads"":2,""lead_summary"":{""hot_leads"":1,""warm_leads"":0,""cold_leads"":1,""unknown_leads"":0},""status_summary"":{""quoted"":1,""open"":0,""needs_info"":0,""in_progress"":0},""urgency_summary"":{""high"":1,""medium"":0,""low"":0},""top_products"":[{""product"":""Standing Desk"",""lead_count"":1},{""product"":""Unknown"",""lead_count"":1}],""assigned_rep_summary"":{""Rep A"":1,""Insufficient product/requirement information; clarification required"":1},""high_value_opportunities"":[{""lead_id"":""L001"",""customer_name"":""John Martinez"",""product_interest"":""Standing Desk"",""budget"":800,""lead_tier"":""Hot"",""status"":""Quoted""}],""data_quality"":{""records_missing_email"":0,""records_missing_product"":1,""records_missing_budget"":0}}}","{
  ""executive_summary"": ""This week, the CRM recorded 2 leads: 1 categorized as Hot and 1 as Cold. One lead was classified with High urgency and Quoted status, concerning a Standing Desk with a customer budget of $800."",
  ""lead_summary"": {
    ""total_leads"": 2,
    ""hot_leads"": 1,
    ""warm_leads"": 0,
    ""cold_leads"": 1,
    ""unknown_leads"": 0
  },
  ""top_products"": [
    {
      ""product"": ""Standing Desk"",
      ""lead_count"": 1
    },
    {
      ""product"": ""Unknown"",
      ""lead_count"": 1
    }
  ],
  ""key_trends"": [
    ""One weekly lead was categorized as Hot."",
    ""One weekly lead was categorized as Cold."",
    ""The weekly dataset is too small to establish a broader trend.""
  ],
  ""high_value_opportunities"": [
    {
      ""lead_id"": ""L001"",
      ""customer_name"": ""John Martinez"",
      ""product_interest"": ""Standing Desk"",
      ""budget"": 800,
      ""lead_tier"": ""Hot"",
      ""status"": ""Quoted""
    }
  ],
  ""follow_up_priorities"": [
    ""Prioritize follow-up on the Hot, high-urgency quoted opportunity.""
  ],
  ""recommended_actions"": [
    ""Request clarification on the lead with insufficient product information.""
  ],
  ""data_quality_notes"": [
    ""1 CRM record was missing product information.""
  ]
}","{""evaluation_type"":""weekly_aggregation"",""execution_id"":""13945"",""agent"":""weekly_aggregator""}","1000","","[]","","t-13945","[]"
"Weekly-Aggregator-Agent-13900","13900","","SPAN","weekly_aggregator","2026-09-10 15:49:01.998000","2026-09-10 15:49:02.998000","","default","","","","DEFAULT","","","","","","","{}","{}","{}","0","{""weekly_metrics"":{""total_leads"":2,""lead_summary"":{""hot_leads"":1,""warm_leads"":0,""cold_leads"":1,""unknown_leads"":0},""status_summary"":{""quoted"":1,""open"":0,""needs_info"":0,""in_progress"":0},""urgency_summary"":{""high"":1,""medium"":0,""low"":0},""top_products"":[{""product"":""Standing Desk"",""lead_count"":1},{""product"":""Unknown"",""lead_count"":1}],""assigned_rep_summary"":{""Rep A"":1,""Insufficient product/requirement information; clarification required"":1},""high_value_opportunities"":[{""lead_id"":""L001"",""customer_name"":""John Martinez"",""product_interest"":""Standing Desk"",""budget"":800,""lead_tier"":""Hot"",""status"":""Quoted""}],""data_quality"":{""records_missing_email"":0,""records_missing_product"":1,""records_missing_budget"":0}}}","{
  ""executive_summary"": ""This week, the CRM recorded 2 leads, including 1 Hot lead with High urgency and 1 lead categorized as Cold. One lead was quoted for a Standing Desk with a customer budget of $800."",
  ""lead_summary"": {
    ""total_leads"": 2,
    ""hot_leads"": 1,
    ""warm_leads"": 0,
    ""cold_leads"": 1,
    ""unknown_leads"": 0
  },
  ""top_products"": [
    {
      ""product"": ""Standing Desk"",
      ""lead_count"": 1
    },
    {
      ""product"": ""Unknown"",
      ""lead_count"": 1
    }
  ],
  ""key_trends"": [
    ""One weekly lead was categorized as Hot."",
    ""One lead was categorized as Cold."",
    ""One weekly lead for a Standing Desk was quoted.""
  ],
  ""high_value_opportunities"": [
    {
      ""lead_id"": ""L001"",
      ""customer_name"": ""John Martinez"",
      ""product_interest"": ""Standing Desk"",
      ""budget"": 800,
      ""lead_tier"": ""Hot"",
      ""status"": ""Quoted""
    }
  ],
  ""follow_up_priorities"": [
    ""Prioritize follow-up on the Hot lead."",
    ""Follow up on the quoted opportunity.""
  ],
  ""recommended_actions"": [
    ""Request clarification regarding missing product information.""
  ],
  ""data_quality_notes"": [
    ""1 CRM record was missing product information.""
  ]
}","{""evaluation_type"":""weekly_aggregation"",""execution_id"":""13900"",""agent"":""weekly_aggregator""}","1000","","[]","","t-13900","[]"
"Weekly-Aggregator-Agent-13896","13896","","SPAN","weekly_aggregator","2026-09-10 15:43:01.891000","2026-09-10 15:43:02.891000","","default","","","","DEFAULT","","","","","","","{}","{}","{}","0","{""weekly_metrics"":{""total_leads"":2,""lead_summary"":{""hot_leads"":1,""warm_leads"":0,""cold_leads"":1,""unknown_leads"":0},""status_summary"":{""quoted"":1,""open"":0,""needs_info"":0,""in_progress"":0},""urgency_summary"":{""high"":1,""medium"":0,""low"":0},""top_products"":[{""product"":""Standing Desk"",""lead_count"":1},{""product"":""Unknown"",""lead_count"":1}],""assigned_rep_summary"":{""Rep A"":1,""Insufficient product/requirement information; clarification required"":1},""high_value_opportunities"":[{""lead_id"":""L001"",""customer_name"":""John Martinez"",""product_interest"":""Standing Desk"",""budget"":800,""lead_tier"":""Hot"",""status"":""Quoted""}],""data_quality"":{""records_missing_email"":0,""records_missing_product"":1,""records_missing_budget"":0}}}","{
  ""executive_summary"": ""This week, the CRM recorded 2 leads, including 1 Hot lead with High urgency and Quoted status. One high-value opportunity concerns a Standing Desk with a customer budget of $800."",
  ""lead_summary"": {
    ""total_leads"": 2,
    ""hot_leads"": 1,
    ""warm_leads"": 0,
    ""cold_leads"": 1,
    ""unknown_leads"": 0
  },
  ""top_products"": [
    {
      ""product"": ""Standing Desk"",
      ""lead_count"": 1
    },
    {
      ""product"": ""Unknown"",
      ""lead_count"": 1
    }
  ],
  ""key_trends"": [
    ""One weekly lead was categorized as Hot."",
    ""One lead was recorded as Cold."",
    ""Standing Desk was one of the products represented in this week's lead data."",
    ""The dataset is too small to establish a broader trend.""
  ],
  ""high_value_opportunities"": [
    {
      ""lead_id"": ""L001"",
      ""customer_name"": ""John Martinez"",
      ""product_interest"": ""Standing Desk"",
      ""budget"": 800,
      ""lead_tier"": ""Hot"",
      ""status"": ""Quoted""
    }
  ],
  ""follow_up_priorities"": [
    ""Prioritize follow-up on the Hot, high-urgency quoted opportunity.""
  ],
  ""recommended_actions"": [
    ""Request clarification on the product for the lead categorized as unknown.""
  ],
  ""data_quality_notes"": [
    ""1 CRM record was missing product information.""
  ]
}","{""evaluation_type"":""weekly_aggregation"",""execution_id"":""13896"",""agent"":""weekly_aggregator""}","1000","","[]","","t-13896","[]"
"Weekly-Aggregator-Agent-13870","13870","","SPAN","weekly_aggregator","2026-09-10 15:07:33.837000","2026-09-10 15:07:34.837000","","default","","","","DEFAULT","","","","","","","{}","{}","{}","0","{""weekly_metrics"":{""total_leads"":1,""lead_summary"":{""hot_leads"":1,""warm_leads"":0,""cold_leads"":0,""unknown_leads"":0},""status_summary"":{""quoted"":1,""open"":0,""needs_info"":0,""in_progress"":0},""urgency_summary"":{""high"":1,""medium"":0,""low"":0},""top_products"":[{""product"":""Standing Desk"",""lead_count"":1}],""assigned_rep_summary"":{""Rep A"":1},""high_value_opportunities"":[{""lead_id"":""L001"",""customer_name"":""John Martinez"",""product_interest"":""Standing Desk"",""budget"":800,""lead_tier"":""Hot"",""status"":""Quoted""}],""data_quality"":{""records_missing_email"":0,""records_missing_product"":0,""records_missing_budget"":0}}}","{
  ""executive_summary"": ""This week, the CRM recorded 1 lead, categorized as Hot, with High urgency and Quoted status. The lead concerns a Standing Desk with a customer budget of $800; the single-lead dataset is insufficient to establish a broader sales trend."",
  ""lead_summary"": {
    ""total_leads"": 1,
    ""hot_leads"": 1,
    ""warm_leads"": 0,
    ""cold_leads"": 0,
    ""unknown_leads"": 0
  },
  ""top_products"": [
    {
      ""product"": ""Standing Desk"",
      ""lead_count"": 1
    }
  ],
  ""key_trends"": [
    ""One weekly lead was categorized as Hot."",
    ""Standing Desk was the only product represented in the weekly lead data."",
    ""The weekly dataset is too small to establish a broader trend.""
  ],
  ""high_value_opportunities"": [
    {
      ""lead_id"": ""L001"",
      ""customer_name"": ""John Martinez"",
      ""product_interest"": ""Standing Desk"",
      ""budget"": 800,
      ""lead_tier"": ""Hot"",
      ""status"": ""Quoted""
    }
  ],
  ""follow_up_priorities"": [
    ""Prioritize follow-up on the Hot, high-urgency quoted opportunity.""
  ],
  ""recommended_actions"": [
    ""Follow up on the quoted opportunity.""
  ],
  ""data_quality_notes"": [
    ""No CRM records were missing email addresses."",
    ""No CRM records were missing product information."",
    ""No CRM records were missing budget information.""
  ]
}","{""evaluation_type"":""weekly_aggregation"",""execution_id"":""13870"",""agent"":""weekly_aggregator""}","1000","","[]","","t-13870","[]"
"Weekly-Aggregator-Agent-13771","13771","","SPAN","weekly_aggregator","2026-09-08 16:17:17.393000","2026-09-08 16:17:18.393000","","default","","","","DEFAULT","","","","","","","{}","{}","{}","0","{""weekly_metrics"":{""total_leads"":1,""lead_summary"":{""hot_leads"":1,""warm_leads"":0,""cold_leads"":0,""unknown_leads"":0},""status_summary"":{""quoted"":1,""open"":0,""needs_info"":0,""in_progress"":0},""urgency_summary"":{""high"":1,""medium"":0,""low"":0},""top_products"":[{""product"":""Standing Desk"",""lead_count"":1}],""assigned_rep_summary"":{""Rep A"":1},""high_value_opportunities"":[{""lead_id"":""L001"",""customer_name"":""John Martinez"",""product_interest"":""Standing Desk"",""budget"":800,""lead_tier"":""Hot"",""status"":""Quoted""}],""data_quality"":{""records_missing_email"":0,""records_missing_product"":0,""records_missing_budget"":0}}}","{
  ""executive_summary"": ""This week, the CRM recorded 1 lead, categorized as Hot, with High urgency and Quoted status. The lead concerns a Standing Desk with a customer budget of $800; the single-lead dataset is insufficient to establish a broader sales trend."",
  ""lead_summary"": {
    ""total_leads"": 1,
    ""hot_leads"": 1,
    ""warm_leads"": 0,
    ""cold_leads"": 0,
    ""unknown_leads"": 0
  },
  ""top_products"": [
    {
      ""product"": ""Standing Desk"",
      ""lead_count"": 1
    }
  ],
  ""key_trends"": [
    ""One weekly lead was categorized as Hot."",
    ""Standing Desk was the only product represented in the weekly lead data."",
    ""The weekly dataset is too small to establish a broader trend.""
  ],
  ""high_value_opportunities"": [
    {
      ""lead_id"": ""L001"",
      ""customer_name"": ""John Martinez"",
      ""product_interest"": ""Standing Desk"",
      ""budget"": 800,
      ""lead_tier"": ""Hot"",
      ""status"": ""Quoted""
    }
  ],
  ""follow_up_priorities"": [
    ""Prioritize follow-up on the Hot lead."",
    ""Follow up on the quoted opportunity.""
  ],
  ""recommended_actions"": [],
  ""data_quality_notes"": [
    ""No CRM records were missing email addresses."",
    ""No CRM records were missing product information."",
    ""No CRM records were missing budget information.""
  ]
}","{""evaluation_type"":""weekly_aggregation"",""execution_id"":""13771"",""agent"":""weekly_aggregator""}","1000","","[]","","t-13771","[]"
"Weekly-Aggregator-Agent-13740","13740","","SPAN","weekly_aggregator","2026-09-08 15:40:11.870000","2026-09-08 15:40:12.870000","","default","","","","DEFAULT","","","","","","","{}","{}","{}","0","{""weekly_metrics"":{""total_leads"":1,""lead_summary"":{""hot_leads"":1,""warm_leads"":0,""cold_leads"":0,""unknown_leads"":0},""status_summary"":{""quoted"":1,""open"":0,""needs_info"":0,""in_progress"":0},""urgency_summary"":{""high"":1,""medium"":0,""low"":0},""top_products"":[{""product"":""Standing Desk"",""lead_count"":1}],""assigned_rep_summary"":{""Rep A"":1},""high_value_opportunities"":[{""lead_id"":""L001"",""customer_name"":""John Martinez"",""product_interest"":""Standing Desk"",""budget"":800,""lead_tier"":""Hot"",""status"":""Quoted""}],""data_quality"":{""records_missing_email"":0,""records_missing_product"":0,""records_missing_budget"":0}}}","{
  ""executive_summary"": ""This week, the CRM recorded 1 lead, categorized as Hot, with High urgency and Quoted status. The lead concerns a Standing Desk with a customer budget of $800; the single-lead dataset is insufficient to establish a broader sales trend."",
  ""lead_summary"": {
    ""total_leads"": 1,
    ""hot_leads"": 1,
    ""warm_leads"": 0,
    ""cold_leads"": 0,
    ""unknown_leads"": 0
  },
  ""top_products"": [
    {
      ""product"": ""Standing Desk"",
      ""lead_count"": 1
    }
  ],
  ""key_trends"": [
    ""One weekly lead was categorized as Hot."",
    ""Standing Desk was the only product represented in the weekly lead data."",
    ""The weekly dataset is too small to establish a broader trend.""
  ],
  ""high_value_opportunities"": [
    {
      ""lead_id"": ""L001"",
      ""customer_name"": ""John Martinez"",
      ""product_interest"": ""Standing Desk"",
      ""budget"": 800,
      ""lead_tier"": ""Hot"",
      ""status"": ""Quoted""
    }
  ],
  ""follow_up_priorities"": [
    ""Prioritize follow-up on the Hot, high-urgency quoted opportunity.""
  ],
  ""recommended_actions"": [
    ""Follow up on the quoted opportunity.""
  ],
  ""data_quality_notes"": [
    ""No CRM records were missing email addresses."",
    ""No CRM records were missing product information."",
    ""No CRM records were missing budget information.""
  ]
}","{""evaluation_type"":""weekly_aggregation"",""execution_id"":""13740"",""agent"":""weekly_aggregator""}","1000","","[]","","t-13740","[]"
"response-drafter-run-1788877576094","run-1788877576094","","SPAN","response_drafter","2026-09-06 11:45:00.000000","2026-09-06 11:45:01.000000","","default","","","","DEFAULT","","","","","","","{}","{}","{}","0","{""recommendation_output"":{""recommendation_status"":""PARTIAL_MATCH"",""recommendations"":[{""product_id"":""P002"",""product_name"":""Adjustable Standing Desk Pro"",""price"":""$749.00"",""why_recommended"":""Matches the standing desk requirement and adjustable height feature. The price of $749 is within the budget. However, it does not confirm the requested dark walnut finish.""},{""product_id"":""P003"",""product_name"":""Adjustable Standing Desk Basic"",""price"":""$449.00"",""why_recommended"":""Matches the standing desk requirement and adjustable height feature, and is within budget. The catalog does not confirm dark walnut finish.""},{""product_id"":""P020"",""product_name"":""Sit-Stand Desk Converter"",""price"":""$279.00"",""why_recommended"":""This product offers an adjustable height and is within budget. However, it does not meet the primary standing desk requirement, as it's a converter.""}]}}","{""lead_id"":""L001"",""created_at"":""2023-10-04"",""customer_name"":""John Martinez"",""email"":""john.martinez@techcorp.com"",""lead_tier"":""Hot"",""product_interest"":""Standing Desk"",""budget"":800,""urgency"":""High"",""source"":""Email"",""status"":""Quoted"",""assigned_to"":""Rep A"",""notes"":""Requirements include dark walnut finish and adjustable height. Customer works from home full-time and values quality.""}","{""test_id"":""E01"",""agent"":""CRM Update Agent""}","1000","","[]","","t-run-1788877576094","[]"
"response-drafter-run-1788691100276","run-1788691100276","","SPAN","response_drafter","2026-09-06 11:45:00.000000","2026-09-06 11:45:01.000000","","default","","","","DEFAULT","","","","","","","{}","{}","{}","0","{""recommendation_output"":{""recommendation_status"":""PARTIAL_MATCH"",""recommendations"":[{""product_id"":""P002"",""product_name"":""Adjustable Standing Desk Pro"",""price"":""$749.00"",""why_recommended"":""Matches the standing desk requirement and adjustable height. This electric desk features dual motors for smooth transitions and fits within the budget. However, it does not confirm the requested dark walnut finish.""},{""product_id"":""P003"",""product_name"":""Adjustable Standing Desk Basic"",""price"":""$449.00"",""why_recommended"":""Also meets the standing desk and adjustable height requirements. It's within budget but doesn't have a confirmed dark walnut finish.""},{""product_id"":""P020"",""product_name"":""Sit-Stand Desk Converter"",""price"":""$279.00"",""why_recommended"":""This product meets the requirement for adjustable height and is budget-friendly. However, it is a converter rather than a full standing desk and does not confirm the requested dark walnut finish.""}]}}","{
  ""subject"": ""Your Standing Desk Recommendations"",
  ""body"": ""Dear Customer,\n\nThank you for your request regarding your standing desk needs. I have some recommendations that may suit your requirements:\n\n1. **Adjustable Standing Desk Pro** - $749.00: This desk meets your requirement for a standing desk with adjustable height and fits within your budget. Please note, it does not confirm the requested dark walnut finish.\n\n2. **Adjustable Standing Desk Basic** - $449.00: This option also fulfills the standing desk and adjustable height requirements and is within budget. However, it does not confirm the dark walnut finish.\n\n3. **Sit-Stand Desk Converter** - $279.00: While this product provides adjustable height and is budget-friendly, it is a converter rather than a full standing desk and does not confirm the requested dark walnut finish.\n\n**Requirements addressed:**\n- Standing desk\n- Adjustable height\n- Budget consideration\n\n**Requirements unresolved:**\n- Confirmation of dark walnut finish\n\nPlease let me know if you would like more details on these products or if you have any further requirements!\n\nBest regards,\n\nOak & Ember Interiors""
}","{""test_id"":""E01"",""agent"":""Response_Drafter Agent""}","1000","","[]","","t-run-1788691100276","[]"
"response-drafter-run-1788692992911","run-1788692992911","","SPAN","response_drafter","2026-09-06 11:45:00.000000","2026-09-06 11:45:01.000000","","default","","","","DEFAULT","","","","","","","{}","{}","{}","0","{""recommendation_output"":{""recommendation_status"":""PARTIAL_MATCH"",""recommendations"":[{""product_id"":""P002"",""product_name"":""Adjustable Standing Desk Pro"",""price"":""749.00"",""why_recommended"":""Matches the standing desk requirement and is height-adjustable. It is within the budget but does not confirm the requested dark walnut finish.""},{""product_id"":""P003"",""product_name"":""Adjustable Standing Desk Basic"",""price"":""449.00"",""why_recommended"":""Matches the standing desk requirement and is height-adjustable. It is within the budget but does not confirm the requested dark walnut finish.""}]}}","{
  ""subject"": ""Your Standing Desk Recommendations"",
  ""body"": ""Dear Valued Customer,\n\nThank you for your inquiry regarding a standing desk. \n\nWe have identified a couple of options that meet your standing desk requirements:\n\n1. **Adjustable Standing Desk Pro** - This desk is height-adjustable and matches your standing desk requirement, priced at $749.00. However, we could not confirm the requested dark walnut finish.  \n2. **Adjustable Standing Desk Basic** - This option is also height-adjustable, meets your standing desk requirement, and is priced at $449.00. Unfortunately, it also does not confirm the desired dark walnut finish.\n\nWhile both options satisfy the standing desk requirement and are within your budget, the finish you requested could not be confirmed for either.\n\nIf you have any further preferences or details, please let us know so we can assist you better.\n\nBest regards,\nThe Oak & Ember Interiors Team"",
  ""status"": ""PARTIAL_MATCH"",
  ""requirements_addressed"": [
    ""Standing desk requirement is satisfied"",
    ""Budget requirement is satisfied""
  ],
  ""requirements_unresolved"": [
    ""Requested dark walnut finish could not be confirmed""
  ]
}","{""test_id"":""E01"",""agent"":""Response_Drafter Agent""}","1000","","[]","","t-run-1788692992911","[]"
"response-drafter-run-1788692676379","run-1788692676379","","SPAN","response_drafter","2026-09-06 11:45:00.000000","2026-09-06 11:45:01.000000","","default","","","","DEFAULT","","","","","","","{}","{}","{}","0","{""recommendation_output"":{""recommendation_status"":""PARTIAL_MATCH"",""recommendations"":[{""product_id"":""P002"",""product_name"":""Adjustable Standing Desk Pro"",""price"":""$749.00"",""why_recommended"":""Matches the standing desk requirement, adjustable height feature, and is within the $800 budget. The catalog does not confirm the requested dark walnut finish.""},{""product_id"":""P003"",""product_name"":""Adjustable Standing Desk Basic"",""price"":""$449.00"",""why_recommended"":""Matches the standing desk requirement and adjustable height feature, is priced within budget. The catalog does not confirm the requested dark walnut finish and is manual rather than electric.""}]}}","{
  ""subject"": ""Your Inquiry on Standing Desks"",
  ""body"": ""Dear Customer,\n\nThank you for your inquiry regarding standing desks. I have found some options that partially meet your requirements:\n\n1. **Adjustable Standing Desk Pro** - Priced at $749.00, this desk matches your standing desk and adjustable height requirements, and it is within your $800 budget. However, the requested dark walnut finish is not confirmed in the catalog.\n\n2. **Adjustable Standing Desk Basic** - This model is priced at $449.00 and also meets the standing desk and adjustable height criteria, fitting within your budget. Please note, this desk is manual rather than electric, and the dark walnut finish is not confirmed.\n\nThe requirements that were satisfied include having an adjustable height and being within budget. However, I could not confirm the requested dark walnut finish for either option, and one of the desks is manual.\n\nPlease let me know how you would like to proceed or if you have any other questions!\n\nBest regards,\nOak & Ember Interiors"",
  ""status"": ""PARTIAL_MATCH"",
  ""requirements_addressed"": [
    ""Adjustable height"",
    ""Standing desk requirement"",
    ""Within budget""
  ],
  ""requirements_unresolved"": [
    ""Requested dark walnut finish not confirmed""
  ]
}","{""test_id"":""E01"",""agent"":""Response_Drafter Agent""}","1000","","[]","","t-run-1788692676379","[]"
"response-drafter-run-1788687593917","run-1788687593917","","SPAN","response_drafter","2026-09-06 11:45:00.000000","2026-09-06 11:45:01.000000","","default","","","","DEFAULT","","","","","","","{}","{}","{}","0","{""recommendation_output"":{""recommendation_status"":""PARTIAL_MATCH"",""recommendations"":[{""product_id"":""P002"",""product_name"":""Adjustable Standing Desk Pro"",""price"":""749.00"",""why_recommended"":""Matches the standing desk requirement, adjustable height, and within the $800 budget. The catalog does not confirm the requested dark walnut finish.""},{""product_id"":""P003"",""product_name"":""Adjustable Standing Desk Basic"",""price"":""449.00"",""why_recommended"":""Matches the standing desk requirement and adjustable height. It is within budget, but the catalog does not confirm the requested dark walnut finish.""},{""product_id"":""P020"",""product_name"":""Sit-Stand Desk Converter"",""price"":""279.00"",""why_recommended"":""Matches the standing desk requirement and adjustable height. It is within budget but is a desk converter rather than a full desk, and the dark walnut finish is not specified.""}]}}","{
  ""subject"": ""Your Standing Desk Recommendations"",
  ""body"": ""Dear Customer,\n\nThank you for your request regarding standing desk options. We have identified a few recommendations that may meet your needs:\n\n1. **Adjustable Standing Desk Pro** - $749.00 \n   - This desk matches your requirement for an adjustable height standing desk and is within your $800 budget. Please note, however, that we could not confirm the requested dark walnut finish.\n\n2. **Adjustable Standing Desk Basic** - $449.00 \n   - This option also meets the adjustable height requirement and is budget-friendly. Similar to the previous option, the dark walnut finish is not confirmed.\n\n3. **Sit-Stand Desk Converter** - $279.00 \n   - This product meets the adjustable height requirement and is within budget, but it is a converter rather than a full desk, and the dark walnut finish is not specified.\n\nWhile we have found suitable options for an adjustable height, please keep in mind that the confirmation on the dark walnut finish is missing.\n\nIf you have any further preferences or need more information, please let us know.\n\nBest regards,\n\nOak & Ember Interiors""
}","{""test_id"":""E01"",""agent"":""Response_Drafter Agent""}","1000","","[]","","t-run-1788687593917","[]"
"response-drafter-run-1788693344345","run-1788693344345","","SPAN","response_drafter","2026-09-06 11:45:00.000000","2026-09-06 11:45:01.000000","","default","","","","DEFAULT","","","","","","","{}","{}","{}","0","{""recommendation_output"":{""recommendation_status"":""INSUFFICIENT_INFORMATION"",""recommendations"":[]}}","{
  ""subject"": ""Additional Information Required for Your Inquiry"",
  ""body"": ""Dear Customer,\n\nThank you for reaching out to us. To assist you further, we need some additional information regarding your requirements. Please provide details about the specific products or features you are interested in, and we will be happy to help.\n\nLooking forward to your response.\n\nBest regards,\nOak & Ember Interiors"",
  ""status"": ""INSUFFICIENT_INFORMATION"",
  ""requirements_addressed"": [],
  ""requirements_unresolved"": [
    ""specific products or features needed""
  ]
}","{""test_id"":""E02"",""agent"":""Response_Drafter Agent""}","1000","","[]","","t-run-1788693344345","[]"
"response-drafter-run-1788692076800","run-1788692076800","","SPAN","response_drafter","2026-09-06 11:45:00.000000","2026-09-06 11:45:01.000000","","default","","","","DEFAULT","","","","","","","{}","{}","{}","0","{""recommendation_output"":{""recommendation_status"":""PARTIAL_MATCH"",""recommendations"":[{""product_id"":""P002"",""product_name"":""Adjustable Standing Desk Pro"",""price"":""$749.00"",""why_recommended"":""Matches the standing desk requirement, adjustable height feature, and falls within the budget. However, the catalog does not confirm the requested dark walnut finish.""},{""product_id"":""P003"",""product_name"":""Adjustable Standing Desk Basic"",""price"":""$449.00"",""why_recommended"":""Matches the standing desk requirement and adjustable height feature, and is within budget. However, it does not meet the dark walnut finish requirement and only specifies available colors as white and black.""}]}}","{
  ""subject"": ""Standing Desk Recommendations"",
  ""body"": ""Dear Customer,\n\nThank you for your request regarding a standing desk. We have found a couple of options that closely align with your needs:\n\n1. **Adjustable Standing Desk Pro** - Priced at $749.00, this desk meets your requirement for an adjustable height and is within your budget. However, please note that the catalog does not confirm the requested dark walnut finish.\n\n2. **Adjustable Standing Desk Basic** - This option costs $449.00 and also meets the adjustable height requirement while staying within your budget. Unfortunately, it does not come in dark walnut and is only available in white and black.\n\nTo summarize:\n- **Requirements satisfied:** Adjustable height, standing desk, within budget.\n- **Requirements unresolved:** Dark walnut finish.\n\nPlease let us know if you would like more information on these options or if you have any other requirements in mind. We are here to help!\n\nBest regards,\nOak & Ember Interiors"",
  ""status"": ""PARTIAL_MATCH"",
  ""requirements_addressed"": [
    ""adjustable height"",
    ""standing desk"",
    ""within budget""
  ],
  ""requirements_unresolved"": [
    ""dark walnut finish""
  ]
}","{""test_id"":""E01"",""agent"":""Response_Drafter Agent""}","1000","","[]","","t-run-1788692076800","[]"
"response-drafter-run-1788691791557","run-1788691791557","","SPAN","response_drafter","2026-09-06 11:45:00.000000","2026-09-06 11:45:01.000000","","default","","","","DEFAULT","","","","","","","{}","{}","{}","0","{""recommendation_output"":{""recommendation_status"":""PARTIAL_MATCH"",""recommendations"":[{""product_id"":""P002"",""product_name"":""Adjustable Standing Desk Pro"",""price"":""$749.00"",""why_recommended"":""Matches the standing desk requirement and adjustable height feature. It is within the budget of $800, but does not explicitly confirm the requested dark walnut finish.""},{""product_id"":""P003"",""product_name"":""Adjustable Standing Desk Basic"",""price"":""$449.00"",""why_recommended"":""Matches the standing desk requirement and adjustable height feature. It is within the budget of $800, but does not explicitly confirm the requested dark walnut finish.""},{""product_id"":""P020"",""product_name"":""Sit-Stand Desk Converter"",""price"":""$279.00"",""why_recommended"":""This is a standing desk option that is within budget and offers adjustable height functionality, but it requires an existing desk to convert, and does not confirm the dark walnut finish.""}]}}","{
  ""subject"": ""Your Adjustable Standing Desk Recommendations"",
  ""body"": ""Dear Customer,\n\nThank you for your request regarding an adjustable standing desk. I have found some options that match your requirements.\n\n1. **Adjustable Standing Desk Pro** - $749.00  \n   This desk meets the standing desk requirement and features adjustable height. It fits within your budget of $800; however, the dark walnut finish cannot be confirmed.\n\n2. **Adjustable Standing Desk Basic** - $449.00  \n   This option also satisfies the standing desk and adjustable height features, and is within budget, though it does not confirm the dark walnut finish either.\n\n3. **Sit-Stand Desk Converter** - $279.00  \n   This product is another standing desk option that offers adjustable height functionality within your budget. Please note that it requires an existing desk to convert and does not confirm the dark walnut finish.\n\nWhile these recommendations meet some of your needs, I couldn't confirm the requested dark walnut finish for any of the products.\n\nPlease let me know how you would like to proceed or if you have any other questions.\n\nBest regards,\nOak & Ember Interiors"",
  ""status"": ""PARTIAL_MATCH"",
  ""requirements_addressed"": [
    ""standing desk requirement"",
    ""adjustable height feature"",
    ""budget of $800""
  ],
  ""requirements_unresolved"": [
    ""requested dark walnut finish""
  ]
}","{""test_id"":""E01"",""agent"":""Response_Drafter Agent""}","1000","","[]","","t-run-1788691791557","[]"
"response-drafter-run-1788691226856","run-1788691226856","","SPAN","response_drafter","2026-09-06 11:45:00.000000","2026-09-06 11:45:01.000000","","default","","","","DEFAULT","","","","","","","{}","{}","{}","0","{""recommendation_output"":{""recommendation_status"":""PARTIAL_MATCH"",""recommendations"":[{""product_id"":""P002"",""product_name"":""Adjustable Standing Desk Pro"",""price"":""$749.00"",""why_recommended"":""Matches the standing desk requirement and adjustable height feature. It is within budget and has a quality electric mechanism. The catalog does not confirm the requested dark walnut finish.""},{""product_id"":""P003"",""product_name"":""Adjustable Standing Desk Basic"",""price"":""$449.00"",""why_recommended"":""Matches the standing desk requirement and adjustable height feature. It is within budget and has a reliable manual mechanism. However, it does not confirm the requested dark walnut finish.""},{""product_id"":""P020"",""product_name"":""Sit-Stand Desk Converter"",""price"":""$279.00"",""why_recommended"":""Matches the standing desk requirement and is adjustable in height. It is within budget and available in stock. However, it does not provide dark walnut finish and is a converter rather than a full desk.""}]}}","{
  ""subject"": ""Your Standing Desk Recommendations"",
  ""body"": ""Dear Customer,\n\nThank you for your interest in our standing desks. We have found some options that partially meet your requirements:\n\n1. **Adjustable Standing Desk Pro** - $749.00: This desk matches your standing desk requirement and features an adjustable height mechanism, which is electric. However, please note that the requested dark walnut finish is not confirmed in our catalog.\n\n2. **Adjustable Standing Desk Basic** - $449.00: This also meets the standing desk and adjustable height needs with a reliable manual mechanism. Similar to the Pro model, the dark walnut finish is not confirmed.\n\n3. **Sit-Stand Desk Converter** - $279.00: This option is adjustable in height as well and is within your budget. It is currently in stock, but it is a converter and not a full desk, plus it does not come in dark walnut.\n\nThe requirements we could not confirm include the dark walnut finish for all options provided. Please let us know if you would like more details or if you're interested in other finishes.\n\nLooking forward to assisting you further!\n\nBest regards,\nThe Oak & Ember Interiors Team"",
  ""status"": ""PARTIAL_MATCH"",
  ""requirements_addressed"": [
    ""Standing desk requirement"",
    ""Adjustable height feature"",
    ""Within budget""
  ],
  ""requirements_unresolved"": [
    ""Requested dark walnut finish not confirmed""
  ]
}","{""test_id"":""E01"",""agent"":""Response_Drafter Agent""}","1000","","[]","","t-run-1788691226856","[]"
"response-drafter-run-1788693318214","run-1788693318214","","SPAN","response_drafter","2026-09-06 11:45:00.000000","2026-09-06 11:45:01.000000","","default","","","","DEFAULT","","","","","","","{}","{}","{}","0","{""recommendation_output"":{""recommendation_status"":""PARTIAL_MATCH"",""recommendations"":[{""product_id"":""P002"",""product_name"":""Adjustable Standing Desk Pro"",""price"":""749.00"",""why_recommended"":""Matches the standing desk requirement and adjustable height. It fits within the $800 budget. However, it does not confirm the requested dark walnut finish.""},{""product_id"":""P003"",""product_name"":""Adjustable Standing Desk Basic"",""price"":""449.00"",""why_recommended"":""Matches the standing desk requirement and adjustable height. It also fits within the $800 budget. However, it does not confirm the requested dark walnut finish.""}]}}","{
  ""subject"": ""Standing Desk Recommendations"",
  ""body"": ""Dear Customer,\n\nThank you for your request regarding a standing desk. We have found a couple of options that meet your requirements:\n\n1. **Adjustable Standing Desk Pro** - Priced at $749.00, this desk matches your requirements for a standing desk and adjustable height, and it fits within your $800 budget. However, it does not confirm the requested dark walnut finish.\n\n2. **Adjustable Standing Desk Basic** - Available for $449.00, this option also satisfies the standing desk requirement and adjustable height while remaining within your budget. Like the Pro version, it does not confirm the requested dark walnut finish.\n\nWhile both options fulfill some of your criteria, the specific finish you requested could not be confirmed.\n\nIf you have any further specifications or require additional options, please let us know, and we'd be happy to assist.\n\nBest regards,\nThe Oak & Ember Interiors Team"",
  ""status"": ""PARTIAL_MATCH"",
  ""requirements_addressed"": [
    ""standing desk requirement"",
    ""adjustable height"",
    ""fits within $800 budget""
  ],
  ""requirements_unresolved"": [
    ""dark walnut finish""
  ]
}","{""test_id"":""E01"",""agent"":""Response_Drafter Agent""}","1000","","[]","","t-run-1788693318214","[]"
"response-drafter-run-1788801395772","run-1788801395772","","SPAN","response_drafter","2026-09-06 11:45:00.000000","2026-09-06 11:45:01.000000","","default","","","","DEFAULT","","","","","","","{}","{}","{}","0","{""recommendation_output"":{""recommendation_status"":""PARTIAL_MATCH"",""recommendations"":[{""product_id"":""P002"",""product_name"":""Adjustable Standing Desk Pro"",""price"":""$749.00"",""why_recommended"":""Matches the standing desk requirement and adjustable height. The price is within budget at $749. However, the finish is not specified as dark walnut.""},{""product_id"":""P003"",""product_name"":""Adjustable Standing Desk Basic"",""price"":""$449.00"",""why_recommended"":""Matches the standing desk requirement and adjustable height. Price is also within budget at $449, but lacks information on the desired dark walnut finish.""}]}}","{""to"":""john.martinez@techcorp.com"",""subject"":""Your Desk Recommendations"",""body"":""Hello John,\n\nThank you for your inquiry regarding adjustable desks. We've found some options that partially match your requirements:\n\n1. **Adjustable Standing Desk Pro** - $749.00  \n   This desk meets your requirement for adjustability in height and is a standing desk. However, it does not specify a dark walnut finish.\n\n2. **Adjustable Standing Desk Basic** - $449.00  \n   This option also meets the adjustable height and standing desk criteria. The price is within your budget, but it similarly lacks information on the dark walnut finish.\n\nPlease note that while both options satisfy some of your requirements, the desired dark walnut finish remains unresolved. \n\nLet us know if you have any further questions or would like assistance with these options.\n\nBest regards,\nOak & Ember Interiors"",""status"":""PARTIAL_MATCH"",""requirements_addressed"":[""standing desk requirement"",""adjustable height""],""requirements_unresolved"":[""dark walnut finish""]}","{""test_id"":""E01"",""agent"":""Response_Drafter Agent""}","1000","","[]","","t-run-1788801395772","[]"
"response-drafter-run-1788802318574","run-1788802318574","","SPAN","response_drafter","2026-09-06 11:45:00.000000","2026-09-06 11:45:01.000000","","default","","","","DEFAULT","","","","","","","{}","{}","{}","0","{""recommendation_output"":{""recommendation_status"":""PARTIAL_MATCH"",""recommendations"":[{""product_id"":""P002"",""product_name"":""Adjustable Standing Desk Pro"",""price"":""$749.00"",""why_recommended"":""Matches the standing desk requirement and adjustable height. It is within the $800 budget, but the finish requested (dark walnut) is not confirmed.""},{""product_id"":""P003"",""product_name"":""Adjustable Standing Desk Basic"",""price"":""$449.00"",""why_recommended"":""Matches the standing desk requirement and adjustable height. It is within the $800 budget, but the finish requested (dark walnut) is not confirmed.""}]}}","{""to"":""john.martinez@techcorp.com"",""subject"":""Your Standing Desk Recommendations"",""body"":""Hello John,\n\nThank you for reaching out! I have reviewed your request for a standing desk.\n\nHere are two options that may suit your needs:\n\n1. **Adjustable Standing Desk Pro** - $749.00 \n   - This desk matches your requirement for a standing desk with adjustable height and is within your $800 budget. However, please note that the finish you requested (dark walnut) is not confirmed.\n\n2. **Adjustable Standing Desk Basic** - $449.00  \n   - This option also meets the standing desk and adjustable height criteria and fits within your budget. Like the first option, the dark walnut finish is not confirmed.\n\nWhile these desks meet some of your requirements, the specific finish you requested remains unresolved. \n\nPlease let me know if you would like more information or assistance in placing an order!\n\nBest regards,\n\nOak & Ember Interiors"",""status"":""PARTIAL_MATCH"",""requirements_addressed"":[""Standing desk requirement"",""Adjustable height""],""requirements_unresolved"":[""Dark walnut finish not confirmed""]}","{""test_id"":""E01"",""agent"":""Response_Drafter Agent""}","1000","","[]","","t-run-1788802318574","[]"
"response-drafter-run-1788695234468","run-1788695234468","","SPAN","response_drafter","2026-09-06 11:45:00.000000","2026-09-06 11:45:01.000000","","default","","","","DEFAULT","","","","","","","{}","{}","{}","0","{""recommendation_output"":{""recommendation_status"":""PARTIAL_MATCH"",""recommendations"":[{""product_id"":""P002"",""product_name"":""Adjustable Standing Desk Pro"",""price"":""$749.00"",""why_recommended"":""Matches the standing desk requirement and adjustable height feature. It is electric with dual motors for smooth transitions, suitable for home office use but the catalog does not confirm the requested dark walnut finish.""},{""product_id"":""P003"",""product_name"":""Adjustable Standing Desk Basic"",""price"":""$449.00"",""why_recommended"":""Matches the standing desk requirement and adjustable height feature. It is a manual crank desk, suitable for home office use, but the finish is not confirmed and the requested dark walnut finish is also not available.""}]}}","{
  ""subject"": ""Your Adjustable Standing Desk Recommendations"",
  ""body"": ""Thank you for your interest in finding the perfect adjustable standing desk for your home office.\n\nWe have a couple of recommendations that align with your request:\n\n1. **Adjustable Standing Desk Pro** - Priced at $749.00\n   - This desk matches your requirement for an adjustable height feature and is electric with dual motors for smooth transitions. However, we could not confirm the requested dark walnut finish.\n\n2. **Adjustable Standing Desk Basic** - Priced at $449.00\n   - This option also meets the standing desk and adjustable height requirements. It is a manual crank desk, but please note that the finish is not confirmed, and the requested dark walnut finish is not available.\n\nUnfortunately, we could not identify a product with the specified dark walnut finish.\n\nPlease let us know if you would like more assistance or have any other preferences to consider."",
  ""status"": ""PARTIAL_MATCH"",
  ""requirements_addressed"": [
    ""adjustable height feature"",
    ""suitable for home office use""
  ],
  ""requirements_unresolved"": [
    ""requested dark walnut finish""
  ]
}","{""test_id"":""E01"",""agent"":""Response_Drafter Agent""}","1000","","[]","","t-run-1788695234468","[]"
"response-drafter-run-1788697892887","run-1788697892887","","SPAN","response_drafter","2026-09-06 11:45:00.000000","2026-09-06 11:45:01.000000","","default","","","","DEFAULT","","","","","","","{}","{}","{}","0","{""recommendation_output"":{""recommendation_status"":""PARTIAL_MATCH"",""recommendations"":[{""product_id"":""P002"",""product_name"":""Adjustable Standing Desk Pro"",""price"":""$749.00"",""why_recommended"":""Matches the standing desk requirement, adjustable height feature, and fits within the budget of under $800. However, the dark walnut finish is not confirmed as it mentions a bamboo top.""},{""product_id"":""P003"",""product_name"":""Adjustable Standing Desk Basic"",""price"":""$449.00"",""why_recommended"":""Also matches the standing desk requirement and adjustable height feature while being within budget. Yet, it does not confirm the dark walnut finish, only available in white and black.""},{""product_id"":""P020"",""product_name"":""Sit-Stand Desk Converter"",""price"":""$279.00"",""why_recommended"":""This converter allows for adjustable height and is within budget, but it does not meet the primary standing desk requirement as it functions as an accessory to an existing desk, and the finish is not specified.""}]}}","{""to"":""john.martinez@techcorp.com"",""subject"":""Your Desk Recommendations"",""body"":""Hello John,\n\nThank you for your inquiry regarding standing desks. We have found some options that partially match your requirements:\n\n1. **Adjustable Standing Desk Pro** - **$749.00**  \n   This desk meets your requirement for an adjustable height and falls within your budget of under $800. However, please note that while it is recommended, it features a bamboo top rather than the dark walnut finish you requested.\n\n2. **Adjustable Standing Desk Basic** - **$449.00**  \n   This also meets the standing desk and adjustable height requirements and is within your budget. However, it is only available in white and black, and not in the desired dark walnut finish.\n\n3. **Sit-Stand Desk Converter** - **$279.00**  \n   This converter allows for adjustable height, suitable for an accessory to an existing desk. However, it doesn't meet the primary requirement for a standing desk and the finish details are not specified.\n\n### Requirements Addressed:\n- Adjustable height feature\n- **Budget** under $800\n- **Standing desk requirement** (Partially)\n\n### Requirements Unresolved:\n- **Finish** in dark walnut\n\nIf you would like more options or if you have any further questions, please feel free to reach out!\n\nBest regards,\nThe Oak & Ember Interiors Team"",""status"":""PARTIAL_MATCH"",""requirements_addressed"":[""Adjustable height feature"",""Budget under $800"",""Standing desk requirement (Partially)""],""requirements_unresolved"":[""Finish in dark walnut""]}","{""test_id"":""E01"",""agent"":""Response_Drafter Agent""}","1000","","[]","","t-run-1788697892887","[]"
"response-drafter-run-1788698901384","run-1788698901384","","SPAN","response_drafter","2026-09-06 11:45:00.000000","2026-09-06 11:45:01.000000","","default","","","","DEFAULT","","","","","","","{}","{}","{}","0","{""recommendation_output"":{""recommendation_status"":""PARTIAL_MATCH"",""recommendations"":[{""product_id"":""P006"",""product_name"":""Ergonomic Pro Chair"",""price"":""$449.00"",""why_recommended"":""Matches the primary requirement of an ergonomic office chair and is in stock. Fits within budget constraints with a per chair price of $449.""},{""product_id"":""P007"",""product_name"":""Ergonomic Task Chair"",""price"":""$299.00"",""why_recommended"":""Also matches the ergonomic requirement and is available in stock. The price per chair is $299, well within the budget.""},{""product_id"":""P008"",""product_name"":""Executive Leather Chair"",""price"":""$599.00"",""why_recommended"":""This product meets the ergonomic office chair requirement and is available in stock. The price per chair is $599.""}]}}","{""to"":""procurement@bigcorp.com"",""subject"":""Your Ergonomic Chair Recommendations"",""body"":""Hello Maria,\n\nThank you for your interest in our ergonomic office chairs. We have some recommendations that partially meet your requirements:\n\n1. **Ergonomic Pro Chair** - **$449.00**  \n   Matches the primary requirement of an ergonomic office chair and is in stock. \n\n2. **Ergonomic Task Chair** - **$299.00**  \n   Also matches the ergonomic requirement and is available in stock.\n\n3. **Executive Leather Chair** - **$599.00**  \n   This chair meets the ergonomic office chair requirement and is available in stock.\n\nWhile these products satisfy the ergonomic requirement and fall within your budget, please note that additional specifications may not have been fully addressed. \n\nIf you have any further questions or need additional information, please let me know!\n\nBest regards,\nThe Oak & Ember Interiors Team"",""status"":""PARTIAL_MATCH"",""requirements_addressed"":[""Ergonomic office chair"",""Budget constraints""],""requirements_unresolved"":[]}","{""test_id"":""E03"",""agent"":""Response_Drafter Agent""}","1000","","[]","","t-run-1788698901384","[]"
"response-drafter-run-1788694915791","run-1788694915791","","SPAN","response_drafter","2026-09-06 11:45:00.000000","2026-09-06 11:45:01.000000","","default","","","","DEFAULT","","","","","","","{}","{}","{}","0","{""recommendation_output"":{""recommendation_status"":""PARTIAL_MATCH"",""recommendations"":[{""product_id"":""P002"",""product_name"":""Adjustable Standing Desk Pro"",""price"":""749.00"",""why_recommended"":""Matches the standing desk requirement, adjustable height, and falls within the $800 budget. However, the catalog does not confirm the requested dark walnut finish.""},{""product_id"":""P003"",""product_name"":""Adjustable Standing Desk Basic"",""price"":""449.00"",""why_recommended"":""Matches the standing desk requirement and adjustable height. Also within budget, but lacks the dark walnut finish and does not confirm quality.""}]}}","{
  ""subject"": ""Your Standing Desk Recommendations"",
  ""body"": ""Dear Customer, \n\nThank you for considering Oak & Ember Interiors for your standing desk needs. We have identified some options that meet most of your requirements:\n\n1. **Adjustable Standing Desk Pro** - Priced at $749.00, this desk meets your standing desk requirement and offers adjustable height, fitting within your $800 budget. However, we could not confirm if it is available in the dark walnut finish you requested.\n\n2. **Adjustable Standing Desk Basic** - At $449.00, this option also meets the standing desk requirement with adjustable height and is within your budget. However, it does not confirm the dark walnut finish and quality.\n\n**Requirements Addressed:**\n- Standing desk requirement.\n- Adjustable height.\n- Budgetary constraints.\n\n**Requirements Unresolved:**\n- Confirmation of dark walnut finish.\n- Quality confirmation for the second option.\n\nPlease let us know if you would like more details about these products or if there's anything else we can assist you with.\n\nBest regards,\n\nThe Oak & Ember Interiors Team""
}","{""test_id"":""E01"",""agent"":""Response_Drafter Agent""}","1000","","[]","","t-run-1788694915791","[]"
"response-drafter-run-1788696748604","run-1788696748604","","SPAN","response_drafter","2026-09-06 11:45:00.000000","2026-09-06 11:45:01.000000","","default","","","","DEFAULT","","","","","","","{}","{}","{}","0","{""recommendation_output"":{""recommendation_status"":""PARTIAL_MATCH"",""recommendations"":[{""product_id"":""P002"",""product_name"":""Adjustable Standing Desk Pro"",""price"":""$749.00"",""why_recommended"":""This electric height-adjustable desk matches the adjustable height requirement and is suitable for home office use. However, it does not meet the dark walnut finish requirement.""},{""product_id"":""P003"",""product_name"":""Adjustable Standing Desk Basic"",""price"":""$449.00"",""why_recommended"":""This manual crank height-adjustable desk is a cost-effective option for home office use but lacks the dark walnut finish requirement.""},{""product_id"":""P020"",""product_name"":""Sit-Stand Desk Converter"",""price"":""$279.00"",""why_recommended"":""This desk converter is adjustable in height and suitable for home office use. However, it does not meet the dark walnut finish requirement and is a different type of product compared to a full standing desk.""}]}}","{
  ""to"": ""unknown"",
  ""subject"": ""Product Recommendations for Your Home Office"",
  ""body"": ""Hello,\n\nThank you for your inquiry regarding home office solutions. Based on your requirements, I have found some suitable options:\n\n1. **Adjustable Standing Desk Pro** \n   - Product ID: P002 \n   - Price: $749.00 \n   - This electric height-adjustable desk matches the adjustable height requirement and is suitable for home office use. However, it does not meet your request for a dark walnut finish.\n\n2. **Adjustable Standing Desk Basic** \n   - Product ID: P003 \n   - Price: $449.00 \n   - This manual crank height-adjustable desk is a cost-effective option for home office use, but it also lacks the dark walnut finish requirement.\n\n3. **Sit-Stand Desk Converter** \n   - Product ID: P020 \n   - Price: $279.00 \n   - This desk converter is adjustable in height and suitable for home office use, but it does not meet the dark walnut finish requirement and serves a different purpose compared to a full standing desk.\n\n**Requirements Addressed:**\n- Adjustable height\n\n**Requirements Unresolved:**\n- Dark walnut finish requirement not confirmed for any products.\n\nPlease let me know if you would like further assistance or additional options.\n\nBest regards,\nOak & Ember Interiors"",
  ""status"": ""PARTIAL_MATCH"",
  ""requirements_addressed"": [
    ""adjustable height""
  ],
  ""requirements_unresolved"": [
    ""dark walnut finish requirement""
  ]
}","{""test_id"":""E01"",""agent"":""Response_Drafter Agent""}","1000","","[]","","t-run-1788696748604","[]"
"response-drafter-run-1788696296445","run-1788696296445","","SPAN","response_drafter","2026-09-06 11:45:00.000000","2026-09-06 11:45:01.000000","","default","","","","DEFAULT","","","","","","","{}","{}","{}","0","{""recommendation_output"":{""recommendation_status"":""PARTIAL_MATCH"",""recommendations"":[{""product_id"":""P002"",""product_name"":""Adjustable Standing Desk Pro"",""price"":""$749.00"",""why_recommended"":""Matches the standing desk requirement, adjustable height, and fits within the $800 budget. However, the catalog does not confirm the requested dark walnut finish.""},{""product_id"":""P003"",""product_name"":""Adjustable Standing Desk Basic"",""price"":""$449.00"",""why_recommended"":""Also meets the requirement for an adjustable standing desk and is within budget. However, the finish is not specified as dark walnut.""}]}}","{
  ""subject"": ""Your Standing Desk Recommendations"",
  ""body"": ""Dear Customer,\n\nThank you for your interest in our standing desks. We have identified suitable options that meet your criteria:\n\n1. **Adjustable Standing Desk Pro** - $749.00: This desk meets your requirement for an adjustable height and fits within your $800 budget. However, the catalog does not confirm the requested dark walnut finish.\n\n2. **Adjustable Standing Desk Basic** - $449.00: This option also meets the adjustable standing desk requirement and stays within your budget. Similar to the Pro version, the finish is not specified as dark walnut.\n\nWhile both options satisfy the adjustable height requirement and budget, we could not confirm the specific dark walnut finish you requested.\n\nPlease let us know how you would like to proceed or if you have any further questions.\n\nBest regards,\n\nOak & Ember Interiors"",
  ""status"": ""PARTIAL_MATCH"",
  ""requirements_addressed"": [
    ""Adjustable height"",
    ""Budget within $800""
  ],
  ""requirements_unresolved"": [
    ""Dark walnut finish""
  ]
}","{""test_id"":""E01"",""agent"":""Response_Drafter Agent""}","1000","","[]","","t-run-1788696296445","[]"
"response-drafter-run-1788697922818","run-1788697922818","","SPAN","response_drafter","2026-09-06 11:45:00.000000","2026-09-06 11:45:01.000000","","default","","","","DEFAULT","","","","","","","{}","{}","{}","0","{""recommendation_output"":{""recommendation_status"":""MATCH_FOUND"",""recommendations"":[{""product_id"":""P007"",""product_name"":""Ergonomic Task Chair"",""price"":""$299.00"",""why_recommended"":""Matches the ergonomic office chair requirement, is in stock, and comes under budget. Offers adjustable lumbar support and height.""},{""product_id"":""P006"",""product_name"":""Ergonomic Pro Chair"",""price"":""$449.00"",""why_recommended"":""Aligns with the ergonomic office chair need, available in stock, and includes a 12-year warranty. Features like adjustable armrests are included.""},{""product_id"":""P008"",""product_name"":""Executive Leather Chair"",""price"":""$599.00"",""why_recommended"":""Fits the ergonomic chair category with luxurious materials and features. It is available in stock but on the higher price side.""}]}}","{""to"":""unknown"",""subject"":""Your Office Chair Recommendations"",""body"":""Hello,\n\nThank you for your inquiry regarding ergonomic office chairs. We have found some suitable options for you:\n\n1. **Ergonomic Task Chair** - $299.00  \n   This chair matches your ergonomic office chair requirement, is in stock, and comes under your budget. It offers adjustable lumbar support and height.\n\n2. **Ergonomic Pro Chair** - $449.00  \n   Aligning with your ergonomic office chair need, this option is also available in stock and includes a 12-year warranty. It features adjustable armrests.\n\n3. **Executive Leather Chair** - $599.00  \n   This chair fits the ergonomic category and is made of luxurious materials. It is in stock, though it is on the higher price side.\n\nPlease let us know if you have any further questions or if you would like to proceed with any of these options.\n\nBest regards,\nOak & Ember Interiors"",""status"":""MATCH_FOUND"",""requirements_addressed"":[],""requirements_unresolved"":[]}","{""test_id"":""E03"",""agent"":""Response_Drafter Agent""}","1000","","[]","","t-run-1788697922818","[]"
"response-drafter-run-1788696141667","run-1788696141667","","SPAN","response_drafter","2026-09-06 11:45:00.000000","2026-09-06 11:45:01.000000","","default","","","","DEFAULT","","","","","","","{}","{}","{}","0","{""recommendation_output"":{""recommendation_status"":""PARTIAL_MATCH"",""recommendations"":[{""product_id"":""P002"",""product_name"":""Adjustable Standing Desk Pro"",""price"":""$749.00"",""why_recommended"":""This desk is electric height-adjustable with memory presets, which satisfies the adjustable height requirement. However, it does not confirm the requested dark walnut finish.""},{""product_id"":""P003"",""product_name"":""Adjustable Standing Desk Basic"",""price"":""$449.00"",""why_recommended"":""This is a manual crank height-adjustable desk that meets the adjustable height requirement and is within the budget. However, it is not confirmed to be available in dark walnut.""}]}}","{
  ""subject"": ""Your Adjustable Desk Recommendations"",
  ""body"": ""Dear Customer,\n\nThank you for your request regarding adjustable desks. We have found some options that align with your needs:\n\n1. **Adjustable Standing Desk Pro** - $749.00  \n   This electric height-adjustable desk features memory presets, meeting your requirement for adjustable height. However, please note that it does not confirm the dark walnut finish you specified.\n\n2. **Adjustable Standing Desk Basic** - $449.00  \n   This manual crank desk is also height-adjustable and fits within your budget. Like the Pro version, the availability in dark walnut is not confirmed.\n\n**Requirements Addressed:**  \n- Adjustable height requirement is satisfied by both options.\n- Budget requirement is satisfied by the Adjustable Standing Desk Basic.\n\n**Unresolved Requirements:**  \n- The requested dark walnut finish is not confirmed for either desk.\n\nPlease let us know if you would like more information on these products or if you have any additional preferences that might help us refine your options further.\n\nBest regards,\n\nOak & Ember Interiors""
}","{""test_id"":""E01"",""agent"":""Response_Drafter Agent""}","1000","","[]","","t-run-1788696141667","[]"
"response-drafter-run-1788698594993","run-1788698594993","","SPAN","response_drafter","2026-09-06 11:45:00.000000","2026-09-06 11:45:01.000000","","default","","","","DEFAULT","","","","","","","{}","{}","{}","0","{""recommendation_output"":{""recommendation_status"":""MATCH_FOUND"",""recommendations"":[{""product_id"":""P007"",""product_name"":""Ergonomic Task Chair"",""price"":""$299.00"",""why_recommended"":""Matches the ergonomic office chair requirement, and is In Stock with pricing available.""},{""product_id"":""P006"",""product_name"":""Ergonomic Pro Chair"",""price"":""$449.00"",""why_recommended"":""Matches the ergonomic office chair requirement, and is In Stock with pricing available.""},{""product_id"":""P008"",""product_name"":""Executive Leather Chair"",""price"":""$599.00"",""why_recommended"":""Matches the ergonomic office chair requirement, and is In Stock with pricing available.""}]}}","{""to"":""unknown"",""subject"":""Your Office Chair Recommendations"",""body"":""Hello,\n\nThank you for your inquiry regarding ergonomic office chairs. We have found several suitable options for you:\n\n1. **Ergonomic Task Chair** - **$299.00**: This chair is recommended as it meets your ergonomic office chair requirement and is currently in stock.\n2. **Ergonomic Pro Chair** - **$449.00**: This chair also matches the ergonomic office chair requirement and is available for purchase.\n3. **Executive Leather Chair** - **$599.00**: Another great option that satisfies the ergonomic office chair requirement, and is in stock as well.\n\nIf you have any questions or need further assistance, feel free to reach out!\n\nBest regards,\n\nThe Oak & Ember Interiors Team"",""status"":""MATCH_FOUND"",""requirements_addressed"":[""Ergonomic office chair""],""requirements_unresolved"":[]}","{""test_id"":""E03"",""agent"":""Response_Drafter Agent""}","1000","","[]","","t-run-1788698594993","[]"
"response-drafter-run-1788874722011","run-1788874722011","","SPAN","response_drafter","2026-09-06 11:45:00.000000","2026-09-06 11:45:01.000000","","default","","","","DEFAULT","","","","","","","{}","{}","{}","0","{""recommendation_output"":{""recommendation_status"":""NO_MATCH"",""recommendations"":[]}}","{""lead_id"":""L001"",""customer_name"":""John Martinez"",""email"":""john.martinez@techcorp.com"",""lead_tier"":""Hot"",""product_interest"":""Standing Desk"",""budget"":800,""urgency"":""Low"",""source"":""Email"",""status"":""Open"",""assigned_to"":""Rep A"",""notes"":""Requirements: dark walnut finish, adjustable height, under $800, works from home full-time, quality matters.""}","{""test_id"":""E01"",""agent"":""CRM Update Agent""}","1000","","[]","","t-run-1788874722011","[]"
"response-drafter-run-1788875006864","run-1788875006864","","SPAN","response_drafter","2026-09-06 11:45:00.000000","2026-09-06 11:45:01.000000","","default","","","","DEFAULT","","","","","","","{}","{}","{}","0","{""recommendation_output"":{""recommendation_status"":""PARTIAL_MATCH"",""recommendations"":[{""product_id"":""P002"",""product_name"":""Adjustable Standing Desk Pro"",""price"":""$749.00"",""why_recommended"":""Matches the standing desk requirement, adjustable height, and is under $800. However, the finish is not confirmed as dark walnut.""},{""product_id"":""P003"",""product_name"":""Adjustable Standing Desk Basic"",""price"":""$449.00"",""why_recommended"":""Matches the standing desk requirement, adjustable height, and is under $800, but has a manual crank instead of electric adjustment. The finish is not confirmed as dark walnut.""}]}}","{""lead_id"":""L001"",""customer_name"":""John Martinez"",""email"":""john.martinez@techcorp.com"",""lead_tier"":""Hot"",""product_interest"":""Standing Desk"",""budget"":800,""urgency"":""High"",""source"":""Email"",""status"":""Quoted"",""assigned_to"":""Rep A"",""notes"":""Dark walnut finish, adjustable height, quality matters. Budget under $800.""}","{""test_id"":""E01"",""agent"":""CRM Update Agent""}","1000","","[]","","t-run-1788875006864","[]"
"response-drafter-run-1788707468646","run-1788707468646","","SPAN","response_drafter","2026-09-06 11:45:00.000000","2026-09-06 11:45:01.000000","","default","","","","DEFAULT","","","","","","","{}","{}","{}","0","{""recommendation_output"":{""recommendation_status"":""PARTIAL_MATCH"",""recommendations"":[{""product_id"":""P004"",""product_name"":""Oak Executive Desk"",""price"":""$899.00"",""why_recommended"":""Matches the Oak Executive Desk requirement and is available in Natural Oak and Dark Walnut finishes. However, the customer specified 'color options' without a detailed preference.""}]}}","{""to"":""curious.customer@email.com"",""subject"":""Your Desk Recommendation"",""body"":""Hello,\n\nThank you for your inquiry regarding a desk that meets your needs. We have identified a suitable option for you:\n\n- **Oak Executive Desk** (ID: P004) - Price: $899.00\n  - This desk matches your requirement for an Oak Executive Desk and is available in Natural Oak and Dark Walnut finishes.\n\nHowever, it is important to note that while this product addresses the Oak Executive Desk requirement, your request for 'color options' was not specified in detail, which remains unresolved.\n\nIf you could provide more specific color preferences, we would be happy to assist you further.\n\nBest regards,\nOak & Ember Interiors"",""status"":""PARTIAL_MATCH"",""requirements_addressed"":[""Oak Executive Desk requirement""],""requirements_unresolved"":[""Details for color options""]}","{""test_id"":""E04"",""agent"":""Response_Drafter Agent""}","1000","","[]","","t-run-1788707468646","[]"
"response-drafter-run-1788701216468","run-1788701216468","","SPAN","response_drafter","2026-09-06 11:45:00.000000","2026-09-06 11:45:01.000000","","default","","","","DEFAULT","","","","","","","{}","{}","{}","0","{""recommendation_output"":{""recommendation_status"":""PARTIAL_MATCH"",""recommendations"":[{""product_id"":""P006"",""product_name"":""Ergonomic Pro Chair"",""price"":""$449.00"",""why_recommended"":""Matches the ergonomic chair requirement and is within the budget of $500 per chair. Available in stock with options for delivery by the end of the month. Total for 10 chairs would be $4,490, which is under the budget.""},{""product_id"":""P007"",""product_name"":""Ergonomic Task Chair"",""price"":""$299.00"",""why_recommended"":""Suitable ergonomic chair option available at $299. This option allows for purchasing 10 chairs at a total of $2,990, staying well under the $5,000 budget. Available for delivery by the end of the month.""},{""product_id"":""P008"",""product_name"":""Executive Leather Chair"",""price"":""$599.00"",""why_recommended"":""This premium option available at $599 per chair meets the ergonomic requirement, totaling $5,990 for 10 chairs, which exceeds the budget.""}]}}","{""to"":""procurement@bigcorp.com"",""subject"":""Chair Recommendations for Your Procurement Needs"",""body"":""Hello Maria,\n\nThank you for your inquiry regarding ergonomic chairs. I have identified a few options that partially match your requirements. \n\n**Recommended Products:**\n1. **Ergonomic Pro Chair** - $449.00 each  \n   - Matches the ergonomic chair requirement and is within your budget of $500 per chair. Available for delivery by the end of the month. Total for 10 chairs would be $4,490.\n\n2. **Ergonomic Task Chair** - $299.00 each  \n   - A suitable ergonomic chair that allows purchasing 10 chairs for a total of $2,990, well under your $5,000 budget. Available for delivery by the end of the month.\n\n3. **Executive Leather Chair** - $599.00 each  \n   - This premium option meets the ergonomic requirement, but the total of $5,990 for 10 chairs exceeds your budget.\n\n**Requirements addressed:**\n- Matches the ergonomic chair requirement \n- Options within budget for 10 chairs\n\n**Requirements unresolved:**\n- Premium options exceeding budget\n\nPlease feel free to reach out if you need further assistance or have any additional specifications!\n\nBest regards,\n\nOak & Ember Interiors"",""status"":""PARTIAL_MATCH"",""requirements_addressed"":[""Matches the ergonomic chair requirement."",""Options within budget for 10 chairs.""],""requirements_unresolved"":[""Premium options exceeding budget.""]}","{""test_id"":""E03"",""agent"":""Response_Drafter Agent""}","1000","","[]","","t-run-1788701216468","[]"
"response-drafter-run-1788709061993","run-1788709061993","","SPAN","response_drafter","2026-09-06 11:45:00.000000","2026-09-06 11:45:01.000000","","default","","","","DEFAULT","","","","","","","{}","{}","{}","0","{""recommendation_output"":{""recommendation_status"":""PARTIAL_MATCH"",""recommendations"":[{""product_id"":""P002"",""product_name"":""Adjustable Standing Desk Pro"",""price"":""$749.00"",""why_recommended"":""Matches the standing desk requirement with electric height-adjustability, which could be compared to IKEA's BEKANT series. However, the catalog does not confirm bulk pricing for 15+ units.""},{""product_id"":""P003"",""product_name"":""Adjustable Standing Desk Basic"",""price"":""$449.00"",""why_recommended"":""Also fits the standing desk requirement with manual height-adjustment. Unable to confirm if it can be compared with IKEA's BEKANT series or details on bulk discounts.""},{""product_id"":""P020"",""product_name"":""Sit-Stand Desk Converter"",""price"":""$279.00"",""why_recommended"":""Provides a converter option for existing desks to be turned into standing desks. This may offer a different approach but lacks confirmation for bulk purchasing and comparison with the BEKANT series.""}]}}","{""to"":""sarah.k@startupventures.io"",""subject"":""Your Standing Desk Options"",""body"":""Hello Sarah,\n\nThank you for your inquiry about standing desks. Based on your requirements, we have identified some suitable options for you:\n\n1. **Adjustable Standing Desk Pro** - $749.00  \n   This electric height-adjustable desk matches your standing desk requirement. However, we currently cannot confirm bulk pricing for 15+ units.\n\n2. **Adjustable Standing Desk Basic** - $449.00  \n   This desk features manual height-adjustment, fulfilling your standing desk need. Please note, we haven't confirmed whether it compares with IKEA's BEKANT series or any bulk discounts.\n\n3. **Sit-Stand Desk Converter** - $279.00  \n   This product allows you to convert existing desks into standing desks, providing a different approach to your needs. Unfortunately, we cannot confirm bulk purchasing options or a comparison with the BEKANT series at this time.\n\nRequirements addressed include your need for standing desks, while we still need to clarify details regarding bulk pricing and comparisons with other brands.\n\nIf you have further questions or need additional assistance, feel free to reach out!\n\nBest regards,\nOak & Ember Interiors"",""status"":""PARTIAL_MATCH"",""requirements_addressed"":[""Standing desk requirement""],""requirements_unresolved"":[""Bulk pricing for 15+ units"",""Comparison with IKEA's BEKANT series""]}","{""test_id"":""E05"",""agent"":""Response_Drafter Agent""}","1000","","[]","","t-run-1788709061993","[]"
"response-drafter-run-1788709010665","run-1788709010665","","SPAN","response_drafter","2026-09-06 11:45:00.000000","2026-09-06 11:45:01.000000","","default","","","","DEFAULT","","","","","","","{}","{}","{}","0","{""recommendation_output"":{""recommendation_status"":""MATCH_FOUND"",""recommendations"":[{""product_id"":""P004"",""product_name"":""Oak Executive Desk"",""price"":""899.00"",""why_recommended"":""Matches the request for an Oak Executive Desk, available in Natural Oak and Dark Walnut finishes. The budget and other requirements are unspecified.""}]}}","{""to"":""curious.customer@email.com"",""subject"":""Your Furniture Recommendation"",""body"":""Hello,\n\nThank you for your inquiry regarding furniture options. We are pleased to recommend the following product:\n\n- **Product:** Oak Executive Desk  \n  **Price:** $899.00  \n  **Reason:** This desk matches your request for an Oak Executive Desk and is available in both Natural Oak and Dark Walnut finishes.\n\nIf you need more information or if there are any other specific requirements you'd like us to consider, please let us know. \n\nBest regards,\nOak & Ember Interiors"",""status"":""MATCH_FOUND"",""requirements_addressed"":[],""requirements_unresolved"":[]}","{""test_id"":""E04"",""agent"":""Response_Drafter Agent""}","1000","","[]","","t-run-1788709010665","[]"
"response-drafter-run-1788708977555","run-1788708977555","","SPAN","response_drafter","2026-09-06 11:45:00.000000","2026-09-06 11:45:01.000000","","default","","","","DEFAULT","","","","","","","{}","{}","{}","0","{""recommendation_output"":{""recommendation_status"":""PARTIAL_MATCH"",""recommendations"":[{""product_id"":""P006"",""product_name"":""Ergonomic Pro Chair"",""price"":""$449.00"",""why_recommended"":""Matches the ergonomic office chair requirement and is in stock. The price is within budget per chair. However, not all options meet the requested price of $500 per chair.""},{""product_id"":""P007"",""product_name"":""Ergonomic Task Chair"",""price"":""$299.00"",""why_recommended"":""Also matches the ergonomic chair requirement and is available. Price is within the budget per chair, but may need more quantity to reach estimated total.""},{""product_id"":""P008"",""product_name"":""Executive Leather Chair"",""price"":""$599.00"",""why_recommended"":""Matches the ergonomic chair need and is available. Price exceeds estimated budget per chair, which may need consideration based on total budget.""}]}}","{""to"":""procurement@bigcorp.com"",""subject"":""Partial Recommendations for Ergonomic Chairs"",""body"":""Hello Maria,\n\nThank you for reaching out regarding your inquiry on ergonomic chairs. We have some recommendations that partially match your requirements:\n\n1. **Ergonomic Pro Chair** - **$449.00**  \n   Matches the ergonomic office chair requirement and is in stock. The price is within budget per chair. However, not all options meet the requested price of $500 per chair.\n\n2. **Ergonomic Task Chair** - **$299.00**  \n   Also meets the ergonomic chair requirement and is available at a price within the budget per chair, but may require more quantity to reach the estimated total.\n\n3. **Executive Leather Chair** - **$599.00**  \n   This chair meets the ergonomic need and is available, but the price exceeds the estimated budget per chair, so this may need consideration based on your total budget.\n\n**Addressed Requirements:**  \n- Ergonomic chair requirement.\n\n**Unresolved Requirements:**  \n- Specific budget limitation per chair (desired $500).\n- Quantity requirements may not align with total budget considerations.\n\nPlease let us know if you need any further assistance or additional options.\n\nBest regards,\nOak & Ember Interiors"",""status"":""PARTIAL_MATCH"",""requirements_addressed"":[""Ergonomic chair requirement""],""requirements_unresolved"":[""Specific budget limitation per chair (desired $500)"",""Quantity requirements may not align with total budget considerations""]}","{""test_id"":""E03"",""agent"":""Response_Drafter Agent""}","1000","","[]","","t-run-1788708977555","[]"
"response-drafter-run-1788708935735","run-1788708935735","","SPAN","response_drafter","2026-09-06 11:45:00.000000","2026-09-06 11:45:01.000000","","default","","","","DEFAULT","","","","","","","{}","{}","{}","0","{""recommendation_output"":{""recommendation_status"":""PARTIAL_MATCH"",""recommendations"":[{""product_id"":""P002"",""product_name"":""Adjustable Standing Desk Pro"",""price"":""$749.00"",""why_recommended"":""Matches the standing desk requirement, adjustable height, and is within the budget of $800. The finish (dark walnut) is not confirmed in the catalog.""},{""product_id"":""P003"",""product_name"":""Adjustable Standing Desk Basic"",""price"":""$449.00"",""why_recommended"":""Matches the standing desk requirement and adjustable height. It is within budget but lacks confirmation on finish and is manual crank instead of electric.""}]}}","{""to"":""unknown"",""subject"":""Your Desk Recommendations"",""body"":""Hello John,\n\nThank you for reaching out regarding your desk requirements. We have found some options that partially meet your needs:\n\n1. **Adjustable Standing Desk Pro** - **$749.00**  \n   This desk meets the standing desk requirement, has an adjustable height, and is within your budget of $800. However, the dark walnut finish is not confirmed in our catalog.\n\n2. **Adjustable Standing Desk Basic** - **$449.00**  \n   This option also meets the standing desk and adjustable height requirements and is within budget. Please note that it lacks confirmation on the finish and operates via a manual crank instead of electric.\n\nThe following requirements were addressed:\n- Requirement for a standing desk\n- Requirement for adjustable height\n\nHowever, we still have some unresolved requirements regarding the finish and electric operation.\n\nPlease let us know if you would like more information on any of these products or need assistance in selecting the right one for you.\n\nBest regards,\nOak & Ember Interiors"",""status"":""PARTIAL_MATCH"",""requirements_addressed"":[""Requirement for a standing desk"",""Requirement for adjustable height""],""requirements_unresolved"":[""Confirmation of finish"",""Electric operation instead of manual crank""]}","{""test_id"":""E01"",""agent"":""Response_Drafter Agent""}","1000","","[]","","t-run-1788708935735","[]"
"response-drafter-run-1788707694401","run-1788707694401","","SPAN","response_drafter","2026-09-06 11:45:00.000000","2026-09-06 11:45:01.000000","","default","","","","DEFAULT","","","","","","","{}","{}","{}","0","{""recommendation_output"":{""recommendation_status"":""PARTIAL_MATCH"",""recommendations"":[{""product_id"":""P006"",""product_name"":""Ergonomic Pro Chair"",""price"":""$449.00"",""why_recommended"":""Matches the Ergonomic Pro Chair requirement. Price is $449, but the requirement to match the price with HermanMiller could not be confirmed.""},{""product_id"":""P007"",""product_name"":""Ergonomic Task Chair"",""price"":""$299.00"",""why_recommended"":""An ergonomic chair option with a lower price of $299, but does not meet the specific requirement for the Ergonomic Pro Chair.""},{""product_id"":""P008"",""product_name"":""Executive Leather Chair"",""price"":""$599.00"",""why_recommended"":""A premium chair option with features but exceeds the specified price for the Ergonomic Pro Chair.""}]}}","{""to"":""competitor.spy@rival.com"",""subject"":""Your Chair Recommendations"",""body"":""Hello,\n\nThank you for your inquiry regarding ergonomic chair options. We have some recommendations that partially match your requirements:\n\n1. **Ergonomic Pro Chair** - $449.00\n   - This product matches your requirement for an ergonomic chair; however, we couldn't confirm if the price aligns with specific criteria related to HermanMiller.\n\n2. **Ergonomic Task Chair** - $299.00\n   - This chair offers ergonomic benefits at a lower price, though it does not fulfill the specific requirement for the Ergonomic Pro Chair.\n\n3. **Executive Leather Chair** - $599.00\n   - A premium option that comes with extra features but exceeds your specified budget for the Ergonomic Pro Chair.\n\n**Addressed Requirements:**  \n- Ergonomic chair option (Ergonomic Pro Chair)  \n- Lower-priced ergonomic chair (Ergonomic Task Chair)\n\n**Unresolved Requirements:**  \n- Price confirmation with HermanMiller for the Ergonomic Pro Chair  \n- Specific functionality of the Ergonomic Pro Chair\n\nPlease let us know if you have any further questions or if you'd like to explore additional options.\n\nBest regards,\nOak & Ember Interiors"",""status"":""PARTIAL_MATCH"",""requirements_addressed"":[""Ergonomic chair option (Ergonomic Pro Chair)"",""Lower-priced ergonomic chair (Ergonomic Task Chair)""],""requirements_unresolved"":[""Price confirmation with HermanMiller for the Ergonomic Pro Chair"",""Specific functionality of the Ergonomic Pro Chair""]}","{""test_id"":""E15"",""agent"":""Response_Drafter Agent""}","1000","","[]","","t-run-1788707694401","[]"
"response-drafter-run-1788707665096","run-1788707665096","","SPAN","response_drafter","2026-09-06 11:45:00.000000","2026-09-06 11:45:01.000000","","default","","","","DEFAULT","","","","","","","{}","{}","{}","0","{""recommendation_output"":{""recommendation_status"":""PARTIAL_MATCH"",""recommendations"":[{""product_id"":""P004"",""product_name"":""Oak Executive Desk"",""price"":""$899.00"",""why_recommended"":""Matches the desk requirement with solid oak material and in-stock availability. The catalog does not confirm volume pricing or delivery coordination.""},{""product_id"":""P005"",""product_name"":""Compact Home Office Desk"",""price"":""$349.00"",""why_recommended"":""Matches the desk requirement and is available in stock, but does not confirm volume pricing or delivery coordination.""},{""product_id"":""P009"",""product_name"":""Basic Office Chair"",""price"":""$149.00"",""why_recommended"":""Matches the chair requirement and is available in stock, but does not confirm volume pricing or delivery coordination.""}]}}","{""to"":""cfo@growthco.com"",""subject"":""Your Desk and Chair Recommendations"",""body"":""Hello Robert,\n\nThank you for your inquiry regarding suitable office furniture. We have identified a few options that partially meet your requirements:\n\n1. **Oak Executive Desk** - **$899.00**  \n   - Recommended because it matches the desk requirement with solid oak material and is in stock.\n\n2. **Compact Home Office Desk** - **$349.00**  \n   - Recommended as it meets the desk requirement and is also available in stock.\n\n3. **Basic Office Chair** - **$149.00**  \n   - This chair matches your requirement and is available in stock.\n\nPlease note that while these products are available, the catalog does not provide confirmation for volume pricing or delivery coordination, which remain unresolved requirements.\n\nIf you have any additional questions or need further assistance, feel free to reach out.\n\nBest regards,\nThe Oak & Ember Interiors Team"",""status"":""PARTIAL_MATCH"",""requirements_addressed"":[""Desk requirement"",""Chair requirement""],""requirements_unresolved"":[""Volume pricing confirmation"",""Delivery coordination confirmation""]}","{""test_id"":""E14"",""agent"":""Response_Drafter Agent""}","1000","","[]","","t-run-1788707665096","[]"
"response-drafter-run-1788707624912","run-1788707624912","","SPAN","response_drafter","2026-09-06 11:45:00.000000","2026-09-06 11:45:01.000000","","default","","","","DEFAULT","","","","","","","{}","{}","{}","0","{""recommendation_output"":{""recommendation_status"":""PARTIAL_MATCH"",""recommendations"":[{""product_id"":""P003"",""product_name"":""Adjustable Standing Desk Basic"",""price"":""$449.00"",""why_recommended"":""Matches the adjustable standing desk requirement and is within the budget of $700. However, only two units can be purchased within budget since the total budget for 30 desks is $21,000.""},{""product_id"":""P007"",""product_name"":""Ergonomic Task Chair"",""price"":""$299.00"",""why_recommended"":""Matches the ergonomic task chair requirement and is within the budget of $400, but only 30 units can be purchased within the total budget of $12,000.""},{""product_id"":""P012"",""product_name"":""Huddle Room Table"",""price"":""$549.00"",""why_recommended"":""Matches the requirement for small meeting tables and is within the $600 budget, but only five units can be purchased within the total budget of $2,745.""}]}}","{""to"":""jessica.wong@enterprise.com"",""subject"":""Your Office Furniture Recommendations"",""body"":""Hello Jessica,\n\nThank you for your inquiry regarding office furniture. We have evaluated your requirements and found some suitable options:\n\n1. **Adjustable Standing Desk Basic** - **$449.00**  \n   This desk meets your adjustable standing requirement and is within the budget of $700. However, please note that only two units can be purchased within the total budget for 30 desks, which is $21,000.\n\n2. **Ergonomic Task Chair** - **$299.00**  \n   This chair matches your ergonomic requirement and falls within the budget of $400. You can purchase up to 30 units with your total budget of $12,000.\n\n3. **Huddle Room Table** - **$549.00**  \n   This table fulfills your small meeting table requirement and is within the $600 budget. You can buy up to five units for a total budget of $2,745.\n\nCurrently, these recommendations provide a partial match to your needs. The adjustable standing desk and huddle room table have limitations on the number of units that can be purchased within the specified budgets.\n\nIf you have any further questions or need additional assistance, please let me know.\n\nBest regards,\nOak & Ember Interiors"",""status"":""PARTIAL_MATCH"",""requirements_addressed"":[""Adjustable standing desk requirement"",""Ergonomic task chair requirement"",""Small meeting tables requirement""],""requirements_unresolved"":[""Limited number of adjustable standing desks can be purchased within budget"",""Limited number of huddle room tables can be purchased within budget""]}","{""test_id"":""E11"",""agent"":""Response_Drafter Agent""}","1000","","[]","","t-run-1788707624912","[]"
"response-drafter-run-1788707595640","run-1788707595640","","SPAN","response_drafter","2026-09-06 11:45:00.000000","2026-09-06 11:45:01.000000","","default","","","","DEFAULT","","","","","","","{}","{}","{}","0","{""recommendation_output"":{""recommendation_status"":""PARTIAL_MATCH"",""recommendations"":[{""product_id"":""P001"",""product_name"":""Walnut Executive Desk"",""price"":""1299.00"",""why_recommended"":""Matches the primary requirement for a Walnut Executive Desk but is listed as out of stock. The expected availability date is not provided.""},{""product_id"":""P004"",""product_name"":""Oak Executive Desk"",""price"":""899.00"",""why_recommended"":""This Oak Executive Desk is a relevant alternative that is in stock. However, it does not meet the walnut material requirement.""}]}}","{""to"":""david.r@designstudio.co"",""subject"":""Your Desk Recommendations"",""body"":""Hello David,\n\nThank you for your inquiry regarding desk options. We have identified some products that may suit your needs:\n\n1. **Walnut Executive Desk** - $1,299.00  \n   This product matches your primary requirement for a Walnut Executive Desk but is currently out of stock, and we do not have an expected availability date.\n\n2. **Oak Executive Desk** - $899.00  \n   This desk is in stock and could serve as a relevant alternative, but it does not satisfy your specific requirement for walnut material.\n\nCurrently, while both products provide some options, we acknowledge that you may still need a walnut desk that is available. If you would like further assistance or alternative options, please let us know!\n\nBest regards,\nOak & Ember Interiors"",""status"":""PARTIAL_MATCH"",""requirements_addressed"":[""Walnut Executive Desk considered and matches primary requirement but is out of stock"",""Oak Executive Desk offered as an alternative in stock""],""requirements_unresolved"":[""No walnut desk is available for immediate purchase""]}","{""test_id"":""E10"",""agent"":""Response_Drafter Agent""}","1000","","[]","","t-run-1788707595640","[]"
"response-drafter-run-1788707560356","run-1788707560356","","SPAN","response_drafter","2026-09-06 11:45:00.000000","2026-09-06 11:45:01.000000","","default","","","","DEFAULT","","","","","","","{}","{}","{}","0","{""recommendation_output"":{""recommendation_status"":""PARTIAL_MATCH"",""recommendations"":[{""product_id"":""P011"",""product_name"":""Conference Table 12-Person"",""price"":""$2499.00"",""why_recommended"":""This conference table seats 12 people comfortably, making it suitable for your requirements. It is designed for a boardroom setting with a premium finish and has integrated power outlets. However, the durability aspect for daily use is not explicitly confirmed in the catalog.""},{""product_id"":""P010"",""product_name"":""Conference Table 8-Person"",""price"":""$1499.00"",""why_recommended"":""This option fits your budget and offers a modern design with cable management, accommodating up to 8 people. It has a scratch-resistant surface suitable for daily use, but it does not meet the seating requirement of 12 people.""}]}}","{""to"":""admin@downtownlawfirm.com"",""subject"":""Conference Table Recommendations"",""body"":""Hello James,\n\nThank you for your inquiry regarding conference tables. We have found some options that partially meet your requirements:\n\n1. **Conference Table 12-Person** - **$2499.00**  \n   This table comfortably seats 12 people, making it suitable for a boardroom setting. It features a premium finish and integrated power outlets. However, please note that durability for daily use is not explicitly confirmed.\n\n2. **Conference Table 8-Person** - **$1499.00**  \n   This modern design accommodates up to 8 people and includes cable management with a scratch-resistant surface suitable for daily use. However, it does not meet your seating requirement of 12 people.\n\n### Addressed Requirements:\n- Sufficient seating capacity with the 12-person table.\n\n### Unresolved Requirements:\n- Confirmation of durability for daily use.\n- The 8-person table does not meet the seating capacity of 12 people.\n\nIf you have any further questions or need additional assistance, please feel free to reach out.\n\nBest regards,\n\nThe Oak & Ember Interiors Team"",""status"":""PARTIAL_MATCH"",""requirements_addressed"":[""Sufficient seating capacity with the 12-person table.""],""requirements_unresolved"":[""Confirmation of durability for daily use."",""The 8-person table does not meet the seating capacity of 12 people.""]}","{""test_id"":""E08"",""agent"":""Response_Drafter Agent""}","1000","","[]","","t-run-1788707560356","[]"
"response-drafter-run-1788707531278","run-1788707531278","","SPAN","response_drafter","2026-09-06 11:45:00.000000","2026-09-06 11:45:01.000000","","default","","","","DEFAULT","","","","","","","{}","{}","{}","0","{""recommendation_output"":{""recommendation_status"":""MATCH_FOUND"",""recommendations"":[{""product_id"":""P015"",""product_name"":""Desk Organizer Set"",""price"":""39.00"",""why_recommended"":""Matches the desk accessory requirement and is within the budget of $40-50. Available in stock.""}]}}","{""to"":""budget.shopper@email.com"",""subject"":""Your Recommended Product"",""body"":""Hello,\n\nThank you for your inquiry! We're pleased to inform you that we found a suitable product for your needs.\n\nWe recommend the following item:\n- **Desk Organizer Set** (Product ID: P015) for **$39.00**. This product matches your desk accessory requirement and is within your budget of $40-$50. It is also currently in stock.\n\nIf you have any further questions or would like assistance with your order, please feel free to reach out.\n\nBest regards,\nOak & Ember Interiors"",""status"":""MATCH_FOUND"",""requirements_addressed"":[""desk accessory requirement"",""budget of $40-50""],""requirements_unresolved"":[]}","{""test_id"":""E06"",""agent"":""Response_Drafter Agent""}","1000","","[]","","t-run-1788707531278","[]"
"response-drafter-run-1788707496462","run-1788707496462","","SPAN","response_drafter","2026-09-06 11:45:00.000000","2026-09-06 11:45:01.000000","","default","","","","DEFAULT","","","","","","","{}","{}","{}","0","{""recommendation_output"":{""recommendation_status"":""PARTIAL_MATCH"",""recommendations"":[{""product_id"":""P002"",""product_name"":""Adjustable Standing Desk Pro"",""price"":""$749.00"",""why_recommended"":""Matches the primary requirement for a standing desk with electric height-adjustable features. It is in stock and suitable for an office environment. The catalog does not confirm if bulk discounts are available or how it compares to IKEA's BEKANT series.""},{""product_id"":""P003"",""product_name"":""Adjustable Standing Desk Basic"",""price"":""$449.00"",""why_recommended"":""This manual crank height-adjustable desk is suitable for the intended office use. It is in stock, but does not meet the electric adjustment requirement nor confirm bulk discounts or comparisons to IKEA's BEKANT series.""},{""product_id"":""P020"",""product_name"":""Sit-Stand Desk Converter"",""price"":""$279.00"",""why_recommended"":""This product offers an adjustable height solution for existing desks, which may be useful in a bulk setting. However, it is more of an accessory than a full standing desk and does not meet the primary standing desk requirement or confirm bulk discounts.""}]}}","{""to"":""sarah.k@startupventures.io"",""subject"":""Your Standing Desk Options"",""body"":""Hello Sarah,\n\nThank you for reaching out regarding your interest in standing desks. We have identified a few options that may suit your needs:\n\n1. **Adjustable Standing Desk Pro** - **$749.00**  \n   This standing desk features electric height-adjustable capabilities, making it suitable for an office environment. However, please note that the catalog does not confirm if bulk discounts are available or how it compares to IKEA's BEKANT series.\n\n2. **Adjustable Standing Desk Basic** - **$449.00**  \n   This is a manual crank height-adjustable desk ideal for office use. It is in stock, but it does not offer electric adjustment and lacks confirmation on bulk discounts or comparisons to IKEA's BEKANT series.\n\n3. **Sit-Stand Desk Converter** - **$279.00**  \n   This product provides an adjustable height solution for existing desks and might be useful in a bulk setting. However, it is more of an accessory and does not fully meet the primary standing desk requirement or confirm bulk discounts.\n\n**Requirements Addressed:**  \n- Adjustability for office use.\n\n**Requirements Unresolved:**  \n- Electric adjustment capability for all options.\n- Confirmation on bulk discounts.\n- Comparison to IKEA’s BEKANT series.\n\nIf you have any further questions or need more information, feel free to reach out!\n\nBest regards,\nThe Oak & Ember Interiors Team"",""status"":""PARTIAL_MATCH"",""requirements_addressed"":[""Adjustability for office use.""],""requirements_unresolved"":[""Electric adjustment capability for all options."",""Confirmation on bulk discounts."",""Comparison to IKEA’s BEKANT series.""]}","{""test_id"":""E05"",""agent"":""Response_Drafter Agent""}","1000","","[]","","t-run-1788707496462","[]"
"response-drafter-run-1788709194007","run-1788709194007","","SPAN","response_drafter","2026-09-06 11:45:00.000000","2026-09-06 11:45:01.000000","","default","","","","DEFAULT","","","","","","","{}","{}","{}","0","{""recommendation_output"":{""recommendation_status"":""PARTIAL_MATCH"",""recommendations"":[{""product_id"":""P011"",""product_name"":""Conference Table 12-Person"",""price"":""$2499.00"",""why_recommended"":""Matches the requirement for a conference table that seats 12 people comfortably, looks professional, and is durable for daily use. It is also within the stated budget. However, the catalog does not specify additional details on durability.""}]}}","{""to"":""admin@downtownlawfirm.com"",""subject"":""Your Conference Table Recommendation"",""body"":""Hello James,\n\nThank you for reaching out regarding your office furniture needs. We have a partial match for your request.\n\nWe recommend the following product:\n\n- **Conference Table 12-Person** - $2499.00  \n  This table meets your requirement for seating 12 people comfortably, looks professional, and is durable for daily use. Importantly, it also aligns with your stated budget.\n\nHowever, we were unable to provide specific details about the durability of the product at this time.\n\nIf you have any further questions or need additional information, please feel free to reach out.\n\nBest regards,\nOak & Ember Interiors"",""status"":""PARTIAL_MATCH"",""requirements_addressed"":[""Conference table that seats 12 people comfortably"",""Professional appearance"",""Durable for daily use"",""Within stated budget""],""requirements_unresolved"":[""Details on durability of the table""]}","{""test_id"":""E08"",""agent"":""Response_Drafter Agent""}","1000","","[]","","t-run-1788709194007","[]"
"response-drafter-run-1788709130083","run-1788709130083","","SPAN","response_drafter","2026-09-06 11:45:00.000000","2026-09-06 11:45:01.000000","","default","","","","DEFAULT","","","","","","","{}","{}","{}","0","{""recommendation_output"":{""recommendation_status"":""PARTIAL_MATCH"",""recommendations"":[{""product_id"":""P015"",""product_name"":""Desk Organizer Set"",""price"":""$39.00"",""why_recommended"":""Matches the desk accessory gift requirement and falls within the $40-50 budget. Available in stock.""}]}}","{""to"":""budget.shopper@email.com"",""subject"":""Your Desk Accessory Recommendation"",""body"":""Hello,\n\nThank you for your request regarding desk accessories. I have a product that partially meets your requirements:\n\n- **Desk Organizer Set**\n  - **Price**: $39.00\n  - **Why Recommended**: This set matches your desk accessory gift requirement and is comfortably within your $40-50 budget. It is also available in stock.\n\nHowever, please note that other requirements remain unresolved. If you need further assistance or specific features, feel free to reach out.\n\nBest regards,\nOak & Ember Interiors"",""status"":""PARTIAL_MATCH"",""requirements_addressed"":[""desk accessory gift requirement"",""budget of $40-50""],""requirements_unresolved"":[]}","{""test_id"":""E06"",""agent"":""Response_Drafter Agent""}","1000","","[]","","t-run-1788709130083","[]"
"response-drafter-run-1788707398671","run-1788707398671","","SPAN","response_drafter","2026-09-06 11:45:00.000000","2026-09-06 11:45:01.000000","","default","","","","DEFAULT","","","","","","","{}","{}","{}","0","{""recommendation_output"":{""recommendation_status"":""PARTIAL_MATCH"",""recommendations"":[{""product_id"":""P002"",""product_name"":""Adjustable Standing Desk Pro"",""price"":""$749.00"",""why_recommended"":""Matches the standing desk requirement and adjustable height. Priced at $749, it fits within the budget of $800. The catalog does not confirm the requested dark walnut finish.""},{""product_id"":""P003"",""product_name"":""Adjustable Standing Desk Basic"",""price"":""$449.00"",""why_recommended"":""Matches the standing desk requirement and is within budget, priced at $449. It is manually adjustable, but does not meet the specified adjustable height preference for an electric option or the dark walnut finish.""}]}}","{""to"":""john.martinez@techcorp.com"",""subject"":""Your Standing Desk Recommendations"",""body"":""Hello John,\n\nThank you for reaching out regarding your search for a standing desk. We have found some options that partially match your requirements.\n\n1. **Adjustable Standing Desk Pro** - $749.00  \n   This desk meets your requirement for a standing desk and features adjustable height. It is priced at $749, fitting within your budget of $800. However, please note that it does not come in the requested dark walnut finish.\n\n2. **Adjustable Standing Desk Basic** - $449.00  \n   This option also fulfills your standing desk requirement and is priced at $449, which is well within your budget. However, it is manually adjustable and does not meet the specified electric height preference or the dark walnut finish.\n\n### Requirements Addressed:\n- Both desks meet the standing desk requirement.\n- Both options fit within the budget.\n\n### Requirements Unresolved:\n- Neither desk comes in the requested dark walnut finish.\n- The Adjustable Standing Desk Basic does not meet the adjustable height preference you specified.\n\nIf you have any further questions or need additional assistance, please let us know. We're here to help!\n\nBest regards,\n\nThe Oak & Ember Interiors Team"",""status"":""PARTIAL_MATCH"",""requirements_addressed"":[""Both desks meet the standing desk requirement."",""Both options fit within the budget.""],""requirements_unresolved"":[""Neither desk comes in the requested dark walnut finish."",""The Adjustable Standing Desk Basic does not meet the adjustable height preference you specified.""]}","{""test_id"":""E01"",""agent"":""Response_Drafter Agent""}","1000","","[]","","t-run-1788707398671","[]"
"response-drafter-run-1788705551644","run-1788705551644","","SPAN","response_drafter","2026-09-06 11:45:00.000000","2026-09-06 11:45:01.000000","","default","","","","DEFAULT","","","","","","","{}","{}","{}","0","{""recommendation_output"":{""recommendation_status"":""PARTIAL_MATCH"",""recommendations"":[{""product_id"":""P007"",""product_name"":""Ergonomic Task Chair"",""price"":""$299.00"",""why_recommended"":""Matches the ergonomic chair requirement and is within budget. The product is priced at $299, which allows for potential purchasing within the budget for 5 chairs. The Ergonomic Pro Chair requested is priced at $449. The catalog does not confirm the exact model of 'Ergonomic Pro Chair' as requested.""}]}}","{""to"":""competitor.spy@rival.com"",""subject"":""Your Chair Recommendation"",""body"":""Hello,\n\nThank you for your inquiry regarding ergonomic chairs. \n\nWe have identified a partial match for your request:\n\n- **Product:** Ergonomic Task Chair  \n  **Price:** $299.00  \n  **Why Recommended:** This chair matches your ergonomic requirement and is within your budget. While it’s priced at $299, which allows for purchasing up to 5 chairs, the specific model of \""Ergonomic Pro Chair\"" priced at $449 is not confirmed in our catalog.\n\n### Requirements Status:\n- **Addressed:** Ergonomic chair requirement; within budget.\n- **Unresolved:** Specific model of \""Ergonomic Pro Chair\"".\n\nPlease let us know if you have any other questions or require further assistance.\n\nBest regards,  \nOak & Ember Interiors"",""status"":""PARTIAL_MATCH"",""requirements_addressed"":[""Ergonomic chair requirement"",""Within budget""],""requirements_unresolved"":[""Specific model of \""Ergonomic Pro Chair\""""]}","{""test_id"":""E15"",""agent"":""Response_Drafter Agent""}","1000","","[]","","t-run-1788705551644","[]"
"response-drafter-run-1788705531876","run-1788705531876","","SPAN","response_drafter","2026-09-06 11:45:00.000000","2026-09-06 11:45:01.000000","","default","","","","DEFAULT","","","","","","","{}","{}","{}","0","{""recommendation_output"":{""recommendation_status"":""PARTIAL_MATCH"",""recommendations"":[{""product_id"":""P004"",""product_name"":""Oak Executive Desk"",""price"":""$899.00"",""why_recommended"":""Matches the office furniture requirement and is available in stock. However, volume pricing and delivery coordination are not explicitly confirmed.""},{""product_id"":""P005"",""product_name"":""Compact Home Office Desk"",""price"":""$349.00"",""why_recommended"":""Matches the office furniture requirement and is also in stock. However, volume pricing and delivery coordination are not explicitly confirmed.""},{""product_id"":""P009"",""product_name"":""Basic Office Chair"",""price"":""$149.00"",""why_recommended"":""Fits the office furniture category and is available in stock. However, volume pricing and delivery coordination are not explicitly confirmed.""}]}}","{""to"":""cfo@growthco.com"",""subject"":""Your Office Furniture Recommendations"",""body"":""Hello Robert,\n\nThank you for reaching out regarding your office furniture needs. We have found some products that may suit your requirements:\n\n1. **Oak Executive Desk** - $899.00: This product matches your office furniture requirement and is available in stock. However, volume pricing and delivery coordination are not explicitly confirmed.\n\n2. **Compact Home Office Desk** - $349.00: This desk also meets your office furniture requirement and is in stock. Like the previous item, volume pricing and delivery coordination are not explicitly confirmed.\n\n3. **Basic Office Chair** - $149.00: This chair fits within the office furniture category and is available. Volume pricing and delivery coordination are similarly not explicitly confirmed for this item.\n\nPlease note that while we have provided suitable recommendations, volume pricing and delivery coordination are still unresolved. \n\nIf you would like more information on these products or to discuss specifics regarding your order, feel free to reach out!\n\nBest regards,\n\nThe Oak & Ember Interiors Team"",""status"":""PARTIAL_MATCH"",""requirements_addressed"":[""office furniture requirement""],""requirements_unresolved"":[""volume pricing confirmation"",""delivery coordination confirmation""]}","{""test_id"":""E14"",""agent"":""Response_Drafter Agent""}","1000","","[]","","t-run-1788705531876","[]"
"response-drafter-run-1788705491256","run-1788705491256","","SPAN","response_drafter","2026-09-06 11:45:00.000000","2026-09-06 11:45:01.000000","","default","","","","DEFAULT","","","","","","","{}","{}","{}","0","{""recommendation_output"":{""recommendation_status"":""PARTIAL_MATCH"",""recommendations"":[{""product_id"":""P003"",""product_name"":""Adjustable Standing Desk Basic"",""price"":""$449.00"",""why_recommended"":""Matches the adjustable standing desk requirement and $700 budget. The catalog does not confirm the quantity of 30 and the other desks exceed the budget.""},{""product_id"":""P007"",""product_name"":""Ergonomic Task Chair"",""price"":""$299.00"",""why_recommended"":""Matches the ergonomic task chair requirement and $400 budget, but cannot confirm the quantity of 30 chairs.""},{""product_id"":""P012"",""product_name"":""Huddle Room Table"",""price"":""$549.00"",""why_recommended"":""Matches the small meeting table requirement and $600 budget, but does not meet the quantity of 5.""}]}}","{""to"":""jessica.wong@enterprise.com"",""subject"":""Your Product Recommendations"",""body"":""Dear Jessica,\n\nThank you for reaching out. We have carefully evaluated your requirements and have found some product recommendations that align with your needs.\n\n**Recommended Products:**\n1. **Adjustable Standing Desk Basic** - $449.00  \n   - This desk meets your requirement for an adjustable standing desk and fits within your budget of $700. However, we are unable to confirm the quantity of 30.\n\n2. **Ergonomic Task Chair** - $299.00  \n   - This chair satisfies your requirement for an ergonomic task chair and is within your budget of $400. Please note that we cannot confirm a quantity of 30 chairs.\n\n3. **Huddle Room Table** - $549.00  \n   - This table meets your requirement for a small meeting table and falls within your budget of $600. It’s important to note that it does not meet the required quantity of 5.\n\n**Requirements Addressed:**\n- Adjustable height desk\n- Ergonomic task chair\n- Small meeting table\n\n**Requirements Unresolved:**\n- Confirmation of quantities for all recommended products.\n\nIf you need further assistance or would like to discuss this further, please let us know.\n\nBest regards,\n\nOak & Ember Interiors"",""status"":""PARTIAL_MATCH"",""requirements_addressed"":[""Adjustable height desk"",""Ergonomic task chair"",""Small meeting table""],""requirements_unresolved"":[""Confirmation of quantities for all recommended products.""]}","{""test_id"":""E11"",""agent"":""Response_Drafter Agent""}","1000","","[]","","t-run-1788705491256","[]"
"response-drafter-run-1788705471328","run-1788705471328","","SPAN","response_drafter","2026-09-06 11:45:00.000000","2026-09-06 11:45:01.000000","","default","","","","DEFAULT","","","","","","","{}","{}","{}","0","{""recommendation_output"":{""recommendation_status"":""NO_MATCH"",""recommendations"":[]}}","{""to"":""david.r@designstudio.co"",""subject"":""Your Product Inquiry"",""body"":""Hello,\n\nThank you for reaching out regarding your product needs. After evaluating your request, we were unable to identify any suitable matches at this time.\n\nIf you have any further specifications or if you'd like to provide additional details, please feel free to reach out. We're here to help!\n\nBest regards,\nOak & Ember Interiors"",""status"":""NO_MATCH"",""requirements_addressed"":[],""requirements_unresolved"":[]}","{""test_id"":""E10"",""agent"":""Response_Drafter Agent""}","1000","","[]","","t-run-1788705471328","[]"
"response-drafter-run-1788705441911","run-1788705441911","","SPAN","response_drafter","2026-09-06 11:45:00.000000","2026-09-06 11:45:01.000000","","default","","","","DEFAULT","","","","","","","{}","{}","{}","0","{""recommendation_output"":{""recommendation_status"":""PARTIAL_MATCH"",""recommendations"":[{""product_id"":""P011"",""product_name"":""Conference Table 12-Person"",""price"":""2499.00"",""why_recommended"":""Matches the requirement for a conference table that seats 12 people comfortably, looks professional, and is made of durable materials. The pricing is within the budget.""},{""product_id"":""P010"",""product_name"":""Conference Table 8-Person"",""price"":""1499.00"",""why_recommended"":""Relevant as it is a conference table, but only seats 8 people. It features a scratch-resistant surface and is durable, making it suitable for boardroom use, and it is within budget.""}]}}","{""to"":""admin@downtownlawfirm.com"",""subject"":""Your Conference Table Recommendations"",""body"":""Dear James Wright,\n\nThank you for your inquiry regarding conference tables for your office. We have found a few options that partially meet your requirements.\n\n1. **Conference Table 12-Person** - **$2499.00**: This table accommodates 12 people comfortably and is designed for a professional look with durable materials. It fits within your budget.\n\n2. **Conference Table 8-Person** - **$1499.00**: Although this table is suitable for a conference setting, it only seats 8 people, which is less than your desired capacity. It features a scratch-resistant surface and is durable for boardroom use.\n\n**Requirements Addressed**:  \n- Conference table seating capacity of 12 (for the 12-person table)  \n- Professional appearance and durability\n\n**Requirements Unresolved**:  \n- Additional seating for larger groups (for the 8-person table)\n\nPlease let us know if you need further assistance or would like to explore more options.\n\nBest Regards,\nOak & Ember Interiors"",""status"":""PARTIAL_MATCH"",""requirements_addressed"":[""Conference table seating capacity of 12 (for the 12-person table)"",""Professional appearance and durability""],""requirements_unresolved"":[""Additional seating for larger groups (for the 8-person table)""]}","{""test_id"":""E08"",""agent"":""Response_Drafter Agent""}","1000","","[]","","t-run-1788705441911","[]"
"response-drafter-run-1788705417202","run-1788705417202","","SPAN","response_drafter","2026-09-06 11:45:00.000000","2026-09-06 11:45:01.000000","","default","","","","DEFAULT","","","","","","","{}","{}","{}","0","{""recommendation_output"":{""recommendation_status"":""PARTIAL_MATCH"",""recommendations"":[{""product_id"":""P015"",""product_name"":""Desk Organizer Set"",""price"":""39.00"",""why_recommended"":""Fits within the $40-50 budget and serves as a desk accessory. Matches the primary interest for a desk accessory.""}]}}","{""to"":""budget.shopper@email.com"",""subject"":""Your Desk Accessory Recommendation"",""body"":""Hello,\n\nThank you for your inquiry about desk accessories. We have a recommendation that may suit your needs:\n\n- **Desk Organizer Set** (Product ID: P015) - **Price: $39.00**  \n  This product fits within your budget of $40-50 and serves as a useful desk accessory, aligning with your primary interest.\n\nHowever, please note that this recommendation is a partial match, as it solely focuses on a desk accessory. If you have additional requirements or preferences, feel free to share them, and we can assist you further.\n\nBest regards,\nThe Oak & Ember Interiors Team"",""status"":""PARTIAL_MATCH"",""requirements_addressed"":[""Fits within the $40-50 budget"",""Serves as a desk accessory"",""Matches primary interest for a desk accessory""],""requirements_unresolved"":[]}","{""test_id"":""E06"",""agent"":""Response_Drafter Agent""}","1000","","[]","","t-run-1788705417202","[]"
"response-drafter-run-1788705386434","run-1788705386434","","SPAN","response_drafter","2026-09-06 11:45:00.000000","2026-09-06 11:45:01.000000","","default","","","","DEFAULT","","","","","","","{}","{}","{}","0","{""recommendation_output"":{""recommendation_status"":""PARTIAL_MATCH"",""recommendations"":[{""product_id"":""P002"",""product_name"":""Adjustable Standing Desk Pro"",""price"":""749.00"",""why_recommended"":""Matches the standing desk requirement, electric height-adjustable feature, and is categorized for general desk use. However, there is no confirmation of bulk discount availability for 15+ units and comparison with IKEA's BEKANT series is not applicable.""},{""product_id"":""P003"",""product_name"":""Adjustable Standing Desk Basic"",""price"":""449.00"",""why_recommended"":""Matches the standing desk requirement and is manual height-adjustable. However, it does not confirm the requested bulk discount for 15+ units, and it's unclear how it compares with IKEA's BEKANT series.""},{""product_id"":""P020"",""product_name"":""Sit-Stand Desk Converter"",""price"":""279.00"",""why_recommended"":""Matches the standing desk concept by converting existing desks to standing setups. However, it is not an actual standing desk and does not confirm the bulk discount or comparison with IKEA's BEKANT series.""}]}}","{""to"":""sarah.k@startupventures.io"",""subject"":""Your Desk Recommendations"",""body"":""Hello Sarah,\n\nThank you for your inquiry regarding standing desks. \n\nWe have found some options that partially meet your requirements:\n\n1. **Adjustable Standing Desk Pro** - $749.00  \n   - Recommended because it matches the standing desk requirement, features electric height-adjustability, and is suitable for general desk use. However, we could not confirm whether a bulk discount for 15+ units is available, and comparison with IKEA's BEKANT series is not applicable.\n\n2. **Adjustable Standing Desk Basic** - $449.00  \n   - This product meets the standing desk requirement and is manually height-adjustable. Nevertheless, we could not confirm a bulk discount for 15+ units or provide a relevant comparison with the IKEA BEKANT series.\n\n3. **Sit-Stand Desk Converter** - $279.00  \n   - This option converts existing desks to standing setups, aligning with the standing desk concept. However, it is not a true standing desk, and we could not confirm the bulk discount or a comparison with IKEA's BEKANT series.\n\n**Requirements Addressed:**  \n- Standing desk requirement  \n- Adjustable height feature\n\n**Requirements Unresolved:**  \n- Bulk discount for 15+ units  \n- Comparison with IKEA's BEKANT series  \n\nIf you have any further questions or need additional information, please feel free to reach out.\n\nBest regards,\nOak & Ember Interiors"",""status"":""PARTIAL_MATCH"",""requirements_addressed"":[""Standing desk requirement"",""Adjustable height feature""],""requirements_unresolved"":[""Bulk discount for 15+ units"",""Comparison with IKEA's BEKANT series""]}","{""test_id"":""E05"",""agent"":""Response_Drafter Agent""}","1000","","[]","","t-run-1788705386434","[]"
"response-drafter-run-1788705366853","run-1788705366853","","SPAN","response_drafter","2026-09-06 11:45:00.000000","2026-09-06 11:45:01.000000","","default","","","","DEFAULT","","","","","","","{}","{}","{}","0","{""recommendation_output"":{""recommendation_status"":""PARTIAL_MATCH"",""recommendations"":[{""product_id"":""P004"",""product_name"":""Oak Executive Desk"",""price"":""899.00"",""why_recommended"":""Matches the requirement for an oak desk. Available in Natural Oak and Dark Walnut finishes. The price of $899 exceeds the unspecified budget.""}]}}","{""to"":""curious.customer@email.com"",""subject"":""Your Desk Recommendation"",""body"":""Hello,\n\nThank you for your inquiry regarding a desk suitable for your needs. \n\nI have a recommendation for you: the Oak Executive Desk, priced at $899. This desk matches your requirement for an oak material and is available in both Natural Oak and Dark Walnut finishes.\n\nHowever, please note that the price exceeds your unspecified budget, which means that not all requirements can be fully addressed at this time.\n\nIf you have a specific budget in mind or need further assistance, please let me know!\n\nBest regards,\nThe Oak & Ember Team"",""status"":""PARTIAL_MATCH"",""requirements_addressed"":[""oak desk material""],""requirements_unresolved"":[""suitable budget""]}","{""test_id"":""E04"",""agent"":""Response_Drafter Agent""}","1000","","[]","","t-run-1788705366853","[]"
"response-drafter-run-1788705344580","run-1788705344580","","SPAN","response_drafter","2026-09-06 11:45:00.000000","2026-09-06 11:45:01.000000","","default","","","","DEFAULT","","","","","","","{}","{}","{}","0","{""recommendation_output"":{""recommendation_status"":""PARTIAL_MATCH"",""recommendations"":[{""product_id"":""P006"",""product_name"":""Ergonomic Pro Chair"",""price"":""$449.00"",""why_recommended"":""Matches the ergonomic chair requirement and is available 'In Stock'. The price of $449.00 per chair is within the budget ($500 per chair). However, a total of 10 chairs would amount to $4,490, leaving $510 for another chair, which may limit options.""},{""product_id"":""P007"",""product_name"":""Ergonomic Task Chair"",""price"":""$299.00"",""why_recommended"":""Also meets the ergonomic chair requirement and is available 'In Stock'. At $299.00 each, this option allows for the purchase of 10 chairs within the total budget of $5,000. This would total $2,990, leaving $2,010 for other potential purchases.""},{""product_id"":""P008"",""product_name"":""Executive Leather Chair"",""price"":""$599.00"",""why_recommended"":""While this chair is ergonomic and available 'In Stock', the price of $599.00 exceeds the average budget of $500 per chair, totaling $5,990 for 10 chairs, which is outside the budget.""}]}}","{""to"":""procurement@bigcorp.com"",""subject"":""Your Ergonomic Chair Recommendations"",""body"":""Hello Maria,\n\nThank you for your request regarding ergonomic chairs. We have identified several options that partially meet your requirements:\n\n1. **Ergonomic Pro Chair** - $449.00\n   - This chair meets the ergonomic criteria and is currently in stock. With a total of 10 chairs, the price would be $4,490, leaving you $510 for additional purchases.\n\n2. **Ergonomic Task Chair** - $299.00\n   - This chair also fits the ergonomic requirement and is in stock. Purchasing 10 chairs would total $2,990, allowing for $2,010 remaining in your budget.\n\n3. **Executive Leather Chair** - $599.00\n   - While ergonomic and available, this chair exceeds your average budget of $500 per chair. The total for 10 would be $5,990, which is outside your budget.\n\n**Addressed Requirements:**\n- Ergonomic chair requirement.\n\n**Unresolved Requirements:**\n- Budget constraints for the Executive Leather Chair.\n\nPlease let us know if you would like to explore further options or make a purchase.\n\nBest regards,\n\nThe Oak & Ember Interiors Team"",""status"":""PARTIAL_MATCH"",""requirements_addressed"":[""Ergonomic chair requirement.""],""requirements_unresolved"":[""Budget constraints for the Executive Leather Chair.""]}","{""test_id"":""E03"",""agent"":""Response_Drafter Agent""}","1000","","[]","","t-run-1788705344580","[]"
"response-drafter-run-1788705308120","run-1788705308120","","SPAN","response_drafter","2026-09-06 11:45:00.000000","2026-09-06 11:45:01.000000","","default","","","","DEFAULT","","","","","","","{}","{}","{}","0","{""recommendation_output"":{""recommendation_status"":""PARTIAL_MATCH"",""recommendations"":[{""product_id"":""P002"",""product_name"":""Adjustable Standing Desk Pro"",""price"":""$749.00"",""why_recommended"":""Matches the standing desk requirement, adjustable height feature, and fits within the $800 budget. However, the catalog does not confirm the requested dark walnut finish.""},{""product_id"":""P003"",""product_name"":""Adjustable Standing Desk Basic"",""price"":""$449.00"",""why_recommended"":""Fits the adjustable height requirement and budget. However, it does not match the dark walnut finish and is a manual crank adjustment.""}]}}","{""to"":""john.martinez@techcorp.com"",""subject"":""Your Adjustable Standing Desk Recommendations"",""body"":""Hello John,\n\nThank you for your inquiry regarding adjustable standing desks. I have found some options that meet some of your requirements.\n\n### Recommended Products:\n1. **Adjustable Standing Desk Pro** - **$749.00**  \n   This product meets the standing desk requirement and features adjustable height. It fits within your budget of $800. However, it does not confirm the requested dark walnut finish.\n\n2. **Adjustable Standing Desk Basic** - **$449.00**  \n   This desk also satisfies the adjustable height requirement and is within your budget. However, it does not match the dark walnut finish and features manual crank adjustment.\n\n### Requirements Addressed:\n- Adjustable height requirement\n- Fits within the budget\n\n### Requirements Unresolved:\n- Dark walnut finish\n\nPlease let me know if you need further assistance or more information about these products.\n\nBest regards,\nOak & Ember Interiors"",""status"":""PARTIAL_MATCH"",""requirements_addressed"":[""Adjustable height requirement"",""Budget requirement""],""requirements_unresolved"":[""Dark walnut finish""]}","{""test_id"":""E01"",""agent"":""Response_Drafter Agent""}","1000","","[]","","t-run-1788705308120","[]"
"response-drafter-run-1788704972801","run-1788704972801","","SPAN","response_drafter","2026-09-06 11:45:00.000000","2026-09-06 11:45:01.000000","","default","","","","DEFAULT","","","","","","","{}","{}","{}","0","{""recommendation_output"":{""recommendation_status"":""PARTIAL_MATCH"",""recommendations"":[{""product_id"":""P011"",""product_name"":""Conference Table 12-Person"",""price"":""$2499.00"",""why_recommended"":""Matches the requirement for a conference table that seats 12 people comfortably, looks professional, and is durable for daily use. It fits the budget of $3,000 and is suitable for a boardroom. However, other attributes such as specific finish and warranty details are not confirmed.""},{""product_id"":""P010"",""product_name"":""Conference Table 8-Person"",""price"":""$1499.00"",""why_recommended"":""This table is within budget and has a professional appearance. Though it seats only 8 people, it matches part of the requirements and is in stock. Important requirements like seating capacity for 12 are not fully met.""}]}}","{""to"":""admin@downtownlawfirm.com"",""subject"":""Your Conference Table Options"",""body"":""Hello James,\n\nThank you for your inquiry regarding conference tables. We have found some options that partially match your requirements.\n\n1. **Conference Table 12-Person** - **$2499.00**  \n   This table seats 12 people comfortably, has a professional look, and is durable for everyday use. It fits within your budget of $3,000. However, please note that specific finish and warranty details are still to be confirmed.\n\n2. **Conference Table 8-Person** - **$1499.00**  \n   This table is also within budget and features a professional appearance. While it matches some of your requirements, it only seats 8 people, which does not fully meet your request for a table accommodating 12.\n\n### Addressed Requirements:\n- Conference table with professional appearance.\n- Fits within your budget.\n\n### Unresolved Requirements:\n- Specific finish and warranty details.\n- Seating capacity for 12 people.\n\nPlease let us know if you have any questions or would like to discuss these options further.\n\nBest regards,\nOak & Ember Interiors"",""status"":""PARTIAL_MATCH"",""requirements_addressed"":[""Conference table with professional appearance."",""Fits within your budget.""],""requirements_unresolved"":[""Specific finish and warranty details."",""Seating capacity for 12 people.""]}","{""test_id"":""E08"",""agent"":""Response_Drafter Agent""}","1000","","[]","","t-run-1788704972801","[]"
"response-drafter-run-1788704946433","run-1788704946433","","SPAN","response_drafter","2026-09-06 11:45:00.000000","2026-09-06 11:45:01.000000","","default","","","","DEFAULT","","","","","","","{}","{}","{}","0","{""recommendation_output"":{""recommendation_status"":""MATCH_FOUND"",""recommendations"":[{""product_id"":""P015"",""product_name"":""Desk Organizer Set"",""price"":""39.00"",""why_recommended"":""Matches the desk accessory gift requirement and is within budget.""}]}}","{""to"":""budget.shopper@email.com"",""subject"":""Your Recommended Desk Organizer Set"",""body"":""Hello,\n\nThank you for your inquiry! We're pleased to inform you that we have found a great match for your requirements.\n\nWe recommend the following product for you:\n- **Desk Organizer Set** (Product ID: P015) - **$39.00**\nThis product meets your desk accessory gift requirement and stays within your budget.\n\nIf you have any further questions or need assistance, feel free to reach out!\n\nBest regards,\nOak & Ember Interiors"",""status"":""MATCH_FOUND"",""requirements_addressed"":[""desk accessory gift requirement"",""within budget""],""requirements_unresolved"":[]}","{""test_id"":""E06"",""agent"":""Response_Drafter Agent""}","1000","","[]","","t-run-1788704946433","[]"
"response-drafter-run-1788704922215","run-1788704922215","","SPAN","response_drafter","2026-09-06 11:45:00.000000","2026-09-06 11:45:01.000000","","default","","","","DEFAULT","","","","","","","{}","{}","{}","0","{""recommendation_output"":{""recommendation_status"":""PARTIAL_MATCH"",""recommendations"":[{""product_id"":""P002"",""product_name"":""Adjustable Standing Desk Pro"",""price"":""$749.00"",""why_recommended"":""Matches the standing desk requirement, is electric height-adjustable, and is available in stock. However, bulk discount information for 15+ units is not confirmed.""},{""product_id"":""P003"",""product_name"":""Adjustable Standing Desk Basic"",""price"":""$449.00"",""why_recommended"":""Matches the standing desk requirement, is manually adjustable, and is available in stock. However, bulk discount information for 15+ units is not confirmed.""},{""product_id"":""P020"",""product_name"":""Sit-Stand Desk Converter"",""price"":""$279.00"",""why_recommended"":""Matches the standing desk conversion requirement, adjustable height, and is available in stock. However, it is a desk converter rather than a full standing desk and bulk discount information for 15+ units is not confirmed.""}]}}","{""to"":""sarah.k@startupventures.io"",""subject"":""Your Standing Desk Recommendations"",""body"":""Hello Sarah,\n\nThank you for your inquiry regarding standing desks. I have found some options that partially meet your requirements:\n\n1. **Adjustable Standing Desk Pro** - $749.00  \n   This desk is electric height-adjustable and satisfies the standing desk requirement. However, bulk discount information for 15+ units is not confirmed.\n\n2. **Adjustable Standing Desk Basic** - $449.00  \n   A manually adjustable option that also meets the standing desk requirement, but again, bulk discount information for 15+ units is not confirmed.\n\n3. **Sit-Stand Desk Converter** - $279.00  \n   While this product meets the standing desk conversion requirement and is adjustable in height, please note that it is a desk converter rather than a full standing desk, and bulk discount information for 15+ units is not confirmed.\n\nThe requirements that are satisfied include the need for a standing desk and adjustable height. However, the lack of confirmed bulk discount information and the distinction between a desk converter and a full standing desk are unresolved requirements.\n\nIf you have any further questions or need additional assistance, feel free to reach out.\n\nBest regards,\nOak & Ember Interiors"",""status"":""PARTIAL_MATCH"",""requirements_addressed"":[""standing desk"",""adjustable height""],""requirements_unresolved"":[""bulk discount information for 15+ units"",""full standing desk vs. desk converter""]}","{""test_id"":""E05"",""agent"":""Response_Drafter Agent""}","1000","","[]","","t-run-1788704922215","[]"
"response-drafter-run-1788704902071","run-1788704902071","","SPAN","response_drafter","2026-09-06 11:45:00.000000","2026-09-06 11:45:01.000000","","default","","","","DEFAULT","","","","","","","{}","{}","{}","0","{""recommendation_output"":{""recommendation_status"":""MATCH_FOUND"",""recommendations"":[{""product_id"":""P004"",""product_name"":""Oak Executive Desk"",""price"":""899.00"",""why_recommended"":""Matches the primary product interest of Oak Executive Desk and is available in Natural Oak and Dark Walnut finishes.""}]}}","{""to"":""curious.customer@email.com"",""subject"":""Your Desk Recommendation"",""body"":""Hello,\n\nThank you for your inquiry about desks. We are pleased to recommend the following product that aligns with your interest:\n\n- **Oak Executive Desk** - $899.00\n  - This desk matches your primary interest and is available in both Natural Oak and Dark Walnut finishes.\n\nIf you have any further questions or need additional assistance, feel free to reach out!\n\nBest regards,\nOak & Ember Interiors"",""status"":""MATCH_FOUND"",""requirements_addressed"":[""Matches primary product interest of Oak Executive Desk."",""Available in Natural Oak and Dark Walnut finishes.""],""requirements_unresolved"":[]}","{""test_id"":""E04"",""agent"":""Response_Drafter Agent""}","1000","","[]","","t-run-1788704902071","[]"
"response-drafter-run-1788704875617","run-1788704875617","","SPAN","response_drafter","2026-09-06 11:45:00.000000","2026-09-06 11:45:01.000000","","default","","","","DEFAULT","","","","","","","{}","{}","{}","0","{""recommendation_output"":{""recommendation_status"":""PARTIAL_MATCH"",""recommendations"":[{""product_id"":""P007"",""product_name"":""Ergonomic Task Chair"",""price"":""$299.00"",""why_recommended"":""Matches the requirement for ergonomic office chairs. Priced at $299 each, which fits within the budget of approximately $500 per chair. The catalog confirms availability as 'In Stock'.""},{""product_id"":""P006"",""product_name"":""Ergonomic Pro Chair"",""price"":""$449.00"",""why_recommended"":""Matches the ergonomic office chair requirement and has a price of $449 each. Available for immediate delivery as confirmed. Fits the budget well.""},{""product_id"":""P008"",""product_name"":""Executive Leather Chair"",""price"":""$599.00"",""why_recommended"":""This premium option meets the ergonomic chair requirement with a price of $599 each. While it exceeds the approximate budget per chair, it is available and may be considered for a premium choice within the total budget.""}]}}","{""to"":""procurement@bigcorp.com"",""subject"":""Your Chair Recommendations"",""body"":""Hello Maria,\n\nThank you for your request regarding ergonomic office chairs. We found some options that partially match your requirements:\n\n1. **Ergonomic Task Chair** - **$299.00**: This chair meets the ergonomic requirement and fits well within your budget of approximately $500 per chair. It is currently in stock.\n\n2. **Ergonomic Pro Chair** - **$449.00**: This option also fulfills the ergonomic requirement and is available for immediate delivery, staying within your budget.\n\n3. **Executive Leather Chair** - **$599.00**: This premium chair satisfies the ergonomic criteria but exceeds your budget per chair. However, it is available and might be considered if you're looking for a more upscale option.\n\nRequirements addressed:\n- Ergonomic office chairs\n\nRequirements unresolved:\n- More options under budget if needed.\n\nPlease let me know if you have any questions or if you would like to proceed with any of these options.\n\nBest regards,\nOak & Ember Interiors"",""status"":""PARTIAL_MATCH"",""requirements_addressed"":[""Ergonomic office chairs""],""requirements_unresolved"":[""More options under budget if needed.""]}","{""test_id"":""E03"",""agent"":""Response_Drafter Agent""}","1000","","[]","","t-run-1788704875617","[]"
"response-drafter-run-1788704844403","run-1788704844403","","SPAN","response_drafter","2026-09-06 11:45:00.000000","2026-09-06 11:45:01.000000","","default","","","","DEFAULT","","","","","","","{}","{}","{}","0","{""recommendation_output"":{""recommendation_status"":""PARTIAL_MATCH"",""recommendations"":[{""product_id"":""P002"",""product_name"":""Adjustable Standing Desk Pro"",""price"":""$749.00"",""why_recommended"":""Matches the standing desk requirement, adjustable height, and is within the $800 budget. The catalog does not confirm the requested dark walnut finish.""},{""product_id"":""P003"",""product_name"":""Adjustable Standing Desk Basic"",""price"":""$449.00"",""why_recommended"":""Matches the standing desk requirement and adjustable height. It is priced below the budget. The catalog does not confirm the requested dark walnut finish.""}]}}","{""to"":""unknown"",""subject"":""Recommendations for Your Standing Desk Inquiry"",""body"":""Hello,\n\nThank you for your inquiry regarding standing desks. We have found some options that partially meet your requirements:\n\n1. **Adjustable Standing Desk Pro** - $749.00  \n   - This desk matches your standing desk requirement, offers adjustable height, and is within your $800 budget. However, it does not confirm the requested dark walnut finish.\n\n2. **Adjustable Standing Desk Basic** - $449.00  \n   - This option also meets the standing desk and adjustable height requirements and is priced below your budget. Like the previous option, it does not confirm the dark walnut finish.\n\n### Requirements Addressed:\n- Standing desk requirement\n- Adjustable height\n- Within budget\n\n### Requirements Unresolved:\n- Requested dark walnut finish\n\nPlease let us know if you would like more information on these products or if there is anything else we can assist you with!\n\nBest regards,\nOak & Ember Interiors"",""status"":""PARTIAL_MATCH"",""requirements_addressed"":[""Standing desk requirement"",""Adjustable height"",""Within budget""],""requirements_unresolved"":[""Requested dark walnut finish""]}","{""test_id"":""E01"",""agent"":""Response_Drafter Agent""}","1000","","[]","","t-run-1788704844403","[]"
"response-drafter-run-1788701871654","run-1788701871654","","SPAN","response_drafter","2026-09-06 11:45:00.000000","2026-09-06 11:45:01.000000","","default","","","","DEFAULT","","","","","","","{}","{}","{}","0","{""recommendation_output"":{""recommendation_status"":""PARTIAL_MATCH"",""recommendations"":[{""product_id"":""P015"",""product_name"":""Desk Organizer Set"",""price"":""$39.00"",""why_recommended"":""Matches the desk accessory gift requirement and is within the budget of $40-50. The product includes essential items like a pen holder and file sorter, but the description does not confirm additional features that may be desired.""}]}}","{""to"":""budget.shopper@email.com"",""subject"":""Your Desk Accessory Recommendation"",""body"":""Hello,\n\nThank you for your inquiry regarding desk accessories. While we have a recommendation for you, please note that it is a partial match regarding your requirements.\n\nWe recommend the **Desk Organizer Set** (Product ID: P015) priced at **$39.00**. This set meets your requirement for a desk accessory gift and is within your budget of $40-50. It includes essential items like a pen holder and file sorter. However, the description does not confirm some additional features you may desire.\n\nCurrently, the following requirement remains unresolved: additional features that you mentioned. If you can provide further details, I would be happy to assist you further.\n\nBest regards,\nOak & Ember Interiors"",""status"":""PARTIAL_MATCH"",""requirements_addressed"":[""Desk accessory gift requirement"",""Budget of $40-50""],""requirements_unresolved"":[""Confirmation of additional desired features""]}","{""test_id"":""E06"",""agent"":""Response_Drafter Agent""}","1000","","[]","","t-run-1788701871654","[]"
"response-drafter-run-1788701852036","run-1788701852036","","SPAN","response_drafter","2026-09-06 11:45:00.000000","2026-09-06 11:45:01.000000","","default","","","","DEFAULT","","","","","","","{}","{}","{}","0","{""recommendation_output"":{""recommendation_status"":""PARTIAL_MATCH"",""recommendations"":[{""product_id"":""P002"",""product_name"":""Adjustable Standing Desk Pro"",""price"":""749.00"",""why_recommended"":""This electric height-adjustable desk features memory presets and dual motors for smooth transitions, suitable for a standing desk requirement. However, the budget for 15 units is unknown, and there's no information on bulk discounts.""},{""product_id"":""P003"",""product_name"":""Adjustable Standing Desk Basic"",""price"":""449.00"",""why_recommended"":""Manual crank height-adjustable desk that is durable and simple to use. Matches the standing desk category, but lacks confirmation of bulk pricing. The unknown budget is a consideration.""},{""product_id"":""P020"",""product_name"":""Sit-Stand Desk Converter"",""price"":""279.00"",""why_recommended"":""This converter allows existing desks to be converted to standing desks, offering flexibility for multiple users. It's within an unknown budget but also lacks information about discounts for 15+ units.""}]}}","{""to"":""sarah.k@startupventures.io"",""subject"":""Your Desk Recommendations"",""body"":""Hello Sarah,\n\nThank you for reaching out regarding your desk requirements. We have identified some suitable options for your standing desk needs:\n\n1. **Adjustable Standing Desk Pro** - $749.00  \n   This electric height-adjustable desk features memory presets and dual motors for smooth transitions, suitable for a standing desk requirement.\n\n2. **Adjustable Standing Desk Basic** - $449.00  \n   A manual crank height-adjustable desk that is durable and simple to use. It also matches your standing desk category.\n\n3. **Sit-Stand Desk Converter** - $279.00  \n   This converter allows existing desks to be converted to standing desks, offering flexibility for multiple users.\n\nWhile these products satisfy your requirement for standing desks, we still need to clarify your budget for purchasing 15 units and whether bulk discounts are available. \n\nPlease let us know your budget and any additional information so we can assist you further!\n\nBest regards,\nOak & Ember Interiors"",""status"":""PARTIAL_MATCH"",""requirements_addressed"":[""Standing desk requirement fulfilled by recommended products.""],""requirements_unresolved"":[""Budget for 15 units is unknown."",""Information on bulk discounts is not provided.""]}","{""test_id"":""E05"",""agent"":""Response_Drafter Agent""}","1000","","[]","","t-run-1788701852036","[]"
"response-drafter-run-1788701832526","run-1788701832526","","SPAN","response_drafter","2026-09-06 11:45:00.000000","2026-09-06 11:45:01.000000","","default","","","","DEFAULT","","","","","","","{}","{}","{}","0","{""recommendation_output"":{""recommendation_status"":""PARTIAL_MATCH"",""recommendations"":[{""product_id"":""P004"",""product_name"":""Oak Executive Desk"",""price"":""899.00"",""why_recommended"":""Matches the oak desk requirement and is available in Natural Oak and Dark Walnut finishes. Price is within the unknown budget.""}]}}","{""to"":""curious.customer@email.com"",""subject"":""Your Oak & Ember Interiors Recommendation"",""body"":""Hello,\n\nThank you for your inquiry regarding your furniture needs. We have found a product that partially meets your requirements.\n\n**Recommended Product:**  \n- **Oak Executive Desk** - $899.00  \nThis desk matches your requirement for an oak desk and is available in Natural Oak and Dark Walnut finishes. The price is also within your specified budget.\n\n**Addressed Requirement:**  \n- Requirement for an oak desk.\n\n**Unresolved Requirements:**  \n- Budget clarity (specific budget requirement was not provided).\n\nPlease feel free to provide any additional details we can assist you with, or if you have any further questions.\n\nBest regards,\nThe Oak & Ember Interiors Team"",""status"":""PARTIAL_MATCH"",""requirements_addressed"":[""Requirement for an oak desk.""],""requirements_unresolved"":[""Budget clarity (specific budget requirement was not provided).""]}","{""test_id"":""E04"",""agent"":""Response_Drafter Agent""}","1000","","[]","","t-run-1788701832526","[]"
"response-drafter-run-1788701808750","run-1788701808750","","SPAN","response_drafter","2026-09-06 11:45:00.000000","2026-09-06 11:45:01.000000","","default","","","","DEFAULT","","","","","","","{}","{}","{}","0","{""recommendation_output"":{""recommendation_status"":""MATCH_FOUND"",""recommendations"":[{""product_id"":""P006"",""product_name"":""Ergonomic Pro Chair"",""price"":""$449.00"",""why_recommended"":""This ergonomic chair matches the requirement for ergonomic office chairs and is available, priced under the budget of $500 per chair.""},{""product_id"":""P007"",""product_name"":""Ergonomic Task Chair"",""price"":""$299.00"",""why_recommended"":""This chair is ergonomic and falls well within the price range. It is also in stock and suitable for offices.""},{""product_id"":""P008"",""product_name"":""Executive Leather Chair"",""price"":""$599.00"",""why_recommended"":""This premium chair meets the ergonomic requirement, is available, and fits within the budget per chair.""}]}}","{""to"":""procurement@bigcorp.com"",""subject"":""Recommended Ergonomic Office Chairs"",""body"":""Dear Maria,\n\nThank you for your inquiry regarding ergonomic office chairs. We are pleased to present the following recommendations that match your requirements:\n\n1. **Ergonomic Pro Chair** \n   - **Price**: $449.00  \n   - This ergonomic chair matches the requirement for ergonomic office chairs and is available, priced under the budget of $500 per chair.\n\n2. **Ergonomic Task Chair** \n   - **Price**: $299.00  \n   - This chair is ergonomic and falls well within the price range. It is also in stock and suitable for offices.\n\n3. **Executive Leather Chair** \n   - **Price**: $599.00  \n   - This premium chair meets the ergonomic requirement, is available, and fits within the budget per chair.\n\nPlease let us know if you have any questions or need further assistance. We look forward to supporting your procurement needs.\n\nBest regards,\n\nOak & Ember Interiors"",""status"":""MATCH_FOUND"",""requirements_addressed"":[""Ergonomic office chairs"",""Budget under $500 per chair"",""Availability in stock""],""requirements_unresolved"":[]}","{""test_id"":""E03"",""agent"":""Response_Drafter Agent""}","1000","","[]","","t-run-1788701808750","[]"
"response-drafter-run-1788701780043","run-1788701780043","","SPAN","response_drafter","2026-09-06 11:45:00.000000","2026-09-06 11:45:01.000000","","default","","","","DEFAULT","","","","","","","{}","{}","{}","0","{""recommendation_output"":{""recommendation_status"":""PARTIAL_MATCH"",""recommendations"":[{""product_id"":""P002"",""product_name"":""Adjustable Standing Desk Pro"",""price"":""$749.00"",""why_recommended"":""Matches the standing desk requirement and adjustable height feature. It is within the budget of $800. The product does not specify a dark walnut finish and therefore cannot confirm if it meets that requirement.""},{""product_id"":""P003"",""product_name"":""Adjustable Standing Desk Basic"",""price"":""$449.00"",""why_recommended"":""Matches the standing desk requirement and adjustable height feature. It is well within the budget of $800. However, the material is MDF, and the requested dark walnut finish is not available, which cannot confirm that requirement.""}]}}","{""to"":""unknown"",""subject"":""Product Recommendations for Your Desk Inquiry"",""body"":""Hello,\n\nThank you for your inquiry regarding standing desks. We have found a couple of options that partially meet your requirements:\n\n1. **Adjustable Standing Desk Pro** - **$749.00**  \n   This desk matches your standing desk requirement and has an adjustable height feature. It aligns with your budget of $800. However, it does not specify if it has a dark walnut finish, which remains uncertain.\n\n2. **Adjustable Standing Desk Basic** - **$449.00**  \n   This option also meets the standing desk and adjustable height features, and it is well within your budget. However, the material is MDF, and it does not provide the requested dark walnut finish, leaving that requirement unresolved.\n\nWhile these products fulfill some of your needs, the specific dark walnut finish is not confirmed. If you’d like to explore more options or have any questions, please let us know.\n\nBest regards,\nOak & Ember Interiors"",""status"":""PARTIAL_MATCH"",""requirements_addressed"":[""standing desk requirement"",""adjustable height feature"",""budget""],""requirements_unresolved"":[""dark walnut finish""]}","{""test_id"":""E01"",""agent"":""Response_Drafter Agent""}","1000","","[]","","t-run-1788701780043","[]"
"response-drafter-run-1788701279881","run-1788701279881","","SPAN","response_drafter","2026-09-06 11:45:00.000000","2026-09-06 11:45:01.000000","","default","","","","DEFAULT","","","","","","","{}","{}","{}","0","{""recommendation_output"":{""recommendation_status"":""MATCH_FOUND"",""recommendations"":[{""product_id"":""P015"",""product_name"":""Desk Organizer Set"",""price"":""$39.00"",""why_recommended"":""Matches the desk accessory gift requirement. Priced well within the budget of $40-50. Available in stock.""}]}}","{""to"":""budget.shopper@email.com"",""subject"":""Your Recommended Desk Organizer Set"",""body"":""Hello,\n\nThank you for your request! We found a great match for you:\n\n- **Desk Organizer Set** \n  - **Price:** $39.00  \n  - **Why it's a match:** This product matches your requirement for a desk accessory gift and is priced well within your budget of $40-50. Plus, it is currently in stock!\n\nIf you have any more questions or need additional assistance, feel free to reach out.\n\nBest regards,  \nThe Oak & Ember Interiors Team"",""status"":""MATCH_FOUND"",""requirements_addressed"":[""desk accessory gift"",""budget of $40-50""],""requirements_unresolved"":[]}","{""test_id"":""E06"",""agent"":""Response_Drafter Agent""}","1000","","[]","","t-run-1788701279881","[]"
"response-drafter-run-1788701260994","run-1788701260994","","SPAN","response_drafter","2026-09-06 11:45:00.000000","2026-09-06 11:45:01.000000","","default","","","","DEFAULT","","","","","","","{}","{}","{}","0","{""recommendation_output"":{""recommendation_status"":""PARTIAL_MATCH"",""recommendations"":[{""product_id"":""P002"",""product_name"":""Adjustable Standing Desk Pro"",""price"":""$749.00"",""why_recommended"":""Matches the standing desk requirement with electric height adjustment and memory presets. In stock, but does not confirm bulk discount for 15+ units.""},{""product_id"":""P003"",""product_name"":""Adjustable Standing Desk Basic"",""price"":""$449.00"",""why_recommended"":""Matches the standing desk requirement with manual height adjustment. In stock, but does not confirm bulk discount for 15+ units.""},{""product_id"":""P020"",""product_name"":""Sit-Stand Desk Converter"",""price"":""$279.00"",""why_recommended"":""This product is a converter for an existing desk rather than a standalone standing desk. It is adjustable but does not match the primary requirement for an actual standing desk.""}]}}","{""to"":""sarah.k@startupventures.io"",""subject"":""Your Standing Desk Recommendations"",""body"":""Hello Sarah,\n\nThank you for your inquiry about standing desks. We have found some options that partially match your requirements. \n\nHere are the recommended products:\n1. **Adjustable Standing Desk Pro** - $749.00  \n   This desk matches the standing desk requirement with electric height adjustment and memory presets. It is in stock, but we cannot confirm a bulk discount for 15+ units.\n2. **Adjustable Standing Desk Basic** - $449.00  \n   This desk meets the standing desk requirement with manual height adjustment. It is also in stock, but again, there is no confirmation of a bulk discount for 15+ units.\n3. **Sit-Stand Desk Converter** - $279.00  \n   This product is a converter for an existing desk. While it is adjustable, it does not fulfill the primary requirement for an actual standing desk.\n\n**Requirements Addressed:**\n- Standing desk requirement (for both the Adjustable Standing Desk Pro and Basic).\n\n**Requirements Unresolved:**\n- Confirmation of bulk discounts for 15+ units.\n\nIf you need additional information or have further questions, please let us know!\n\nBest regards,\nOak & Ember Interiors"",""status"":""PARTIAL_MATCH"",""requirements_addressed"":[""Standing desk requirement (Adjustable Standing Desk Pro and Basic)""],""requirements_unresolved"":[""Confirmation of bulk discounts for 15+ units""]}","{""test_id"":""E05"",""agent"":""Response_Drafter Agent""}","1000","","[]","","t-run-1788701260994","[]"
"response-drafter-run-1788699237051","run-1788699237051","","SPAN","response_drafter","2026-09-06 11:45:00.000000","2026-09-06 11:45:01.000000","","default","","","","DEFAULT","","","","","","","{}","{}","{}","0","{""recommendation_output"":{""recommendation_status"":""PARTIAL_MATCH"",""recommendations"":[{""product_id"":""P002"",""product_name"":""Adjustable Standing Desk Pro"",""price"":""$749.00"",""why_recommended"":""Matches the primary standing desk requirement and has adjustable height. It is priced within the budget, although the dark walnut finish is not available.""},{""product_id"":""P003"",""product_name"":""Adjustable Standing Desk Basic"",""price"":""$449.00"",""why_recommended"":""Matches the adjustable height requirement and is within budget, but it does not meet the dark walnut finish or the premium quality requirement.""}]}}","{""to"":""john.martinez@techcorp.com"",""subject"":""Your Standing Desk Options"",""body"":""Hello John,\n\nThank you for your inquiry about standing desks. We have found some options that may suit your requirements:\n\n1. **Adjustable Standing Desk Pro** - $749.00  \n   This desk matches the primary standing desk requirement and features adjustable height. However, please note that the dark walnut finish is not available for this product.\n\n2. **Adjustable Standing Desk Basic** - $449.00  \n   This option also satisfies the adjustable height requirement and fits within your budget, but it does not meet the specifications for the dark walnut finish or premium quality.\n\nWhile these products align with some of your needs, we still have unresolved requirements regarding the dark walnut finish and premium quality. If you need further assistance or have more specifications to share, please let us know.\n\nBest regards,\nOak & Ember Interiors"",""status"":""PARTIAL_MATCH"",""requirements_addressed"":[""adjustable height"",""standing desk requirement""],""requirements_unresolved"":[""dark walnut finish"",""premium quality requirement""]}","{""test_id"":""E01"",""agent"":""Response_Drafter Agent""}","1000","","[]","","t-run-1788699237051","[]"
"response-drafter-run-1788701244367","run-1788701244367","","SPAN","response_drafter","2026-09-06 11:45:00.000000","2026-09-06 11:45:01.000000","","default","","","","DEFAULT","","","","","","","{}","{}","{}","0","{""recommendation_output"":{""recommendation_status"":""PARTIAL_MATCH"",""recommendations"":[{""product_id"":""P004"",""product_name"":""Oak Executive Desk"",""price"":""899.00"",""why_recommended"":""Matches the oak desk requirement and is available in Natural Oak and Dark Walnut finishes. The budget is unknown.""}]}}","{""to"":""curious.customer@email.com"",""subject"":""Your Furniture Recommendation"",""body"":""Hello,\n\nThank you for your inquiry regarding furniture options. I have a recommendation that may fit your needs:\n\n- **Product**: Oak Executive Desk  \n  **Price**: $899.00  \n  This desk matches your requirement for an oak finish and is available in both Natural Oak and Dark Walnut finishes.\n\nHowever, please note that your specific budget requirement remains unresolved, as it is currently unknown.\n\nIf you have any further requirements or questions, please feel free to reach out!\n\nBest regards,\nOak & Ember Interiors"",""status"":""PARTIAL_MATCH"",""requirements_addressed"":[""oak desk requirement"",""available in Natural Oak and Dark Walnut finishes""],""requirements_unresolved"":[""specific budget requirement""]}","{""test_id"":""E04"",""agent"":""Response_Drafter Agent""}","1000","","[]","","t-run-1788701244367","[]"
"response-drafter-run-1788701182334","run-1788701182334","","SPAN","response_drafter","2026-09-06 11:45:00.000000","2026-09-06 11:45:01.000000","","default","","","","DEFAULT","","","","","","","{}","{}","{}","0","{""recommendation_output"":{""recommendation_status"":""PARTIAL_MATCH"",""recommendations"":[{""product_id"":""P002"",""product_name"":""Adjustable Standing Desk Pro"",""price"":""$749.00"",""why_recommended"":""Matches the standing desk requirement, adjustable height, and is within the $800 budget. The catalog does not confirm the requested dark walnut finish.""},{""product_id"":""P003"",""product_name"":""Adjustable Standing Desk Basic"",""price"":""$449.00"",""why_recommended"":""Matches the standing desk requirement and adjustable height. It is also under budget. The catalog does not confirm the requested dark walnut finish.""}]}}","{""to"":""unknown"",""subject"":""Your Standing Desk Recommendations"",""body"":""Dear John Martinez,\n\nThank you for inquiring about our standing desks. I have found some options that partially match your requirements.\n\n### Recommended Products:\n1. **Adjustable Standing Desk Pro** - $749.00  \n   This product meets your standing desk and adjustable height requirements, and it fits within your budget. However, it does not confirm the dark walnut finish you requested.\n\n2. **Adjustable Standing Desk Basic** - $449.00  \n   This option also satisfies the standing desk and adjustable height requirements and is well under your budget. Like the previous desk, it does not confirm having a dark walnut finish.\n\n### Requirements Addressed:\n- Standing desk requirement\n- Adjustable height requirement\n\n### Requirements Unresolved:\n- Dark walnut finish requirement\n\nIf you have any preferences or additional details, please feel free to share. I'll be happy to assist you further!\n\nBest regards,\nOak & Ember Interiors Team"",""status"":""PARTIAL_MATCH"",""requirements_addressed"":[""Standing desk requirement"",""Adjustable height requirement""],""requirements_unresolved"":[""Dark walnut finish requirement""]}","{""test_id"":""E01"",""agent"":""Response_Drafter Agent""}","1000","","[]","","t-run-1788701182334","[]"
"response-drafter-run-1788699939976","run-1788699939976","","SPAN","response_drafter","2026-09-06 11:45:00.000000","2026-09-06 11:45:01.000000","","default","","","","DEFAULT","","","","","","","{}","{}","{}","0","{""recommendation_output"":{""recommendation_status"":""PARTIAL_MATCH"",""recommendations"":[{""product_id"":""P002"",""product_name"":""Adjustable Standing Desk Pro"",""price"":""749.00"",""why_recommended"":""Matches the requirement for a standing desk with electronic height adjustment. However, cannot confirm a comparison with IKEA's BEKANT series or any bulk discount for 15+ units.""},{""product_id"":""P003"",""product_name"":""Adjustable Standing Desk Basic"",""price"":""449.00"",""why_recommended"":""Matches the requirement for a standing desk with manual height adjustment. However, comparison with IKEA's BEKANT series and bulk discount for 15+ units cannot be confirmed.""},{""product_id"":""P020"",""product_name"":""Sit-Stand Desk Converter"",""price"":""279.00"",""why_recommended"":""Provides a solution to convert existing desks into standing desks. However, it does not fully meet the desired standing desk criteria or address bulk discounts.""}]}}","{""to"":""sarah.k@startupventures.io"",""subject"":""Your Desk Recommendations"",""body"":""Hello Sarah,\n\nThank you for your inquiry regarding standing desks. We have some recommendations for you:\n\n1. **Adjustable Standing Desk Pro** - $749.00  \n   This product meets the requirement for a standing desk with electronic height adjustment. However, we cannot confirm a comparison with IKEA's BEKANT series or any bulk discount for 15+ units.\n\n2. **Adjustable Standing Desk Basic** - $449.00  \n   This desk offers manual height adjustment and meets your requirement for a standing desk. Yet, we are unable to provide a comparison with the IKEA BEKANT series and cannot confirm bulk discounts.\n\n3. **Sit-Stand Desk Converter** - $279.00  \n   This converter allows you to turn your existing desk into a standing desk. However, it does not fully meet your criteria for standing desks and does not address bulk pricing.\n\nPlease note that while these products do partially match your needs, we have not been able to confirm all your requirements. If you have any additional questions or need further assistance, feel free to reach out.\n\nBest regards,\nOak & Ember Interiors"",""status"":""PARTIAL_MATCH"",""requirements_addressed"":[""standing desk with electronic height adjustment"",""standing desk with manual height adjustment"",""solution to convert existing desks into standing desks""],""requirements_unresolved"":[""comparison with IKEA's BEKANT series"",""bulk discounts for 15+ units""]}","{""test_id"":""E05"",""agent"":""Response_Drafter Agent""}","1000","","[]","","t-run-1788699939976","[]"
"response-drafter-run-1788699919517","run-1788699919517","","SPAN","response_drafter","2026-09-06 11:45:00.000000","2026-09-06 11:45:01.000000","","default","","","","DEFAULT","","","","","","","{}","{}","{}","0","{""recommendation_output"":{""recommendation_status"":""PARTIAL_MATCH"",""recommendations"":[{""product_id"":""P004"",""product_name"":""Oak Executive Desk"",""price"":""899.00"",""why_recommended"":""Matches the oak desk requirement and is available in Natural Oak and Dark Walnut finishes. Budget is unknown.""},{""product_id"":""P005"",""product_name"":""Compact Home Office Desk"",""price"":""349.00"",""why_recommended"":""Relevant smaller desk option, though not solid oak. Available in stock but does not meet the oak specification.""}]}}","{""to"":""curious.customer@email.com"",""subject"":""Your Desk Recommendations"",""body"":""Hello,\n\nThank you for your inquiry about desks for your home office. \n\nWe have identified some options that are a partial match for your requirements:\n\n1. **Oak Executive Desk** - $899.00\n   - This desk matches your oak desk requirement and is available in Natural Oak and Dark Walnut finishes. \n\n2. **Compact Home Office Desk** - $349.00\n   - This is a relevant smaller desk option; however, it is not made of solid oak. \n\nThe first desk meets your oak specification, while the second offers a size alternative, but doesn’t fulfill the material requirement.\n\nIf you would like to learn more about these products or need any further assistance, please let me know!\n\nBest regards,\n\nThe Oak & Ember Interiors Team"",""status"":""PARTIAL_MATCH"",""requirements_addressed"":[""oak desk requirement"",""smaller desk option""],""requirements_unresolved"":[""solid oak material specification"",""budget information""]}","{""test_id"":""E04"",""agent"":""Response_Drafter Agent""}","1000","","[]","","t-run-1788699919517","[]"
"response-drafter-run-1788699897893","run-1788699897893","","SPAN","response_drafter","2026-09-06 11:45:00.000000","2026-09-06 11:45:01.000000","","default","","","","DEFAULT","","","","","","","{}","{}","{}","0","{""recommendation_output"":{""recommendation_status"":""PARTIAL_MATCH"",""recommendations"":[{""product_id"":""P006"",""product_name"":""Ergonomic Pro Chair"",""price"":""$449.00"",""why_recommended"":""Matches the ergonomic office chair requirement, features adjustable armrests and lumbar support. The price is $449, so with 10 chairs, it fits the budget. Available in stock.""},{""product_id"":""P007"",""product_name"":""Ergonomic Task Chair"",""price"":""$299.00"",""why_recommended"":""Another ergonomic option, this chair is priced at $299, making it a suitable choice that fits the budget for 10 chairs. Also available in stock.""},{""product_id"":""P008"",""product_name"":""Executive Leather Chair"",""price"":""$599.00"",""why_recommended"":""High-end ergonomic option at $599. While it fits within budget for 10 chairs, it is more costly per unit. Available in stock. However, it exceeds the approximately $500 per chair goal.""}]}}","{""to"":""procurement@bigcorp.com"",""subject"":""Your Chair Recommendations"",""body"":""Hello Maria,\n\nThank you for reaching out regarding your office chair requirements. I have found some options that partially match your needs:\n\n1. **Ergonomic Pro Chair** - $449.00  \n   This chair matches the ergonomic office requirement and features adjustable armrests and lumbar support. Priced at $449, it fits the budget for 10 chairs and is currently in stock.\n\n2. **Ergonomic Task Chair** - $299.00  \n   Another ergonomic option, this chair is a suitable choice priced at $299, also fitting the budget for 10 chairs and available in stock.\n\n3. **Executive Leather Chair** - $599.00  \n   This high-end ergonomic option is available at $599. While it fits within the budget for 10 chairs, it exceeds your goal of approximately $500 per chair.\n\n### Addressed Requirements:\n- Ergonomic office chair requirement.\n\n### Unresolved Requirements:\n- The budget goal of approximately $500 per chair has not been satisfied with all options.\n\nIf you'd like to discuss further or need any additional options, please let me know!\n\nBest regards,\n\nOak & Ember Interiors"",""status"":""PARTIAL_MATCH"",""requirements_addressed"":[""Ergonomic office chair requirement.""],""requirements_unresolved"":[""The budget goal of approximately $500 per chair has not been satisfied with all options.""]}","{""test_id"":""E03"",""agent"":""Response_Drafter Agent""}","1000","","[]","","t-run-1788699897893","[]"
"response-drafter-run-1788699865269","run-1788699865269","","SPAN","response_drafter","2026-09-06 11:45:00.000000","2026-09-06 11:45:01.000000","","default","","","","DEFAULT","","","","","","","{}","{}","{}","0","{""recommendation_output"":{""recommendation_status"":""PARTIAL_MATCH"",""recommendations"":[{""product_id"":""P002"",""product_name"":""Adjustable Standing Desk Pro"",""price"":""$749.00"",""why_recommended"":""Matches the standing desk requirement, is adjustable height, and within the $800 budget. The catalog does not confirm the requested dark walnut finish.""},{""product_id"":""P003"",""product_name"":""Adjustable Standing Desk Basic"",""price"":""$449.00"",""why_recommended"":""Matches the standing desk requirement, is adjustable height, and within the $800 budget. The catalog does not confirm the requested dark walnut finish.""},{""product_id"":""P020"",""product_name"":""Sit-Stand Desk Converter"",""price"":""$279.00"",""why_recommended"":""Matches the adjustable height requirement and is within budget. However, this product is a converter and not a full standing desk, which may not meet the full requirement for a work from home setup.""}]}}","{""to"":""unknown"",""subject"":""Your Standing Desk Recommendations"",""body"":""Hello,\n\nThank you for your inquiry regarding standing desk options. We have identified some suitable products that partially match your requirements:\n\n1. **Adjustable Standing Desk Pro**  - **$749.00**  \n   This desk meets the standing desk requirement, offers adjustable height, and stays within your $800 budget. However, please note that it does not come in the requested dark walnut finish.\n\n2. **Adjustable Standing Desk Basic** - **$449.00**  \n   Similar to the Pro version, this desk also meets the standing desk requirement and is adjustable, fitting within your budget. It also does not confirm the dark walnut finish.\n\n3. **Sit-Stand Desk Converter** - **$279.00**  \n   This product meets the adjustable height requirement and is budget-friendly. However, it is a converter rather than a full standing desk, which may not fully satisfy your work from home needs.\n\nRequirements addressed:\n- Standing desk requirement\n- Adjustable height requirement\n- Budget consideration of $800\n\nUnresolved requirements:\n- Requested dark walnut finish is not confirmed for these products.\n- Full standing desk requirement may not be fully satisfied with the converter option.\n\nFeel free to reach out if you have any further questions or need assistance with your selection. \n\nBest regards,\nOak & Ember Interiors"",""status"":""PARTIAL_MATCH"",""requirements_addressed"":[""Standing desk requirement"",""Adjustable height requirement"",""Budget consideration of $800""],""requirements_unresolved"":[""Requested dark walnut finish is not confirmed for these products."",""Full standing desk requirement may not be fully satisfied with the converter option.""]}","{""test_id"":""E01"",""agent"":""Response_Drafter Agent""}","1000","","[]","","t-run-1788699865269","[]"
"response-drafter-run-1788699584362","run-1788699584362","","SPAN","response_drafter","2026-09-06 11:45:00.000000","2026-09-06 11:45:01.000000","","default","","","","DEFAULT","","","","","","","{}","{}","{}","0","{""recommendation_output"":{""recommendation_status"":""MATCH_FOUND"",""recommendations"":[{""product_id"":""P004"",""product_name"":""Oak Executive Desk"",""price"":""899.00"",""why_recommended"":""Matches the Oak Executive Desk requirement and is available in Natural Oak and Dark Walnut finishes.""}]}}","{""to"":""curious.customer@email.com"",""subject"":""Your Desk Recommendation"",""body"":""Hello,\n\nThank you for reaching out to us. We are pleased to inform you that we have identified a product that matches your requirements:\n\n- **Product:** Oak Executive Desk\n- **Price:** $899.00\n- **Why it matches:** This desk matches your requirement for an oak finish and is available in both Natural Oak and Dark Walnut finishes.\n\nIf you have any further questions or need assistance with your purchase, please feel free to reach out!\n\nBest regards,\nOak & Ember Interiors"",""status"":""MATCH_FOUND"",""requirements_addressed"":[""oak finish""],""requirements_unresolved"":[]}","{""test_id"":""E04"",""agent"":""Response_Drafter Agent""}","1000","","[]","","t-run-1788699584362","[]"
"response-drafter-run-1788699560802","run-1788699560802","","SPAN","response_drafter","2026-09-06 11:45:00.000000","2026-09-06 11:45:01.000000","","default","","","","DEFAULT","","","","","","","{}","{}","{}","0","{""recommendation_output"":{""recommendation_status"":""PARTIAL_MATCH"",""recommendations"":[{""product_id"":""P006"",""product_name"":""Ergonomic Pro Chair"",""price"":""$449.00"",""why_recommended"":""Matches the ergonomic office chair requirement, priced at $449.00 which fits within the total budget of $5,000. It is also in stock and has features like adjustable armrests and lumbar support, but only partially meets the quantity requirement (10 chairs) as it is a single recommendation.""},{""product_id"":""P007"",""product_name"":""Ergonomic Task Chair"",""price"":""$299.00"",""why_recommended"":""Also matches the ergonomic office chair requirement, priced at $299.00, making it a budget-friendly option within $5,000. It includes adjustable lumbar support and is in stock; however, does not meet the full quantity requirement.""},{""product_id"":""P008"",""product_name"":""Executive Leather Chair"",""price"":""$599.00"",""why_recommended"":""This chair fits the ergonomic design requirement and offers premium features. Priced at $599.00, it remains within the budget, but may not suit all ergonomic needs. It is currently in stock but does not fully meet the quantity requirement.""}]}}","{""to"":""procurement@bigcorp.com"",""subject"":""Chair Recommendations for Your Office"",""body"":""Hello Maria,\n\nThank you for reaching out regarding your office chair requirements. We have some product recommendations that partially match your needs:\n\n1. **Ergonomic Pro Chair** - **$449.00**  \n   This chair meets the ergonomic requirement and fits within your budget of $5,000. It includes features like adjustable armrests and lumbar support. However, it only offers a single unit, while you requested 10 chairs.\n\n2. **Ergonomic Task Chair** - **$299.00**  \n   This is another ergonomic option that is budget-friendly. It has adjustable lumbar support and is currently in stock. Similar to the Pro Chair, it does not fulfill the quantity requirement as it’s a single recommendation.\n\n3. **Executive Leather Chair** - **$599.00**  \n   This chair offers a premium ergonomic design and stays within your budget. While it provides excellent features, it may not meet all ergonomic needs. It also does not cover the full quantity requirement of 10 chairs.\n\n**Requirements Addressed:**  \n- Ergonomic office chair requirement.\n\n**Requirements Unresolved:**  \n- Full quantity requirement (10 chairs needed).\n\nPlease let us know if you would like more information on these options or if you have further requirements. We’re here to help!\n\nBest regards,\nOak & Ember Interiors"",""status"":""PARTIAL_MATCH"",""requirements_addressed"":[""Ergonomic office chair requirement""],""requirements_unresolved"":[""Full quantity requirement (10 chairs needed)""]}","{""test_id"":""E03"",""agent"":""Response_Drafter Agent""}","1000","","[]","","t-run-1788699560802","[]"
"response-drafter-run-1788699530780","run-1788699530780","","SPAN","response_drafter","2026-09-06 11:45:00.000000","2026-09-06 11:45:01.000000","","default","","","","DEFAULT","","","","","","","{}","{}","{}","0","{""recommendation_output"":{""recommendation_status"":""PARTIAL_MATCH"",""recommendations"":[{""product_id"":""P002"",""product_name"":""Adjustable Standing Desk Pro"",""price"":""$749.00"",""why_recommended"":""Matches the primary standing desk requirement and adjustable height feature. It is within the stated budget of $800. The catalog does not confirm the requested dark walnut finish.""},{""product_id"":""P003"",""product_name"":""Adjustable Standing Desk Basic"",""price"":""$449.00"",""why_recommended"":""Also matches the standing desk requirement and is within the budget of $800. However, it has a manual crank for height adjustment and lacks confirmation of the dark walnut finish.""}]}}","{""to"":""john.martinez@techcorp.com"",""subject"":""Your Desk Recommendations"",""body"":""Hello John,\n\nThank you for your inquiry! We have found some suitable standing desks that partially match your requirements:\n\n1. **Adjustable Standing Desk Pro** - $749.00  \n   This model meets the primary standing desk and adjustable height requirements, and it is within your stated budget of $800. However, it does not confirm the requested dark walnut finish.\n\n2. **Adjustable Standing Desk Basic** - $449.00  \n   This option also fulfills the standing desk requirement and is within your budget. Please note that it features a manual crank for height adjustment and does not confirm the dark walnut finish either.\n\nWhile we have products that meet some of your requirements, the preferred dark walnut finish is still unresolved. If you have any further questions or need additional assistance, feel free to reach out!\n\nBest regards,\nOak & Ember Interiors"",""status"":""PARTIAL_MATCH"",""requirements_addressed"":[""Primary standing desk requirement"",""Adjustable height feature"",""Within stated budget of $800""],""requirements_unresolved"":[""Dark walnut finish confirmation""]}","{""test_id"":""E01"",""agent"":""Response_Drafter Agent""}","1000","","[]","","t-run-1788699530780","[]"
"response-drafter-run-1788699412052","run-1788699412052","","SPAN","response_drafter","2026-09-06 11:45:00.000000","2026-09-06 11:45:01.000000","","default","","","","DEFAULT","","","","","","","{}","{}","{}","0","{""recommendation_output"":{""recommendation_status"":""PARTIAL_MATCH"",""recommendations"":[{""product_id"":""P006"",""product_name"":""Ergonomic Pro Chair"",""price"":""$449.00"",""why_recommended"":""Matches the ergonomic office chair requirement and is in stock. Priced at $449, this chair allows for a total purchase within budget if ordering 10 units. However, there's a warranty for 12 years that may appeal to your needs.""},{""product_id"":""P007"",""product_name"":""Ergonomic Task Chair"",""price"":""$299.00"",""why_recommended"":""Fits the ergonomic chair requirement and is available. With a price of $299 per chair, ordering 10 stays well within the budget. It has a breathable mesh back for comfort.""},{""product_id"":""P008"",""product_name"":""Executive Leather Chair"",""price"":""$599.00"",""why_recommended"":""Also meets the ergonomic chair requirement and is in stock. At $599, it would allow for 8 chairs within budget, but is a premium option with a memory foam cushion for added comfort.""}]}}","{""to"":""procurement@bigcorp.com"",""subject"":""Ergonomic Chair Recommendations"",""body"":""Hello Maria,\n\nThank you for reaching out regarding your office chair requirements. We have identified some ergonomic chairs that partially meet your needs. \n\n### Recommended Products:\n1. **Ergonomic Pro Chair** - $449.00  \n   - This chair matches the ergonomic office chair requirement and is in stock. Ordering 10 units will stay within your budget. It also comes with a 12-year warranty.\n\n2. **Ergonomic Task Chair** - $299.00  \n   - This option fits your ergonomic chair requirement, is available, and maintains budget compliance for 10 units. Its breathable mesh back ensures comfort.\n\n3. **Executive Leather Chair** - $599.00  \n   - This chair also meets the ergonomic requirement and is in stock. However, it is a premium option that would allow for 8 chairs within your budget. It features a memory foam cushion for added comfort.\n\n### Requirements Addressed:\n- Ergonomic office chair requirement\n\n### Requirements Unresolved:\n- None noted.\n\nPlease let us know if you need any further assistance or would like to proceed with any of these options.\n\nBest regards,\n\nThe Oak & Ember Interiors Team"",""status"":""PARTIAL_MATCH"",""requirements_addressed"":[""Ergonomic office chair requirement""],""requirements_unresolved"":[]}","{""test_id"":""E03"",""agent"":""Response_Drafter Agent""}","1000","","[]","","t-run-1788699412052","[]"
"response-drafter-run-1788699385191","run-1788699385191","","SPAN","response_drafter","2026-09-06 11:45:00.000000","2026-09-06 11:45:01.000000","","default","","","","DEFAULT","","","","","","","{}","{}","{}","0","{""recommendation_output"":{""recommendation_status"":""PARTIAL_MATCH"",""recommendations"":[{""product_id"":""P002"",""product_name"":""Adjustable Standing Desk Pro"",""price"":""$749.00"",""why_recommended"":""Matches the adjustable height requirement and is within budget. However, it does not confirm the requested dark walnut finish.""},{""product_id"":""P003"",""product_name"":""Adjustable Standing Desk Basic"",""price"":""$449.00"",""why_recommended"":""Matches the adjustable height requirement and is within budget. However, it does not confirm the requested dark walnut finish.""}]}}","{""to"":""john.martinez@techcorp.com"",""subject"":""Product Recommendations for Your Office Needs"",""body"":""Hello John,\n\nThank you for your inquiry about office desks. We have identified a couple of options that may suit your requirements:\n\n1. **Adjustable Standing Desk Pro** - $749.00  \n   - This product matches your adjustable height requirement and is within your budget. However, it doesn't confirm the requested dark walnut finish.\n\n2. **Adjustable Standing Desk Basic** - $449.00  \n   - This option also meets the adjustable height requirement and is budget-friendly, but it similarly does not come in the requested dark walnut finish.\n\nAs a reminder, both options address your requirement for adjustable height. However, the specific dark walnut finish you requested has not been confirmed for either product.\n\nPlease let us know how you would like to proceed or if you have any further questions.\n\nBest regards,\nThe Oak & Ember Interiors Team"",""status"":""PARTIAL_MATCH"",""requirements_addressed"":[""adjustable height""],""requirements_unresolved"":[""dark walnut finish""]}","{""test_id"":""E01"",""agent"":""Response_Drafter Agent""}","1000","","[]","","t-run-1788699385191","[]"
"response-drafter-run-1788699265127","run-1788699265127","","SPAN","response_drafter","2026-09-06 11:45:00.000000","2026-09-06 11:45:01.000000","","default","","","","DEFAULT","","","","","","","{}","{}","{}","0","{""recommendation_output"":{""recommendation_status"":""PARTIAL_MATCH"",""recommendations"":[{""product_id"":""P006"",""product_name"":""Ergonomic Pro Chair"",""price"":""$449.00"",""why_recommended"":""Matches the ergonomic office chair requirement, available for $449 each. Total cost for 10 chairs is $4,490, within budget. In stock and includes a 12-year warranty.""},{""product_id"":""P007"",""product_name"":""Ergonomic Task Chair"",""price"":""$299.00"",""why_recommended"":""Also an ergonomic chair option at $299 each. Total cost for 10 chairs is $2,990, within budget. Available in stock.""},{""product_id"":""P008"",""product_name"":""Executive Leather Chair"",""price"":""$599.00"",""why_recommended"":""Another ergonomic chair option priced at $599 each, totaling $5,990 for 10 chairs. This exceeds the specified total budget.""}]}}","{""to"":""procurement@bigcorp.com"",""subject"":""Your Ergonomic Chair Recommendations"",""body"":""Hello Maria,\n\nThank you for your inquiry regarding ergonomic office chairs. We have identified some options that partially meet your requirements:\n\n1. **Ergonomic Pro Chair** - $449.00 each  \n   This chair matches your ergonomic requirement and is available for $449 each, totaling $4,490 for 10 chairs, which is within your budget. It is in stock and comes with a 12-year warranty.\n\n2. **Ergonomic Task Chair** - $299.00 each  \n   Another ergonomic option priced at $299 each, totaling $2,990 for 10 chairs, also within your budget and available in stock.\n\n3. **Executive Leather Chair** - $599.00 each  \n   This option is an ergonomic chair priced at $599 each, totaling $5,990 for 10 chairs. However, this exceeds your specified total budget.\n\n**Requirements Addressed:**  \n- Ergonomic office chair requirement  \n- Budget constraints for options  \n\n**Requirements Unresolved:**  \n- Need for all chairs to be within budget (the Executive Leather Chair exceeds the budget).\n\nPlease let us know how you would like to proceed or if you would like more information on any of these options.\n\nBest regards,\nOak & Ember Interiors"",""status"":""PARTIAL_MATCH"",""requirements_addressed"":[""Ergonomic office chair requirement"",""Budget constraints for options""],""requirements_unresolved"":[""Need for all chairs to be within budget (the Executive Leather Chair exceeds the budget).""]}","{""test_id"":""E03"",""agent"":""Response_Drafter Agent""}","1000","","[]","","t-run-1788699265127","[]"
"response-drafter-run-1788707438641","run-1788707438641","","SPAN","response_drafter","2026-09-06 11:45:00.000000","2026-09-06 11:45:01.000000","","default","","","","DEFAULT","","","","","","","{}","{}","{}","0","{""recommendation_output"":{""recommendation_status"":""PARTIAL_MATCH"",""recommendations"":[{""product_id"":""P007"",""product_name"":""Ergonomic Task Chair"",""price"":""$299.00"",""why_recommended"":""Matches the ergonomic office chair requirement, priced at $299, making it a suitable option within the approximate $500 per chair budget. Delivered by end of month, but total quantity of 10 may need to be confirmed.""},{""product_id"":""P006"",""product_name"":""Ergonomic Pro Chair"",""price"":""$449.00"",""why_recommended"":""Meets the ergonomic office chair requirement at $449 each, also fits well within the budget per chair. Availability is confirmed, delivery can be made by end of month, but check if 10 can be sourced.""},{""product_id"":""P008"",""product_name"":""Executive Leather Chair"",""price"":""$599.00"",""why_recommended"":""A higher-end option at $599, which is still under overall budget, but exceeds the $500 per chair target. Availability is confirmed, with delivery possible by end of month.""}]}}","{""to"":""procurement@bigcorp.com"",""subject"":""Your Office Chair Recommendations"",""body"":""Hello Maria,\n\nThank you for your inquiry regarding ergonomic office chairs. We have a selection of chairs that partially meet your requirements:\n\n1. **Ergonomic Task Chair** - $299.00  \n   * Matches the ergonomic office chair requirement and is within your budget per chair. Delivery is scheduled for the end of the month, but we need to confirm the total quantity of 10.\n\n2. **Ergonomic Pro Chair** - $449.00  \n   * This option also meets the ergonomic requirement and fits within your budget per chair. Availability is confirmed, with delivery by the end of the month; however, we should check if we can source 10 chairs.\n\n3. **Executive Leather Chair** - $599.00  \n   * This is a higher-end option and is still under the overall budget, but it exceeds the $500 per chair target. Delivery can be arranged by the end of the month.\n\nThe following customer requirements have been addressed:\n- Ergonomic office chair\n- Price considerations for the overall budget\n\nHowever, the following remain unresolved:\n- Confirmation of sourcing 10 chairs at the quoted prices.\n- Maintaining the goal of not exceeding $500 per chair.\n\nPlease let us know if you'd like to discuss these options further or if you require additional assistance.\n\nBest regards,\n\nThe Oak & Ember Interiors Team"",""status"":""PARTIAL_MATCH"",""requirements_addressed"":[""Ergonomic office chair"",""Price considerations for the overall budget""],""requirements_unresolved"":[""Confirmation of sourcing 10 chairs at the quoted prices"",""Maintaining the goal of not exceeding $500 per chair""]}","{""test_id"":""E03"",""agent"":""Response_Drafter Agent""}","1000","","[]","","t-run-1788707438641","[]"
"response-drafter-run-1788676308125","run-1788676308125","","SPAN","response_drafter","2026-09-06 11:45:00.000000","2026-09-06 11:45:01.000000","","default","","","","DEFAULT","","","","","","","{}","{}","{}","0","{""recommendation_output"":{""recommendation_status"":""MATCH_FOUND"",""recommendations"":[{""product_id"":""P006"",""product_name"":""Ergonomic Pro Chair"",""price"":""449.00"",""why_recommended"":""Matches the request for the Ergonomic Pro Chair, priced at $449. In Stock. Perfect for a bulk order of 5 chairs.""},{""product_id"":""P007"",""product_name"":""Ergonomic Task Chair"",""price"":""299.00"",""why_recommended"":""While not the exact requested chair, the Ergonomic Task Chair is similar in function and offers good ergonomic support at a lower price of $299. In Stock.""},{""product_id"":""P008"",""product_name"":""Executive Leather Chair"",""price"":""599.00"",""why_recommended"":""A premium option for those valuing comfort and style, this chair is priced at $599. Suitable for high-end executive needs.""}]}}","{
  ""subject"": ""Your Chair Recommendations"",
  ""body"": ""Dear Customer,\n\nThank you for your request regarding ergonomic chairs. Based on your specifications, we have identified suitable matches:\n\n1. **Ergonomic Pro Chair** - Priced at $449. This chair directly meets your request and is ideal for a bulk order of 5 chairs.\n2. **Ergonomic Task Chair** - While it’s not the exact chair requested, it offers similar ergonomic support at a lower price of $299, also in stock.\n3. **Executive Leather Chair** - A premium option priced at $599, suitable for high-end executive needs with a focus on comfort and style.\n\nFeel free to let us know if you’d like to explore these options further or if you need additional assistance.\n\nBest regards,\n\nThe Oak & Ember Interiors Team"",
  ""status"": ""MATCH_FOUND"",
  ""requirements_addressed"": [
    ""Requested ergonomic chair options""
  ],
  ""requirements_unresolved"": []
}","{""test_id"":""E15"",""agent"":""Response_Drafter Agent""}","1000","","[]","","t-run-1788676308125","[]"
"response-drafter-run-1788685382625","run-1788685382625","","SPAN","response_drafter","2026-09-06 11:45:00.000000","2026-09-06 11:45:01.000000","","default","","","","DEFAULT","","","","","","","{}","{}","{}","0","{""recommendation_output"":{""recommendation_status"":""PARTIAL_MATCH"",""recommendations"":[{""product_id"":""P011"",""product_name"":""Conference Table 12-Person"",""price"":""$2499.00"",""why_recommended"":""Matches the requirement for a conference table that seats 12 people comfortably, has a professional appearance, and is durable for daily use. The integrated power outlets are an added feature for boardroom settings. The product is within the budget of $3,000.""},{""product_id"":""P010"",""product_name"":""Conference Table 8-Person"",""price"":""$1499.00"",""why_recommended"":""While it is a modern conference table with a professional appearance and scratch-resistant surface, it only seats 8 people, which does not fully satisfy the seating requirement for 12 people. It is also within the budget.""}]}}","{
  ""subject"": ""Conference Table Recommendations"",
  ""body"": ""Dear Valued Customer,\n\nThank you for your inquiry regarding conference tables suitable for your needs.\n\nI have two recommendations for you:\n1. **Conference Table 12-Person** - Priced at $2499.00, this table comfortably seats 12 people and has a professional appearance ideal for boardroom settings. Its durability and integrated power outlets align perfectly with your requirements.\n\n2. **Conference Table 8-Person** - This modern table is available for $1499.00 and features a scratch-resistant surface. However, it only accommodates 8 people, which does not fully meet your seating requirement for 12.\n\n**Requirements Addressed:**\n- Needs a professional and durable conference table within budget.\n\n**Requirements Unresolved:**\n- Seating capacity of 12 people.\n\nIf you'd like to discuss these options further or need additional assistance, please feel free to reach out.\n\nBest regards,\nOak & Ember Interiors""
}","{""test_id"":""E08"",""agent"":""Response_Drafter Agent""}","1000","","[]","","t-run-1788685382625","[]"
"response-drafter-run-1788686165344","run-1788686165344","","SPAN","response_drafter","2026-09-06 11:45:00.000000","2026-09-06 11:45:01.000000","","default","","","","DEFAULT","","","","","","","{}","{}","{}","0","{""recommendation_output"":{""recommendation_status"":""PARTIAL_MATCH"",""recommendations"":[{""product_id"":""P004"",""product_name"":""Oak Executive Desk"",""price"":""$899.00"",""why_recommended"":""Matches the desk requirement and is available in both Natural Oak and Dark Walnut finishes. However, it exceeds any potential budget due to the unknown status.""}]}}","{
  ""subject"": ""Desk Recommendation Based on Your Request"",
  ""body"": ""Dear Customer,\n\nThank you for your inquiry regarding a desk that suits your needs.\n\nWe have found a relevant option for you:\n- **Oak Executive Desk** - This desk matches your requirement and is available in both Natural Oak and Dark Walnut finishes. However, please note that it exceeds any potential budget due to the unknown status.\n\nRequirements addressed:\n- Desk requirement satisfied.\n\nCurrently unresolved:\n- Budget constraints.\n\nIf you could provide more clarity on your budget, I would be happy to assist you further in finding a suitable option.\n\nBest regards,\nOak & Ember Interiors""
}","{""test_id"":""E04"",""agent"":""Response_Drafter Agent""}","1000","","[]","","t-run-1788686165344","[]"
"response-drafter-run-1788686692112","run-1788686692112","","SPAN","response_drafter","2026-09-06 11:45:00.000000","2026-09-06 11:45:01.000000","","default","","","","DEFAULT","","","","","","","{}","{}","{}","0","{""recommendation_output"":{""recommendation_status"":""PARTIAL_MATCH"",""recommendations"":[{""product_id"":""P003"",""product_name"":""Adjustable Standing Desk Basic"",""price"":""$449.00"",""why_recommended"":""Matches the adjustable standing desk requirement and is within budget at $449. However, the requirement of 30 workstations will exceed the total budget of $700 per unit.""},{""product_id"":""P007"",""product_name"":""Ergonomic Task Chair"",""price"":""$299.00"",""why_recommended"":""Completes the ergonomic task chair requirement and is within budget. Although 30 units will exceed the available budget of $400 per chair.""},{""product_id"":""P012"",""product_name"":""Huddle Room Table"",""price"":""$549.00"",""why_recommended"":""Matches the requirement for a small meeting table and is within the budget of $600. However, only one table can be purchased within the budget.""}]}}","{
  ""subject"": ""Your Office Furniture Recommendations"",
  ""body"": ""Dear Customer,\n\nThank you for your inquiry regarding office furniture.\n\nWe have identified some products that partially meet your requirements:\n\n1. **Adjustable Standing Desk Basic** - **$449.00**: This product matches your requirement for an adjustable standing desk and is within your budget of $700 per unit. However, please note that purchasing 30 units will exceed the total budget.\n\n2. **Ergonomic Task Chair** - **$299.00**: This chair meets your ergonomic task chair requirement and fits within your budget. However, acquiring 30 chairs will also exceed the budget of $400 per chair.\n\n3. **Huddle Room Table** - **$549.00**: This table fits your need for a small meeting table and is priced within your budget of $600. Nonetheless, you can only purchase one within the current budget.\n\nThe requirements that could not be confirmed include the total budget across multiple units for desks and chairs and the total number of required chairs and desks within that budget.\n\nTo proceed, please provide additional information on your budget flexibility or any adjustments you might consider for the quantities needed.\n\nBest regards,\nOak & Ember Interiors""
}","{""test_id"":""E11"",""agent"":""Response_Drafter Agent""}","1000","","[]","","t-run-1788686692112","[]"
"response-drafter-run-1788685235266","run-1788685235266","","SPAN","response_drafter","2026-09-06 11:45:00.000000","2026-09-06 11:45:01.000000","","default","","","","DEFAULT","","","","","","","{}","{}","{}","0","{""recommendation_output"":{""recommendation_status"":""PARTIAL_MATCH"",""recommendations"":[{""product_id"":""P002"",""product_name"":""Adjustable Standing Desk Pro"",""price"":""$749"",""why_recommended"":""Electric height-adjustable desk which matches the adjustable height requirement and is suitable for a home office. However, it does not match the requested dark walnut finish.""},{""product_id"":""P003"",""product_name"":""Adjustable Standing Desk Basic"",""price"":""$449"",""why_recommended"":""Manual crank height-adjustable desk that fits within budget and is for home office use. It does not meet the dark walnut finish requirement.""}]}}","{
  ""subject"": ""Your Adjustable Desk Recommendations"",
  ""body"": ""Dear Customer,\n\nThank you for your inquiry regarding adjustable desks. We have found some options that align with your requirements.\n\n1. **Adjustable Standing Desk Pro** - Priced at $749, this electric height-adjustable desk meets your adjustable height requirement and is suitable for a home office. However, it does not come in the requested dark walnut finish.\n\n2. **Adjustable Standing Desk Basic** - This manual crank height-adjustable desk is priced at $449, fits your budget, and is also designed for home office use. Like the Pro model, it does not satisfy the dark walnut finish requirement.\n\nUnfortunately, we could not confirm the availability of products that match the dark walnut finish you requested.\n\nIf you’d like to discuss these options further or explore different finishes, please let us know.\n\nBest regards,\nOak & Ember Interiors"",
  ""status"": ""PARTIAL_MATCH"",
  ""requirements_addressed"": [
    ""adjustable height requirement"",
    ""home office suitability"",
    ""budget consideration""
  ],
  ""requirements_unresolved"": [
    ""dark walnut finish requirement""
  ]
}","{""test_id"":""E01"",""agent"":""Response_Drafter Agent""}","1000","","[]","","t-run-1788685235266","[]"
"response-drafter-run-1788686135253","run-1788686135253","","SPAN","response_drafter","2026-09-06 11:45:00.000000","2026-09-06 11:45:01.000000","","default","","","","DEFAULT","","","","","","","{}","{}","{}","0","{""recommendation_output"":{""recommendation_status"":""MATCH_FOUND"",""recommendations"":[{""product_id"":""P007"",""product_name"":""Ergonomic Task Chair"",""price"":""$299.00"",""why_recommended"":""Matches the ergonomic office chair requirement, listed as in stock and delivery available. Total cost for 10 units is $2,990, which is within budget.""},{""product_id"":""P006"",""product_name"":""Ergonomic Pro Chair"",""price"":""$449.00"",""why_recommended"":""An ergonomic chair that fits requirements with a 12-year warranty, in stock and delivery available. Total cost for 10 units is $4,490, which is within budget.""},{""product_id"":""P008"",""product_name"":""Executive Leather Chair"",""price"":""$599.00"",""why_recommended"":""Premium quality ergonomic chair, available for delivery. Total cost for 10 units is $5,990, exceeding the budget.""}]}}","{
  ""subject"": ""Recommended Ergonomic Office Chairs"",
  ""body"": ""Dear Customer,\n\nThank you for your request regarding ergonomic office chairs. We have found several options that align with your needs:\n\n1. **Ergonomic Task Chair** - Priced at $299.00, this chair meets the ergonomic requirement and is currently in stock with delivery available. For 10 units, the total cost would be $2,990, which is within your budget.\n\n2. **Ergonomic Pro Chair** - This chair costs $449.00 and also matches your requirement, featuring a 12-year warranty. It is in stock and available for delivery, totaling $4,490 for 10 units, which is still within your budget.\n\n3. **Executive Leather Chair** - Offered at $599.00, this premium quality chair is available for delivery. However, the total cost for 10 units is $5,990, which exceeds your budget.\n\nPlease note that both the Ergonomic Task Chair and Ergonomic Pro Chair fully meet your ergonomic chair requirement, while the Executive Leather Chair exceeds your budget.\n\nTo proceed, please let us know which option you would like to order or if you need further assistance.\n\nBest regards,\nOak & Ember Interiors""
}","{""test_id"":""E03"",""agent"":""Response_Drafter Agent""}","1000","","[]","","t-run-1788686135253","[]"
"response-drafter-run-1788686116810","run-1788686116810","","SPAN","response_drafter","2026-09-06 11:45:00.000000","2026-09-06 11:45:01.000000","","default","","","","DEFAULT","","","","","","","{}","{}","{}","0","{""recommendation_output"":{""recommendation_status"":""INSUFFICIENT_INFORMATION"",""recommendations"":[]}}","{
  ""subject"": ""Further Information Required for Your Request"",
  ""body"": ""Dear Customer,\n\nThank you for reaching out to us. We noticed that we need additional information to assist you better with your request.\n\nCould you please provide the specific details or requirements related to your inquiry? This will help us find the best options for you.\n\nLooking forward to your response.\n\nBest regards,\nOak & Ember Interiors SalesGenie"",
  ""status"": ""INSUFFICIENT_INFORMATION"",
  ""requirements_addressed"": [],
  ""requirements_unresolved"": [
    ""Specific details or requirements related to the inquiry""
  ]
}","{""test_id"":""E02"",""agent"":""Response_Drafter Agent""}","1000","","[]","","t-run-1788686116810","[]"
"response-drafter-run-1788686086224","run-1788686086224","","SPAN","response_drafter","2026-09-06 11:45:00.000000","2026-09-06 11:45:01.000000","","default","","","","DEFAULT","","","","","","","{}","{}","{}","0","{""recommendation_output"":{""recommendation_status"":""PARTIAL_MATCH"",""recommendations"":[{""product_id"":""P002"",""product_name"":""Adjustable Standing Desk Pro"",""price"":""$749.00"",""why_recommended"":""Matches the standing desk requirement, is height-adjustable, and is within the $800 budget. However, the catalog does not confirm a dark walnut finish.""},{""product_id"":""P003"",""product_name"":""Adjustable Standing Desk Basic"",""price"":""$449.00"",""why_recommended"":""Matches the standing desk requirement and is height-adjustable. It is within the $800 budget, but does not confirm a dark walnut finish.""}]}}","{
  ""subject"": ""Standing Desk Recommendations"",
  ""body"": ""Dear Customer,\n\nThank you for your request regarding a standing desk.\n\nWe have identified some options that may suit your needs:\n\n1. **Adjustable Standing Desk Pro** - Priced at $749.00, this desk meets your requirement for a height-adjustable standing desk and is within your $800 budget. However, the catalog does not confirm a dark walnut finish.\n\n2. **Adjustable Standing Desk Basic** - Priced at $449.00, this option also satisfies the height-adjustable requirement and fits within your budget, but it does not confirm a dark walnut finish either.\n\nPlease note that while both products meet the standing desk and budget requirements, the confirmation of a dark walnut finish is not available for either option.\n\nIf you have any additional questions or would like assistance with another search, please let us know!\n\nBest regards,\n\nOak & Ember Interiors"",
  ""status"": ""PARTIAL_MATCH"",
  ""requirements_addressed"": [
    ""Height-adjustable standing desk"",
    ""Within $800 budget""
  ],
  ""requirements_unresolved"": [
    ""Dark walnut finish""
  ]
}","{""test_id"":""E01"",""agent"":""Response_Drafter Agent""}","1000","","[]","","t-run-1788686086224","[]"
"response-drafter-run-1788685261343","run-1788685261343","","SPAN","response_drafter","2026-09-06 11:45:00.000000","2026-09-06 11:45:01.000000","","default","","","","DEFAULT","","","","","","","{}","{}","{}","0","{""recommendation_output"":{""recommendation_status"":""INSUFFICIENT_INFORMATION"",""recommendations"":[]}}","{
  ""subject"": ""Further Information Required to Assist You"",
  ""body"": ""Dear Customer,\n\nThank you for reaching out. We appreciate your inquiry and are here to assist you.\n\nCurrently, we require additional information to proceed effectively with your request. Please provide the specifics that will help us better understand your needs.\n\nLooking forward to your reply.\n\nBest regards,\nOak & Ember Interiors"",
  ""status"": ""INSUFFICIENT_INFORMATION"",
  ""requirements_addressed"": [],
  ""requirements_unresolved"": []
}","{""test_id"":""E02"",""agent"":""Response_Drafter Agent""}","1000","","[]","","t-run-1788685261343","[]"
"response-drafter-run-1788686611233","run-1788686611233","","SPAN","response_drafter","2026-09-06 11:45:00.000000","2026-09-06 11:45:01.000000","","default","","","","DEFAULT","","","","","","","{}","{}","{}","0","{""recommendation_output"":{""recommendation_status"":""PARTIAL_MATCH"",""recommendations"":[{""product_id"":""P001"",""product_name"":""Walnut Executive Desk"",""price"":""1299.00"",""why_recommended"":""This product is the requested Walnut Executive Desk but is currently out of stock. The customer inquired about delivery timeline and ordering.""},{""product_id"":""P004"",""product_name"":""Oak Executive Desk"",""price"":""899.00"",""why_recommended"":""This is an available executive desk, though it is made of solid oak instead of walnut. It is in stock and reasonably priced.""},{""product_id"":""P015"",""product_name"":""Desk Organizer Set"",""price"":""39.00"",""why_recommended"":""This walnut-finished desk accessory is available and complements executive desks.""}]}}","{
  ""subject"": ""Your Desk Inquiry – Recommendations"",
  ""body"": ""Thank you for reaching out regarding your desk options. \n\nWe have found some recommendations that may suit your needs:\n\n1. **Walnut Executive Desk** - Priced at $1299.00. This matches your request for a walnut finish; however, it is currently out of stock.\n2. **Oak Executive Desk** - Priced at $899.00. This is available and well-priced, but please note it is made of solid oak instead of walnut.\n3. **Desk Organizer Set** - Priced at $39.00. This walnut-finished accessory is perfect for enhancing your desk setup and is currently in stock.\n\nPlease note that while we have suitable options, the Walnut Executive Desk is unavailable at this time. \n\nTo proceed, please let us know if you would like to explore the available Oak Executive Desk or the Desk Organizer Set. \n\nBest regards,\n\nThe Oak & Ember Interiors Team"",
  ""status"": ""PARTIAL_MATCH"",
  ""requirements_addressed"": [
    ""Request for a desk with a walnut finish"",
    ""Request for available options""
  ],
  ""requirements_unresolved"": [
    ""Delivery timeline for the walnut desk"",
    ""Desiring a walnut desk option that is currently in stock""
  ]
}","{""test_id"":""E10"",""agent"":""Response_Drafter Agent""}","1000","","[]","","t-run-1788686611233","[]"
"response-drafter-run-1788686422754","run-1788686422754","","SPAN","response_drafter","2026-09-06 11:45:00.000000","2026-09-06 11:45:01.000000","","default","","","","DEFAULT","","","","","","","{}","{}","{}","0","{""recommendation_output"":{""recommendation_status"":""MATCH_FOUND"",""recommendations"":[{""product_id"":""P015"",""product_name"":""Desk Organizer Set"",""price"":""39.00"",""why_recommended"":""This desk organizer set is a nice item for a colleague, matches the gift requirement, and falls within the budget of $40-50.""}]}}","{
  ""subject"": ""Recommended Gift for Your Colleague"",
  ""body"": ""Hello,\n\nThank you for reaching out regarding a gift for your colleague. \n\nI recommend the Desk Organizer Set priced at $39.00. This item is an excellent choice as it fits perfectly within your budget of $40-50 and matches your requirement for a thoughtful gift. \n\nIf you would like to proceed with this recommendation or have any questions, please let me know.\n\nBest regards,\nOak & Ember Interiors"",
  ""status"": ""MATCH_FOUND"",
  ""requirements_addressed"": [
    ""Gift requirement satisfied"",
    ""Budget satisfied""
  ],
  ""requirements_unresolved"": []
}","{""test_id"":""E06"",""agent"":""Response_Drafter Agent""}","1000","","[]","","t-run-1788686422754","[]"
"response-drafter-run-1788685526714","run-1788685526714","","SPAN","response_drafter","2026-09-06 11:45:00.000000","2026-09-06 11:45:01.000000","","default","","","","DEFAULT","","","","","","","{}","{}","{}","0","{""recommendation_output"":{""recommendation_status"":""PARTIAL_MATCH"",""recommendations"":[{""product_id"":""P007"",""product_name"":""Ergonomic Task Chair"",""price"":""299.00"",""why_recommended"":""Matches the requirement for a chair at $299, which is below Herman Miller's $395 and marked as in stock. However, it doesn't meet the specific price matching request.""},{""product_id"":""P006"",""product_name"":""Ergonomic Pro Chair"",""price"":""449.00"",""why_recommended"":""An ergonomic chair but priced at $449, exceeding the competitor's price of $395. It's marked as in stock, though it doesn't satisfy the price matching condition.""},{""product_id"":""P009"",""product_name"":""Basic Office Chair"",""price"":""149.00"",""why_recommended"":""This chair is priced at $149, which is well below the competitor's price point, but it may not have the ergonomic features preferred for long-term use.""}]}}","{
  ""subject"": ""Your Chair Recommendations"",
  ""body"": ""Thank you for your inquiry regarding ergonomic chairs.\n\nWe have identified some products that may meet your needs:\n\n1. **Ergonomic Task Chair** - Priced at $299, this chair is a good option below Herman Miller's price of $395 and is currently in stock. However, it does not meet your specific price matching request.\n\n2. **Ergonomic Pro Chair** - This chair is ergonomic but priced at $449, which exceeds the competitor's price point. It is also in stock, but does not satisfy your price matching condition.\n\n3. **Basic Office Chair** - At $149, this chair is well below your competitor's price. However, it may lack the ergonomic features suitable for long-term use.\n\nRequirements addressed: Pricing considerations and stock availability.\n\nRequirements unresolved: Specific price matching request and ergonomic feature preferences.\n\nPlease let us know how you would like to proceed or if you have any additional preferences we should consider.\n\nBest regards,\nOak & Ember Interiors""
}","{""test_id"":""E15"",""agent"":""Response_Drafter Agent""}","1000","","[]","","t-run-1788685526714","[]"
"response-drafter-run-1788685284075","run-1788685284075","","SPAN","response_drafter","2026-09-06 11:45:00.000000","2026-09-06 11:45:01.000000","","default","","","","DEFAULT","","","","","","","{}","{}","{}","0","{""recommendation_output"":{""recommendation_status"":""MATCH_FOUND"",""recommendations"":[{""product_id"":""P007"",""product_name"":""Ergonomic Task Chair"",""price"":""$299.00"",""why_recommended"":""Matches the ergonomic requirement, is in stock, and falls well within the $5,000 budget. Delivery is required, but the catalog does not confirm delivery details.""},{""product_id"":""P006"",""product_name"":""Ergonomic Pro Chair"",""price"":""$449.00"",""why_recommended"":""Matches the ergonomic requirement, is in stock, and is within the budget. Delivery is required, but the catalog does not confirm delivery details.""},{""product_id"":""P008"",""product_name"":""Executive Leather Chair"",""price"":""$599.00"",""why_recommended"":""Matches the ergonomic requirement, is in stock, and fits within the budget. Delivery is required, but the catalog does not confirm delivery details.""}]}}","{
  ""subject"": ""Recommended Ergonomic Chairs for Your Office Setup"",
  ""body"": ""Dear Customer,\n\nThank you for your request regarding ergonomic chairs for your office setup. We are pleased to recommend several options that meet your requirements:\n\n1. **Ergonomic Task Chair** - $299.00: This chair supports ergonomic needs and is currently in stock.\n2. **Ergonomic Pro Chair** - $449.00: Another great option that aligns with your ergonomic requirement and is available now.\n3. **Executive Leather Chair** - $599.00: This chair also meets your ergonomic needs and is in stock.\n\nAll these options are within your $5,000 budget. However, please note that while delivery is required, we currently have no confirmation on delivery details in our catalog.\n\nPlease let us know your preferred choice, or if you have any further questions!\n\nBest regards,\nThe SalesGenie Team at Oak & Ember Interiors"",
  ""status"": ""MATCH_FOUND"",
  ""requirements_addressed"": [
    ""Ergonomic requirement satisfied"",
    ""In stock"",
    ""Within budget""
  ],
  ""requirements_unresolved"": [
    ""Delivery details not confirmed""
  ]
}","{""test_id"":""E03"",""agent"":""Response_Drafter Agent""}","1000","","[]","","t-run-1788685284075","[]"
"response-drafter-run-1788685504255","run-1788685504255","","SPAN","response_drafter","2026-09-06 11:45:00.000000","2026-09-06 11:45:01.000000","","default","","","","DEFAULT","","","","","","","{}","{}","{}","0","{""recommendation_output"":{""recommendation_status"":""PARTIAL_MATCH"",""recommendations"":[{""product_id"":""P004"",""product_name"":""Oak Executive Desk"",""price"":""$899.00"",""why_recommended"":""Matches the desk requirement. It has a solid oak material and is suitable for high-end office environments. However, it does not confirm volume pricing or delivery coordination.""},{""product_id"":""P005"",""product_name"":""Compact Home Office Desk"",""price"":""$349.00"",""why_recommended"":""Matches the desk requirement and is economical. It is in stock and good for office setups but doesn't confirm volume pricing or delivery coordination.""},{""product_id"":""P009"",""product_name"":""Basic Office Chair"",""price"":""$149.00"",""why_recommended"":""A supportive office chair that can complement the office furniture. It’s affordable and in stock but does not confirm volume pricing or delivery coordination.""}]}}","{
  ""subject"": ""Recommendations for Your Office Furniture Needs"",
  ""body"": ""Dear Customer,\n\nThank you for your inquiry regarding office furniture.\n\nWe have identified some suitable recommendations:\n1. **Oak Executive Desk** - Priced at $899.00, this desk is made from solid oak and is ideal for high-end office environments.\n2. **Compact Home Office Desk** - At $349.00, this economical option is great for office setups and is currently in stock.\n3. **Basic Office Chair** - Available for $149.00, this supportive chair complements your office furniture nicely.\n\nWhile these products meet your desk and chair requirements, we were unable to confirm details regarding volume pricing and delivery coordination.\n\nPlease let us know if you would like further assistance or more information on any of these items.\n\nBest regards,\nOak & Ember Interiors"",
  ""status"": ""PARTIAL_MATCH"",
  ""requirements_addressed"": [
    ""desk requirement"",
    ""chair requirement""
  ],
  ""requirements_unresolved"": [
    ""volume pricing"",
    ""delivery coordination""
  ]
}","{""test_id"":""E14"",""agent"":""Response_Drafter Agent""}","1000","","[]","","t-run-1788685504255","[]"
"response-drafter-run-1788685477150","run-1788685477150","","SPAN","response_drafter","2026-09-06 11:45:00.000000","2026-09-06 11:45:01.000000","","default","","","","DEFAULT","","","","","","","{}","{}","{}","0","{""recommendation_output"":{""recommendation_status"":""MATCH_FOUND"",""recommendations"":[{""product_id"":""P007"",""product_name"":""Ergonomic Task Chair"",""price"":""$299.00"",""why_recommended"":""Matches the primary product category of chairs. It features adjustable lumbar support and armrests, suitable for ergonomic needs.""},{""product_id"":""P006"",""product_name"":""Ergonomic Pro Chair"",""price"":""$449.00"",""why_recommended"":""Also a chair, offering full mesh design with lumbar support and adjustable features, suitable for prolonged ergonomic use.""},{""product_id"":""P008"",""product_name"":""Executive Leather Chair"",""price"":""$599.00"",""why_recommended"":""Fits the chair category and offers premium features such as leather upholstery and memory foam.""}]}}","{
  ""subject"": ""Recommended Ergonomic Chairs for Your Needs"",
  ""body"": ""Dear Customer,\n\nThank you for your inquiry regarding ergonomic chairs. We have found some excellent options that match your requirements:\n\n1. **Ergonomic Task Chair** - $299.00: This chair includes adjustable lumbar support and armrests, catering perfectly to ergonomic needs.\n2. **Ergonomic Pro Chair** - $449.00: This model features a full mesh design with lumbar support and adjustable settings, ideal for extended ergonomic use.\n3. **Executive Leather Chair** - $599.00: A premium option with leather upholstery and memory foam, combining comfort and luxury.\n\nAll recommended options fit within the chair category and address your ergonomic needs effectively.\n\nIf you would like more details on any of these chairs or assistance with your selection, please let us know!\n\nBest regards,\nOak & Ember Interiors"",
  ""status"": ""MATCH_FOUND"",
  ""requirements_addressed"": [
    ""All recommended chairs match the primary product category of chairs."",
    ""Chairs offer features suitable for ergonomic needs.""
  ],
  ""requirements_unresolved"": []
}","{""test_id"":""E13"",""agent"":""Response_Drafter Agent""}","1000","","[]","","t-run-1788685477150","[]"
"response-drafter-run-1788686515332","run-1788686515332","","SPAN","response_drafter","2026-09-06 11:45:00.000000","2026-09-06 11:45:01.000000","","default","","","","DEFAULT","","","","","","","{}","{}","{}","0","{""recommendation_output"":{""recommendation_status"":""INSUFFICIENT_INFORMATION"",""recommendations"":[]}}","{
  ""subject"": ""Further Information Required for Your Request"",
  ""body"": ""Thank you for reaching out. We appreciate your interest in our products at Oak & Ember Interiors. However, we currently do not have enough information to proceed with recommendations. Please provide additional details regarding your specific requirements so we can better assist you."",
  ""status"": ""INSUFFICIENT_INFORMATION"",
  ""requirements_addressed"": [],
  ""requirements_unresolved"": [
    ""Specific product requirements or preferences""
  ]
}","{""test_id"":""E07"",""agent"":""Response_Drafter Agent""}","1000","","[]","","t-run-1788686515332","[]"
"response-drafter-run-1788685306940","run-1788685306940","","SPAN","response_drafter","2026-09-06 11:45:00.000000","2026-09-06 11:45:01.000000","","default","","","","DEFAULT","","","","","","","{}","{}","{}","0","{""recommendation_output"":{""recommendation_status"":""MATCH_FOUND"",""recommendations"":[{""product_id"":""d839f14b-2d0d-44d4-b969-9fa1ed695c46"",""product_name"":""Oak Executive Desk"",""price"":""899.00"",""why_recommended"":""Matches the desk requirement with colors available in Natural Oak and Dark Walnut finishes. This product is in stock and suitable for executive use.""},{""product_id"":""3cadc5a9-1d30-4ce0-986c-538dd3d466aa"",""product_name"":""Compact Home Office Desk"",""price"":""349.00"",""why_recommended"":""Also matches the desk requirement, offering a space-saving option. This product is in stock but does not meet the specific finish requirement.""},{""product_id"":""d411b412-751c-46ad-a652-2a9f906737a6"",""product_name"":""Sit-Stand Desk Converter"",""price"":""279.00"",""why_recommended"":""Offers flexibility in desk use but does not match the specific finish requirement and is a different product type.""}]}}","{
  ""subject"": ""Desk Recommendations for Your Executive Setup"",
  ""body"": ""Dear Customer,\n\nThank you for your inquiry regarding desk options for your executive setup.\n\nWe have identified the following suitable recommendations:\n\n1. **Oak Executive Desk** - Priced at $899.00, this desk comes in Natural Oak and Dark Walnut finishes, perfectly matching your requirement and is ideal for executive use.\n\n2. **Compact Home Office Desk** - At $349.00, this option also fulfills your desk requirement while providing a space-saving solution. However, please note that it does not meet the specific finish requirement you indicated.\n\n3. **Sit-Stand Desk Converter** - Available for $279.00, this product provides flexibility but is a different product type and does not match the finish requirement.\n\nThe Oak Executive Desk meets all your criteria, while the other options have limitations concerning finish or type.\n\nIf you need assistance in placing an order or have further questions, please let us know!\n\nBest regards,\nOak & Ember Interiors"",
  ""status"": ""MATCH_FOUND"",
  ""requirements_addressed"": [
    ""desk requirement"",
    ""executive suitability""
  ],
  ""requirements_unresolved"": [
    ""specific finish requirement for Compact Home Office Desk"",
    ""specific finish requirement for Sit-Stand Desk Converter""
  ]
}","{""test_id"":""E04"",""agent"":""Response_Drafter Agent""}","1000","","[]","","t-run-1788685306940","[]"
"response-drafter-run-1788685440731","run-1788685440731","","SPAN","response_drafter","2026-09-06 11:45:00.000000","2026-09-06 11:45:01.000000","","default","","","","DEFAULT","","","","","","","{}","{}","{}","0","{""recommendation_output"":{""recommendation_status"":""PARTIAL_MATCH"",""recommendations"":[{""product_id"":""P003"",""product_name"":""Adjustable Standing Desk Basic"",""price"":""$449.00"",""why_recommended"":""Matches the adjustable standing desk requirement and is within budget at $449 each. However, it does not fulfill the quantity of 30 units requested.""},{""product_id"":""P007"",""product_name"":""Ergonomic Task Chair"",""price"":""$299.00"",""why_recommended"":""Meets the ergonomic task chair requirement and is within the budget at $299 each. However, it does not fulfill the quantity of 30 units requested.""},{""product_id"":""P012"",""product_name"":""Huddle Room Table"",""price"":""$549.00"",""why_recommended"":""Matches the requirement for small meeting tables and is within budget at $549 each. However, it does not fulfill the quantity of 5 tables requested.""}]}}","{
  ""subject"": ""Furniture Recommendations for Your Office Needs"",
  ""body"": ""Dear Customer,\n\nThank you for your inquiry regarding the office furniture requirements.\n\nWe have found some relevant products that meet part of your needs:\n\n1. **Adjustable Standing Desk Basic** - Priced at $449. This desk matches your requirement for an adjustable standing desk and is within your budget. However, please note that we cannot fulfill the requested quantity of 30 units.\n\n2. **Ergonomic Task Chair** - Available for $299. This chair meets your ergonomic task chair requirement and is also within budget. However, it does not fulfill the quantity of 30 units requested.\n\n3. **Huddle Room Table** - Costs $549. This table matches your need for small meeting tables and is within budget, but we cannot provide the quantity of 5 tables you requested.\n\nUnfortunately, we are unable to satisfy the full quantities for all items.\n\nPlease let us know if you would like to explore alternatives or adjust the quantities for these recommendations.\n\nBest regards,\nOak & Ember Interiors"",
  ""status"": ""PARTIAL_MATCH"",
  ""requirements_addressed"": [
    ""Adjustable standing desk requirement"",
    ""Ergonomic task chair requirement"",
    ""Small meeting table requirement""
  ],
  ""requirements_unresolved"": [
    ""Quantity of 30 adjustable standing desks not fulfilled"",
    ""Quantity of 30 ergonomic task chairs not fulfilled"",
    ""Quantity of 5 huddle room tables not fulfilled""
  ]
}","{""test_id"":""E11"",""agent"":""Response_Drafter Agent""}","1000","","[]","","t-run-1788685440731","[]"
"response-drafter-run-1788685417708","run-1788685417708","","SPAN","response_drafter","2026-09-06 11:45:00.000000","2026-09-06 11:45:01.000000","","default","","","","DEFAULT","","","","","","","{}","{}","{}","0","{""recommendation_output"":{""recommendation_status"":""PARTIAL_MATCH"",""recommendations"":[{""product_id"":""P001"",""product_name"":""Walnut Executive Desk"",""price"":""$1299.00"",""why_recommended"":""Matches the primary interest in an executive desk. However, it is currently out of stock and no restock timeline is provided.""},{""product_id"":""P004"",""product_name"":""Oak Executive Desk"",""price"":""$899.00"",""why_recommended"":""Offers a similar executive desk option that is in stock. The catalog does not confirm whether it meets the walnut requirement.""}]}}","{
  ""subject"": ""Your Executive Desk Recommendations"",
  ""body"": ""Dear Customer,\n\nThank you for your interest in finding the perfect executive desk. We have identified a couple of options that could potentially meet your needs:\n\n1. **Walnut Executive Desk** - Priced at $1299.00, this desk matches your primary interest in an executive desk. However, please note that it is currently out of stock and no restock timeline is available.\n\n2. **Oak Executive Desk** - Available for $899.00, this option is in stock and offers a similar style. However, the catalog does not confirm if it meets your requirement for a walnut finish.\n\nRequirements satisfied:\n- Interest in an executive desk (both options meet this).\n\nRequirements not confirmed:\n- Preference for walnut finish (only the Walnut Executive Desk meets this; the Oak option does not confirm this requirement).\n\nNext steps: Please let us know if you would like more information on the available options or assistance with finding a suitable alternative.\n\nBest regards,\nOak & Ember Interiors""
}","{""test_id"":""E10"",""agent"":""Response_Drafter Agent""}","1000","","[]","","t-run-1788685417708","[]"
"response-drafter-run-1788686335541","run-1788686335541","","SPAN","response_drafter","2026-09-06 11:45:00.000000","2026-09-06 11:45:01.000000","","default","","","","DEFAULT","","","","","","","{}","{}","{}","0","{""recommendation_output"":{""recommendation_status"":""PARTIAL_MATCH"",""recommendations"":[{""product_id"":""P002"",""product_name"":""Adjustable Standing Desk Pro"",""price"":""$749.00"",""why_recommended"":""Matches the standing desk requirement. It has an electric height adjustment and is in stock. The catalog does not confirm bulk discount or comparison with IKEA's BEKANT series.""},{""product_id"":""P003"",""product_name"":""Adjustable Standing Desk Basic"",""price"":""$449.00"",""why_recommended"":""Matches the standing desk requirement and is in stock. This manual crank height-adjustable desk offers a simple solution. However, it does not confirm bulk discount or comparison with IKEA's BEKANT series.""}]}}","{
  ""subject"": ""Your Standing Desk Recommendations"",
  ""body"": ""Dear Valued Customer,\n\nThank you for your request regarding standing desks. Based on your requirements, I have found some suitable options for you:\n\n1. **Adjustable Standing Desk Pro** - Priced at $749.00, this desk features electric height adjustment and is currently in stock. However, the catalog does not confirm any bulk discount or comparisons with IKEA's BEKANT series.\n\n2. **Adjustable Standing Desk Basic** - This manual crank height-adjustable desk is available for $449.00 and meets the standing desk requirement as well. Similar to the Pro model, it is in stock, but the catalog does not provide details on bulk discounts or comparisons with the BEKANT series.\n\n**Satisfied Requirement:** Standing desk requirement\n**Unresolved Requirements:** Bulk discount and comparison with IKEA's BEKANT series\n\nIf you would like to explore these options further or need assistance with anything else, please let me know.\n\nBest regards,\n\nSalesGenie Team at Oak & Ember Interiors""
}","{""test_id"":""E05"",""agent"":""Response_Drafter Agent""}","1000","","[]","","t-run-1788686335541","[]"
"response-drafter-run-1788685330947","run-1788685330947","","SPAN","response_drafter","2026-09-06 11:45:00.000000","2026-09-06 11:45:01.000000","","default","","","","DEFAULT","","","","","","","{}","{}","{}","0","{""recommendation_output"":{""recommendation_status"":""PARTIAL_MATCH"",""recommendations"":[{""product_id"":""P002"",""product_name"":""Adjustable Standing Desk Pro"",""price"":""749.00"",""why_recommended"":""Matches the standing desk requirement and is electric height-adjustable, suitable for bulk purchases. The price exceeds the unknown budget.""},{""product_id"":""P003"",""product_name"":""Adjustable Standing Desk Basic"",""price"":""449.00"",""why_recommended"":""Matches the standing desk requirement with manual height adjustment. This product meets expectations for bulk purchases but does not exceed budget since it’s within the assumed limit.""},{""product_id"":""P020"",""product_name"":""Sit-Stand Desk Converter"",""price"":""279.00"",""why_recommended"":""While it's a desktop converter and may not be what Sarah is directly comparing, it serves a similar functional need and fits the standing desk category.""}]}}","{
  ""subject"": ""Desk Recommendations for Your Inquiry"",
  ""body"": ""Dear Customer,\n\nThank you for your inquiry regarding standing desks. We have found some options that may meet your needs:\n\n1. **Adjustable Standing Desk Pro** - Priced at $749.00, this desk is electric height-adjustable and suitable for bulk purchases, aligning with your standing desk requirement. However, please note that this exceeds the budget we are unsure about.\n\n2. **Adjustable Standing Desk Basic** - Priced at $449.00, this manual height-adjustable desk meets both the standing desk requirement and expectations for bulk purchases, and it falls within the assumed budget.\n\n3. **Sit-Stand Desk Converter** - Priced at $279.00, while this product is a desktop converter, it serves a similar functional need to standing desks, though it may differ from your original request.\n\nThe requirements for a standing desk have been addressed, but we could not confirm your budget, which affects our recommendations. \n\nAs a next step, please let us know your budget range so we can refine our product suggestions accordingly.\n\nBest regards,\nOak & Ember Interiors"",
  ""status"": ""PARTIAL_MATCH"",
  ""requirements_addressed"": [
    ""standing desk requirement"",
    ""suitability for bulk purchases""
  ],
  ""requirements_unresolved"": [
    ""budget confirmation""
  ]
}","{""test_id"":""E05"",""agent"":""Response_Drafter Agent""}","1000","","[]","","t-run-1788685330947","[]"
"response-drafter-run-1788685355078","run-1788685355078","","SPAN","response_drafter","2026-09-06 11:45:00.000000","2026-09-06 11:45:01.000000","","default","","","","DEFAULT","","","","","","","{}","{}","{}","0","{""recommendation_output"":{""recommendation_status"":""MATCH_FOUND"",""recommendations"":[{""product_id"":""P015"",""product_name"":""Desk Organizer Set"",""price"":""39.00"",""why_recommended"":""Matches the desk accessories requirement and is within the budget. A suitable gift for a colleague, featuring a walnut finish.""}]}}","{
  ""subject"": ""Recommended Desk Organizer Set for Your Gift Needs"",
  ""body"": ""Dear Customer,\n\nThank you for your inquiry regarding gift ideas for a colleague. We have a great recommendation that matches your requirements.\n\nWe recommend the **Desk Organizer Set**, priced at **$39.00**. This set not only fits your budget but also meets your need for desk accessories, featuring an elegant walnut finish, perfect for a professional setting.\n\nIf you have any further questions or need assistance with your purchase, please feel free to reach out.\n\nBest regards,\nOak & Ember Interiors"",
  ""status"": ""MATCH_FOUND"",
  ""requirements_addressed"": [
    ""desk accessories requirement"",
    ""within budget""
  ],
  ""requirements_unresolved"": []
}","{""test_id"":""E06"",""agent"":""Response_Drafter Agent""}","1000","","[]","","t-run-1788685355078","[]"
"response-drafter-run-1788685401499","run-1788685401499","","SPAN","response_drafter","2026-09-06 11:45:00.000000","2026-09-06 11:45:01.000000","","default","","","","DEFAULT","","","","","","","{}","{}","{}","0","{""recommendation_output"":{""recommendation_status"":""INSUFFICIENT_INFORMATION"",""recommendations"":[]}}","{
  ""subject"": ""Additional Information Needed for Your Request"",
  ""body"": ""Thank you for reaching out to Oak & Ember Interiors. To better assist you with your request, we need some additional information. Please provide the details you have in mind, so we can proceed accordingly."",
  ""status"": ""INSUFFICIENT_INFORMATION"",
  ""requirements_addressed"": [],
  ""requirements_unresolved"": [
    ""Specific details regarding your request""
  ]
}","{""test_id"":""E09"",""agent"":""Response_Drafter Agent""}","1000","","[]","","t-run-1788685401499","[]"
"response-drafter-run-1788686553288","run-1788686553288","","SPAN","response_drafter","2026-09-06 11:45:00.000000","2026-09-06 11:45:01.000000","","default","","","","DEFAULT","","","","","","","{}","{}","{}","0","{""recommendation_output"":{""recommendation_status"":""PARTIAL_MATCH"",""recommendations"":[{""product_id"":""f19f94f2-83fd-481b-aa82-f77dbd44866c"",""product_name"":""Conference Table 12-Person"",""price"":""2499.00"",""why_recommended"":""Matches the requirement for seating 12 people comfortably, looks professional, and is durable for daily use. The product includes premium finish and integrated power outlets. It is within the budget of $3,000.""},{""product_id"":""P010"",""product_name"":""Conference Table 8-Person"",""price"":""1499.00"",""why_recommended"":""While this product only seats 8 people, it does look professional and has a scratch-resistant surface, making it durable. It is within the budget, but does not fully meet the seating requirement.""}]}}","{
  ""subject"": ""Recommendations for Your Conference Table Request"",
  ""body"": ""Dear Customer,\n\nThank you for your request regarding a conference table.\n\nWe have found some recommendations that may work for you:\n\n1. **Conference Table 12-Person** - Priced at $2,499.00, this table comfortably seats 12 people and features a professional appearance with integrated power outlets, making it suitable for daily use. This option fully meets your requirement for seating and is within your budget.\n\n2. **Conference Table 8-Person** - Priced at $1,499.00, while this table looks professional and has a durable, scratch-resistant surface, it only seats 8 people, which does not fully satisfy your seating requirement.\n\nPlease note that while we have a suitable recommendation that meets all your seating needs, the second option does not completely fulfill your criteria.\n\nIf you’d like more information or further assistance, please let us know!\n\nBest regards,\n\nOak & Ember Interiors"",
  ""status"": ""PARTIAL_MATCH"",
  ""requirements_addressed"": [
    ""Seating capacity for 12 people""
  ],
  ""requirements_unresolved"": [
    ""Full seating requirement for 8-person table""
  ]
}","{""test_id"":""E08"",""agent"":""Response_Drafter Agent""}","1000","","[]","","t-run-1788686553288","[]"
"response-drafter-run-1788686579804","run-1788686579804","","SPAN","response_drafter","2026-09-06 11:45:00.000000","2026-09-06 11:45:01.000000","","default","","","","DEFAULT","","","","","","","{}","{}","{}","0","{""recommendation_output"":{""recommendation_status"":""INSUFFICIENT_INFORMATION"",""recommendations"":[]}}","{
  ""subject"": ""Additional Information Needed for Your Request"",
  ""body"": ""Dear Customer,\n\nThank you for reaching out to us. We would like to assist you better with your request, but we require more information to proceed. \n\nCould you please provide the specific details or preferences related to your inquiry? \n\nOnce we have the necessary information, we will be happy to help you find the right products.\n\nBest regards,\nOak & Ember Interiors"",
  ""status"": ""INSUFFICIENT_INFORMATION"",
  ""requirements_addressed"": [],
  ""requirements_unresolved"": [
    ""Specific details or preferences related to the inquiry""
  ]
}","{""test_id"":""E09"",""agent"":""Response_Drafter Agent""}","1000","","[]","","t-run-1788686579804","[]"
"product-recommender-run-1788877576094","run-1788877576094","","SPAN","product_recommender","2026-09-06 11:40:00.000000","2026-09-06 11:40:01.000000","","default","","","","DEFAULT","","","","","","","{}","{}","{}","0","{""qualification_output"":{""lead_tier"":""HOT"",""is_sales_lead"":1,""qualification_signals"":[""specific product requirement"",""budget provided""],""confidence"":""HIGH""}}","{""recommendation_status"":""PARTIAL_MATCH"",""recommendations"":[{""product_id"":""P002"",""product_name"":""Adjustable Standing Desk Pro"",""price"":""$749.00"",""why_recommended"":""Matches the standing desk requirement and adjustable height feature. The price of $749 is within the budget. However, it does not confirm the requested dark walnut finish.""},{""product_id"":""P003"",""product_name"":""Adjustable Standing Desk Basic"",""price"":""$449.00"",""why_recommended"":""Matches the standing desk requirement and adjustable height feature, and is within budget. The catalog does not confirm dark walnut finish.""},{""product_id"":""P020"",""product_name"":""Sit-Stand Desk Converter"",""price"":""$279.00"",""why_recommended"":""This product offers an adjustable height and is within budget. However, it does not meet the primary standing desk requirement, as it's a converter.""}]}","{""test_id"":""E01"",""agent"":""product_recommender""}","1000","","[]","","t-run-1788877576094","[]"
"product-recommender-run-1788692992911","run-1788692992911","","SPAN","product_recommender","2026-09-06 11:40:00.000000","2026-09-06 11:40:01.000000","","default","","","","DEFAULT","","","","","","","{}","{}","{}","0","{""qualification_output"":{""lead_tier"":""HOT"",""is_sales_lead"":1,""qualification_signals"":[""specific product requirement"",""budget provided"",""quality matters"",""home office use""],""confidence"":""HIGH""}}","{""recommendation_status"":""PARTIAL_MATCH"",""recommendations"":[{""product_id"":""P002"",""product_name"":""Adjustable Standing Desk Pro"",""price"":""749.00"",""why_recommended"":""Matches the standing desk requirement and is height-adjustable. It is within the budget but does not confirm the requested dark walnut finish.""},{""product_id"":""P003"",""product_name"":""Adjustable Standing Desk Basic"",""price"":""449.00"",""why_recommended"":""Matches the standing desk requirement and is height-adjustable. It is within the budget but does not confirm the requested dark walnut finish.""}]}","{""test_id"":""E01"",""agent"":""product_recommender""}","1000","","[]","","t-run-1788692992911","[]"
"product-recommender-run-1788691038779","run-1788691038779","","SPAN","product_recommender","2026-09-06 11:40:00.000000","2026-09-06 11:40:01.000000","","default","","","","DEFAULT","","","","","","","{}","{}","{}","0","{""qualification_output"":{""lead_tier"":""HOT"",""is_sales_lead"":1,""qualification_signals"":[""specific product requirement"",""budget provided""],""confidence"":""HIGH""}}","{""recommendation_status"":""PARTIAL_MATCH"",""recommendations"":[{""product_id"":""P002"",""product_name"":""Adjustable Standing Desk Pro"",""price"":""$749.00"",""why_recommended"":""Matches the standing desk requirement and adjustable height. Suitable for home office use. Priced within budget but does not confirm the requested dark walnut finish.""},{""product_id"":""P003"",""product_name"":""Adjustable Standing Desk Basic"",""price"":""$449.00"",""why_recommended"":""Matches the standing desk requirement and adjustable height. Suitable for home office use. Priced within budget but does not confirm the requested dark walnut finish.""},{""product_id"":""P020"",""product_name"":""Sit-Stand Desk Converter"",""price"":""$279.00"",""why_recommended"":""Matches the standing desk requirement and adjustable height. Designed for use on existing desks, suitable for home office. Priced within budget but does not meet the dark walnut finish requirement.""}]}","{""test_id"":""E01"",""agent"":""product_recommender""}","1000","","[]","","t-run-1788691038779","[]"
"product-recommender-run-1788687593917","run-1788687593917","","SPAN","product_recommender","2026-09-06 11:40:00.000000","2026-09-06 11:40:01.000000","","default","","","","DEFAULT","","","","","","","{}","{}","{}","0","{""qualification_output"":{""lead_tier"":""HOT"",""is_sales_lead"":1,""qualification_signals"":[""specific product requirement"",""budget provided"",""quality matters"",""works from home full-time"",""adjustable height"",""dark walnut finish""],""confidence"":""HIGH""}}","{""recommendation_status"":""PARTIAL_MATCH"",""recommendations"":[{""product_id"":""P002"",""product_name"":""Adjustable Standing Desk Pro"",""price"":""749.00"",""why_recommended"":""Matches the standing desk requirement, adjustable height, and within the $800 budget. The catalog does not confirm the requested dark walnut finish.""},{""product_id"":""P003"",""product_name"":""Adjustable Standing Desk Basic"",""price"":""449.00"",""why_recommended"":""Matches the standing desk requirement and adjustable height. It is within budget, but the catalog does not confirm the requested dark walnut finish.""},{""product_id"":""P020"",""product_name"":""Sit-Stand Desk Converter"",""price"":""279.00"",""why_recommended"":""Matches the standing desk requirement and adjustable height. It is within budget but is a desk converter rather than a full desk, and the dark walnut finish is not specified.""}]}","{""test_id"":""E01"",""agent"":""product_recommender""}","1000","","[]","","t-run-1788687593917","[]"
"product-recommender-run-1788691100276","run-1788691100276","","SPAN","product_recommender","2026-09-06 11:40:00.000000","2026-09-06 11:40:01.000000","","default","","","","DEFAULT","","","","","","","{}","{}","{}","0","{""qualification_output"":{""lead_tier"":""HOT"",""is_sales_lead"":1,""qualification_signals"":[""specific product requirement"",""budget provided"",""quality matters"",""explicit purchase intent""],""confidence"":""HIGH""}}","{""recommendation_status"":""PARTIAL_MATCH"",""recommendations"":[{""product_id"":""P002"",""product_name"":""Adjustable Standing Desk Pro"",""price"":""749.00"",""why_recommended"":""Matches the standing desk requirement and adjustable height feature. It is priced at $749, which is within the budget. However, the catalog does not confirm the requested dark walnut finish.""},{""product_id"":""P003"",""product_name"":""Adjustable Standing Desk Basic"",""price"":""449.00"",""why_recommended"":""Matches the adjustable height requirement and is well within the budget at $449. However, it does not confirm the requested dark walnut finish.""}]}","{""test_id"":""E01"",""agent"":""product_recommender""}","1000","","[]","","t-run-1788691100276","[]"
"product-recommender-run-1788693344345","run-1788693344345","","SPAN","product_recommender","2026-09-06 11:40:00.000000","2026-09-06 11:40:01.000000","","default","","","","DEFAULT","","","","","","","{}","{}","{}","0","{""qualification_output"":{""lead_tier"":""COLD"",""is_sales_lead"":1,""qualification_signals"":[""generic product inquiry""],""confidence"":""MEDIUM""}}","{""recommendation_status"":""INSUFFICIENT_INFORMATION"",""recommendations"":[]}","{""test_id"":""E02"",""agent"":""product_recommender""}","1000","","[]","","t-run-1788693344345","[]"
"product-recommender-run-1788691226856","run-1788691226856","","SPAN","product_recommender","2026-09-06 11:40:00.000000","2026-09-06 11:40:01.000000","","default","","","","DEFAULT","","","","","","","{}","{}","{}","0","{""qualification_output"":{""lead_tier"":""HOT"",""is_sales_lead"":1,""qualification_signals"":[""specific product requirement"",""budget provided"",""works from home full-time"",""adjustable height"",""dark walnut finish""],""confidence"":""HIGH""}}","{""recommendation_status"":""PARTIAL_MATCH"",""recommendations"":[{""product_id"":""P002"",""product_name"":""Adjustable Standing Desk Pro"",""price"":""$749.00"",""why_recommended"":""Matches the standing desk requirement and adjustable height feature. It is within budget and has a quality electric mechanism. The catalog does not confirm the requested dark walnut finish.""},{""product_id"":""P003"",""product_name"":""Adjustable Standing Desk Basic"",""price"":""$449.00"",""why_recommended"":""Matches the standing desk requirement and adjustable height feature. It is within budget and has a reliable manual mechanism. However, it does not confirm the requested dark walnut finish.""},{""product_id"":""P020"",""product_name"":""Sit-Stand Desk Converter"",""price"":""$279.00"",""why_recommended"":""Matches the standing desk requirement and is adjustable in height. It is within budget and available in stock. However, it does not provide dark walnut finish and is a converter rather than a full desk.""}]}","{""test_id"":""E01"",""agent"":""product_recommender""}","1000","","[]","","t-run-1788691226856","[]"
"product-recommender-run-1788691791557","run-1788691791557","","SPAN","product_recommender","2026-09-06 11:40:00.000000","2026-09-06 11:40:01.000000","","default","","","","DEFAULT","","","","","","","{}","{}","{}","0","{""qualification_output"":{""lead_tier"":""HOT"",""is_sales_lead"":1,""qualification_signals"":[""specific product requirement"",""budget provided"",""quality matters"",""works from home full-time""],""confidence"":""HIGH""}}","{""recommendation_status"":""PARTIAL_MATCH"",""recommendations"":[{""product_id"":""P002"",""product_name"":""Adjustable Standing Desk Pro"",""price"":""$749.00"",""why_recommended"":""Matches the standing desk requirement and adjustable height feature. It is within the budget of $800, but does not explicitly confirm the requested dark walnut finish.""},{""product_id"":""P003"",""product_name"":""Adjustable Standing Desk Basic"",""price"":""$449.00"",""why_recommended"":""Matches the standing desk requirement and adjustable height feature. It is within the budget of $800, but does not explicitly confirm the requested dark walnut finish.""},{""product_id"":""P020"",""product_name"":""Sit-Stand Desk Converter"",""price"":""$279.00"",""why_recommended"":""This is a standing desk option that is within budget and offers adjustable height functionality, but it requires an existing desk to convert, and does not confirm the dark walnut finish.""}]}","{""test_id"":""E01"",""agent"":""product_recommender""}","1000","","[]","","t-run-1788691791557","[]"
"product-recommender-run-1788693318214","run-1788693318214","","SPAN","product_recommender","2026-09-06 11:40:00.000000","2026-09-06 11:40:01.000000","","default","","","","DEFAULT","","","","","","","{}","{}","{}","0","{""qualification_output"":{""lead_tier"":""HOT"",""is_sales_lead"":1,""qualification_signals"":[""specific product requirement"",""budget provided"",""quality matters""],""confidence"":""HIGH""}}","{""recommendation_status"":""PARTIAL_MATCH"",""recommendations"":[{""product_id"":""P002"",""product_name"":""Adjustable Standing Desk Pro"",""price"":""749.00"",""why_recommended"":""Matches the standing desk requirement and adjustable height. It fits within the $800 budget. However, it does not confirm the requested dark walnut finish.""},{""product_id"":""P003"",""product_name"":""Adjustable Standing Desk Basic"",""price"":""449.00"",""why_recommended"":""Matches the standing desk requirement and adjustable height. It also fits within the $800 budget. However, it does not confirm the requested dark walnut finish.""}]}","{""test_id"":""E01"",""agent"":""product_recommender""}","1000","","[]","","t-run-1788693318214","[]"
"product-recommender-run-1788692076800","run-1788692076800","","SPAN","product_recommender","2026-09-06 11:40:00.000000","2026-09-06 11:40:01.000000","","default","","","","DEFAULT","","","","","","","{}","{}","{}","0","{""qualification_output"":{""lead_tier"":""HOT"",""is_sales_lead"":1,""qualification_signals"":[""clear product requirement"",""budget provided"",""specific finish requirement"",""adjustable height request"",""quality matters"",""home office usage""],""confidence"":""HIGH""}}","{""recommendation_status"":""PARTIAL_MATCH"",""recommendations"":[{""product_id"":""P002"",""product_name"":""Adjustable Standing Desk Pro"",""price"":""$749.00"",""why_recommended"":""Matches the standing desk requirement, adjustable height feature, and falls within the budget. However, the catalog does not confirm the requested dark walnut finish.""},{""product_id"":""P003"",""product_name"":""Adjustable Standing Desk Basic"",""price"":""$449.00"",""why_recommended"":""Matches the standing desk requirement and adjustable height feature, and is within budget. However, it does not meet the dark walnut finish requirement and only specifies available colors as white and black.""}]}","{""test_id"":""E01"",""agent"":""product_recommender""}","1000","","[]","","t-run-1788692076800","[]"
"product-recommender-run-1788690695697","run-1788690695697","","SPAN","product_recommender","2026-09-06 11:40:00.000000","2026-09-06 11:40:01.000000","","default","","","","DEFAULT","","","","","","","{}","{}","{}","0","{""qualification_output"":{""lead_tier"":""HOT"",""is_sales_lead"":1,""qualification_signals"":[""specific product requirement"",""budget provided"",""quality matters"",""works from home full-time""],""confidence"":""HIGH""}}","{""recommendation_status"":""PARTIAL_MATCH"",""recommendations"":[{""product_id"":""P002"",""product_name"":""Adjustable Standing Desk Pro"",""price"":""$749.00"",""why_recommended"":""Matches the standing desk requirement and adjustable height feature. It is within the budget of under $800. However, it does not explicitly confirm the requested dark walnut finish.""},{""product_id"":""P003"",""product_name"":""Adjustable Standing Desk Basic"",""price"":""$449.00"",""why_recommended"":""Matches the standing desk requirement and adjustable height feature, and it is well within budget. However, it does not confirm the dark walnut finish and is made of MDF.""}]}","{""test_id"":""E01"",""agent"":""product_recommender""}","1000","","[]","","t-run-1788690695697","[]"
"product-recommender-run-1788692676379","run-1788692676379","","SPAN","product_recommender","2026-09-06 11:40:00.000000","2026-09-06 11:40:01.000000","","default","","","","DEFAULT","","","","","","","{}","{}","{}","0","{""qualification_output"":{""lead_tier"":""HOT"",""is_sales_lead"":1,""qualification_signals"":[""specific product requirement"",""budget provided"",""quality matters"",""home office setup"",""adjustable height""],""confidence"":""HIGH""}}","{""recommendation_status"":""PARTIAL_MATCH"",""recommendations"":[{""product_id"":""P002"",""product_name"":""Adjustable Standing Desk Pro"",""price"":""$749.00"",""why_recommended"":""Matches the standing desk requirement, adjustable height feature, and is within the $800 budget. The catalog does not confirm the requested dark walnut finish.""},{""product_id"":""P003"",""product_name"":""Adjustable Standing Desk Basic"",""price"":""$449.00"",""why_recommended"":""Matches the standing desk requirement and adjustable height feature, is priced within budget. The catalog does not confirm the requested dark walnut finish and is manual rather than electric.""}]}","{""test_id"":""E01"",""agent"":""product_recommender""}","1000","","[]","","t-run-1788692676379","[]"
"product-recommender-run-1788801395772","run-1788801395772","","SPAN","product_recommender","2026-09-06 11:40:00.000000","2026-09-06 11:40:01.000000","","default","","","","DEFAULT","","","","","","","{}","{}","{}","0","{""qualification_output"":{""lead_tier"":""HOT"",""is_sales_lead"":1,""qualification_signals"":[""specific product requirement"",""budget provided""],""confidence"":""HIGH""}}","{""recommendation_status"":""PARTIAL_MATCH"",""recommendations"":[{""product_id"":""P002"",""product_name"":""Adjustable Standing Desk Pro"",""price"":""$749.00"",""why_recommended"":""Matches the standing desk requirement and adjustable height. The price is within budget at $749. However, the finish is not specified as dark walnut.""},{""product_id"":""P003"",""product_name"":""Adjustable Standing Desk Basic"",""price"":""$449.00"",""why_recommended"":""Matches the standing desk requirement and adjustable height. Price is also within budget at $449, but lacks information on the desired dark walnut finish.""}]}","{""test_id"":""E01"",""agent"":""product_recommender""}","1000","","[]","","t-run-1788801395772","[]"
"product-recommender-run-1788802318574","run-1788802318574","","SPAN","product_recommender","2026-09-06 11:40:00.000000","2026-09-06 11:40:01.000000","","default","","","","DEFAULT","","","","","","","{}","{}","{}","0","{""qualification_output"":{""lead_tier"":""HOT"",""is_sales_lead"":1,""qualification_signals"":[""specific product requirement"",""budget provided"",""quality matters""],""confidence"":""HIGH""}}","{""recommendation_status"":""PARTIAL_MATCH"",""recommendations"":[{""product_id"":""P002"",""product_name"":""Adjustable Standing Desk Pro"",""price"":""$749.00"",""why_recommended"":""Matches the standing desk requirement and adjustable height. It is within the $800 budget, but the finish requested (dark walnut) is not confirmed.""},{""product_id"":""P003"",""product_name"":""Adjustable Standing Desk Basic"",""price"":""$449.00"",""why_recommended"":""Matches the standing desk requirement and adjustable height. It is within the $800 budget, but the finish requested (dark walnut) is not confirmed.""}]}","{""test_id"":""E01"",""agent"":""product_recommender""}","1000","","[]","","t-run-1788802318574","[]"
"product-recommender-run-1788697922818","run-1788697922818","","SPAN","product_recommender","2026-09-06 11:40:00.000000","2026-09-06 11:40:01.000000","","default","","","","DEFAULT","","","","","","","{}","{}","{}","0","{""qualification_output"":{""lead_tier"":""HOT"",""is_sales_lead"":1,""qualification_signals"":[""specific product requirement"",""budget provided"",""quantity provided"",""urgent delivery deadline"",""product options inquiry""],""confidence"":""HIGH""}}","{""recommendation_status"":""MATCH_FOUND"",""recommendations"":[{""product_id"":""P007"",""product_name"":""Ergonomic Task Chair"",""price"":""$299.00"",""why_recommended"":""Matches the ergonomic office chair requirement, is in stock, and comes under budget. Offers adjustable lumbar support and height.""},{""product_id"":""P006"",""product_name"":""Ergonomic Pro Chair"",""price"":""$449.00"",""why_recommended"":""Aligns with the ergonomic office chair need, available in stock, and includes a 12-year warranty. Features like adjustable armrests are included.""},{""product_id"":""P008"",""product_name"":""Executive Leather Chair"",""price"":""$599.00"",""why_recommended"":""Fits the ergonomic chair category with luxurious materials and features. It is available in stock but on the higher price side.""}]}","{""test_id"":""E03"",""agent"":""product_recommender""}","1000","","[]","","t-run-1788697922818","[]"
"product-recommender-run-1788694915791","run-1788694915791","","SPAN","product_recommender","2026-09-06 11:40:00.000000","2026-09-06 11:40:01.000000","","default","","","","DEFAULT","","","","","","","{}","{}","{}","0","{""qualification_output"":{""lead_tier"":""WARM"",""is_sales_lead"":1,""qualification_signals"":[""specific product requirement"",""budget provided"",""product options inquiry""],""confidence"":""HIGH""}}","{""recommendation_status"":""PARTIAL_MATCH"",""recommendations"":[{""product_id"":""P002"",""product_name"":""Adjustable Standing Desk Pro"",""price"":""749.00"",""why_recommended"":""Matches the standing desk requirement, adjustable height, and falls within the $800 budget. However, the catalog does not confirm the requested dark walnut finish.""},{""product_id"":""P003"",""product_name"":""Adjustable Standing Desk Basic"",""price"":""449.00"",""why_recommended"":""Matches the standing desk requirement and adjustable height. Also within budget, but lacks the dark walnut finish and does not confirm quality.""}]}","{""test_id"":""E01"",""agent"":""product_recommender""}","1000","","[]","","t-run-1788694915791","[]"
"product-recommender-run-1788696141667","run-1788696141667","","SPAN","product_recommender","2026-09-06 11:40:00.000000","2026-09-06 11:40:01.000000","","default","","","","DEFAULT","","","","","","","{}","{}","{}","0","{""qualification_output"":{""lead_tier"":""HOT"",""is_sales_lead"":1,""qualification_signals"":[""specific product requirement"",""budget provided""],""confidence"":""HIGH""}}","{""recommendation_status"":""PARTIAL_MATCH"",""recommendations"":[{""product_id"":""P002"",""product_name"":""Adjustable Standing Desk Pro"",""price"":""$749.00"",""why_recommended"":""This desk is electric height-adjustable with memory presets, which satisfies the adjustable height requirement. However, it does not confirm the requested dark walnut finish.""},{""product_id"":""P003"",""product_name"":""Adjustable Standing Desk Basic"",""price"":""$449.00"",""why_recommended"":""This is a manual crank height-adjustable desk that meets the adjustable height requirement and is within the budget. However, it is not confirmed to be available in dark walnut.""}]}","{""test_id"":""E01"",""agent"":""product_recommender""}","1000","","[]","","t-run-1788696141667","[]"
"product-recommender-run-1788695234468","run-1788695234468","","SPAN","product_recommender","2026-09-06 11:40:00.000000","2026-09-06 11:40:01.000000","","default","","","","DEFAULT","","","","","","","{}","{}","{}","0","{""qualification_output"":{""lead_tier"":""HOT"",""is_sales_lead"":1,""qualification_signals"":[""specific product requirement"",""budget provided""],""confidence"":""HIGH""}}","{""recommendation_status"":""PARTIAL_MATCH"",""recommendations"":[{""product_id"":""P002"",""product_name"":""Adjustable Standing Desk Pro"",""price"":""$749.00"",""why_recommended"":""Matches the standing desk requirement and adjustable height feature. It is electric with dual motors for smooth transitions, suitable for home office use but the catalog does not confirm the requested dark walnut finish.""},{""product_id"":""P003"",""product_name"":""Adjustable Standing Desk Basic"",""price"":""$449.00"",""why_recommended"":""Matches the standing desk requirement and adjustable height feature. It is a manual crank desk, suitable for home office use, but the finish is not confirmed and the requested dark walnut finish is also not available.""}]}","{""test_id"":""E01"",""agent"":""product_recommender""}","1000","","[]","","t-run-1788695234468","[]"
"product-recommender-run-1788698594993","run-1788698594993","","SPAN","product_recommender","2026-09-06 11:40:00.000000","2026-09-06 11:40:01.000000","","default","","","","DEFAULT","","","","","","","{}","{}","{}","0","{""qualification_output"":{""lead_tier"":""HOT"",""is_sales_lead"":1,""qualification_signals"":[""specific product requirement"",""budget provided"",""quantity provided"",""urgent delivery deadline"",""product options inquiry""],""confidence"":""HIGH""}}","{""recommendation_status"":""MATCH_FOUND"",""recommendations"":[{""product_id"":""P007"",""product_name"":""Ergonomic Task Chair"",""price"":""$299.00"",""why_recommended"":""Matches the ergonomic office chair requirement, and is In Stock with pricing available.""},{""product_id"":""P006"",""product_name"":""Ergonomic Pro Chair"",""price"":""$449.00"",""why_recommended"":""Matches the ergonomic office chair requirement, and is In Stock with pricing available.""},{""product_id"":""P008"",""product_name"":""Executive Leather Chair"",""price"":""$599.00"",""why_recommended"":""Matches the ergonomic office chair requirement, and is In Stock with pricing available.""}]}","{""test_id"":""E03"",""agent"":""product_recommender""}","1000","","[]","","t-run-1788698594993","[]"
"product-recommender-run-1788698901384","run-1788698901384","","SPAN","product_recommender","2026-09-06 11:40:00.000000","2026-09-06 11:40:01.000000","","default","","","","DEFAULT","","","","","","","{}","{}","{}","0","{""qualification_output"":{""lead_tier"":""HOT"",""is_sales_lead"":1,""qualification_signals"":[""specific product requirement"",""budget provided"",""quantity provided"",""urgent delivery deadline"",""explicit purchase intent"",""product options inquiry""],""confidence"":""HIGH""}}","{""recommendation_status"":""PARTIAL_MATCH"",""recommendations"":[{""product_id"":""P006"",""product_name"":""Ergonomic Pro Chair"",""price"":""$449.00"",""why_recommended"":""Matches the primary requirement of an ergonomic office chair and is in stock. Fits within budget constraints with a per chair price of $449.""},{""product_id"":""P007"",""product_name"":""Ergonomic Task Chair"",""price"":""$299.00"",""why_recommended"":""Also matches the ergonomic requirement and is available in stock. The price per chair is $299, well within the budget.""},{""product_id"":""P008"",""product_name"":""Executive Leather Chair"",""price"":""$599.00"",""why_recommended"":""This product meets the ergonomic office chair requirement and is available in stock. The price per chair is $599.""}]}","{""test_id"":""E03"",""agent"":""product_recommender""}","1000","","[]","","t-run-1788698901384","[]"
"product-recommender-run-1788696296445","run-1788696296445","","SPAN","product_recommender","2026-09-06 11:40:00.000000","2026-09-06 11:40:01.000000","","default","","","","DEFAULT","","","","","","","{}","{}","{}","0","{""qualification_output"":{""lead_tier"":""HOT"",""is_sales_lead"":1,""qualification_signals"":[""specific product requirement"",""budget provided"",""requirements indicate specific needs""],""confidence"":""HIGH""}}","{""recommendation_status"":""PARTIAL_MATCH"",""recommendations"":[{""product_id"":""P002"",""product_name"":""Adjustable Standing Desk Pro"",""price"":""$749.00"",""why_recommended"":""Matches the standing desk requirement, adjustable height, and fits within the $800 budget. However, the catalog does not confirm the requested dark walnut finish.""},{""product_id"":""P003"",""product_name"":""Adjustable Standing Desk Basic"",""price"":""$449.00"",""why_recommended"":""Also meets the requirement for an adjustable standing desk and is within budget. However, the finish is not specified as dark walnut.""}]}","{""test_id"":""E01"",""agent"":""product_recommender""}","1000","","[]","","t-run-1788696296445","[]"
"product-recommender-run-1788696748604","run-1788696748604","","SPAN","product_recommender","2026-09-06 11:40:00.000000","2026-09-06 11:40:01.000000","","default","","","","DEFAULT","","","","","","","{}","{}","{}","0","{""qualification_output"":{""lead_tier"":""HOT"",""is_sales_lead"":1,""qualification_signals"":[""specific product requirement"",""budget provided""],""confidence"":""HIGH""}}","{""recommendation_status"":""PARTIAL_MATCH"",""recommendations"":[{""product_id"":""P002"",""product_name"":""Adjustable Standing Desk Pro"",""price"":""$749.00"",""why_recommended"":""This electric height-adjustable desk matches the adjustable height requirement and is suitable for home office use. However, it does not meet the dark walnut finish requirement.""},{""product_id"":""P003"",""product_name"":""Adjustable Standing Desk Basic"",""price"":""$449.00"",""why_recommended"":""This manual crank height-adjustable desk is a cost-effective option for home office use but lacks the dark walnut finish requirement.""},{""product_id"":""P020"",""product_name"":""Sit-Stand Desk Converter"",""price"":""$279.00"",""why_recommended"":""This desk converter is adjustable in height and suitable for home office use. However, it does not meet the dark walnut finish requirement and is a different type of product compared to a full standing desk.""}]}","{""test_id"":""E01"",""agent"":""product_recommender""}","1000","","[]","","t-run-1788696748604","[]"
"product-recommender-run-1788697892887","run-1788697892887","","SPAN","product_recommender","2026-09-06 11:40:00.000000","2026-09-06 11:40:01.000000","","default","","","","DEFAULT","","","","","","","{}","{}","{}","0","{""qualification_output"":{""lead_tier"":""HOT"",""is_sales_lead"":1,""qualification_signals"":[""specific product requirement"",""budget provided""],""confidence"":""HIGH""}}","{""recommendation_status"":""PARTIAL_MATCH"",""recommendations"":[{""product_id"":""P002"",""product_name"":""Adjustable Standing Desk Pro"",""price"":""$749.00"",""why_recommended"":""Matches the standing desk requirement, adjustable height feature, and fits within the budget of under $800. However, the dark walnut finish is not confirmed as it mentions a bamboo top.""},{""product_id"":""P003"",""product_name"":""Adjustable Standing Desk Basic"",""price"":""$449.00"",""why_recommended"":""Also matches the standing desk requirement and adjustable height feature while being within budget. Yet, it does not confirm the dark walnut finish, only available in white and black.""},{""product_id"":""P020"",""product_name"":""Sit-Stand Desk Converter"",""price"":""$279.00"",""why_recommended"":""This converter allows for adjustable height and is within budget, but it does not meet the primary standing desk requirement as it functions as an accessory to an existing desk, and the finish is not specified.""}]}","{""test_id"":""E01"",""agent"":""product_recommender""}","1000","","[]","","t-run-1788697892887","[]"
"product-recommender-run-1788875006864","run-1788875006864","","SPAN","product_recommender","2026-09-06 11:40:00.000000","2026-09-06 11:40:01.000000","","default","","","","DEFAULT","","","","","","","{}","{}","{}","0","{""qualification_output"":{""lead_tier"":""HOT"",""is_sales_lead"":1,""qualification_signals"":[""specific product requirement"",""budget provided""],""confidence"":""HIGH""}}","{""recommendation_status"":""PARTIAL_MATCH"",""recommendations"":[{""product_id"":""P002"",""product_name"":""Adjustable Standing Desk Pro"",""price"":""$749.00"",""why_recommended"":""Matches the standing desk requirement, adjustable height, and is under $800. However, the finish is not confirmed as dark walnut.""},{""product_id"":""P003"",""product_name"":""Adjustable Standing Desk Basic"",""price"":""$449.00"",""why_recommended"":""Matches the standing desk requirement, adjustable height, and is under $800, but has a manual crank instead of electric adjustment. The finish is not confirmed as dark walnut.""}]}","{""test_id"":""E01"",""agent"":""product_recommender""}","1000","","[]","","t-run-1788875006864","[]"
"product-recommender-run-1788705308120","run-1788705308120","","SPAN","product_recommender","2026-09-06 11:40:00.000000","2026-09-06 11:40:01.000000","","default","","","","DEFAULT","","","","","","","{}","{}","{}","0","{""qualification_output"":{""lead_tier"":""HOT"",""is_sales_lead"":1,""qualification_signals"":[""specific product requirement"",""budget provided""],""confidence"":""HIGH""}}","{""recommendation_status"":""PARTIAL_MATCH"",""recommendations"":[{""product_id"":""P002"",""product_name"":""Adjustable Standing Desk Pro"",""price"":""$749.00"",""why_recommended"":""Matches the standing desk requirement, adjustable height feature, and fits within the $800 budget. However, the catalog does not confirm the requested dark walnut finish.""},{""product_id"":""P003"",""product_name"":""Adjustable Standing Desk Basic"",""price"":""$449.00"",""why_recommended"":""Fits the adjustable height requirement and budget. However, it does not match the dark walnut finish and is a manual crank adjustment.""}]}","{""test_id"":""E01"",""agent"":""product_recommender""}","1000","","[]","","t-run-1788705308120","[]"
"product-recommender-run-1788701216468","run-1788701216468","","SPAN","product_recommender","2026-09-06 11:40:00.000000","2026-09-06 11:40:01.000000","","default","","","","DEFAULT","","","","","","","{}","{}","{}","0","{""qualification_output"":{""lead_tier"":""HOT"",""is_sales_lead"":1,""qualification_signals"":[""specific product requirement"",""budget provided"",""quantity provided"",""urgent delivery deadline"",""pricing request"",""availability inquiry""],""confidence"":""HIGH""}}","{""recommendation_status"":""PARTIAL_MATCH"",""recommendations"":[{""product_id"":""P006"",""product_name"":""Ergonomic Pro Chair"",""price"":""$449.00"",""why_recommended"":""Matches the ergonomic chair requirement and is within the budget of $500 per chair. Available in stock with options for delivery by the end of the month. Total for 10 chairs would be $4,490, which is under the budget.""},{""product_id"":""P007"",""product_name"":""Ergonomic Task Chair"",""price"":""$299.00"",""why_recommended"":""Suitable ergonomic chair option available at $299. This option allows for purchasing 10 chairs at a total of $2,990, staying well under the $5,000 budget. Available for delivery by the end of the month.""},{""product_id"":""P008"",""product_name"":""Executive Leather Chair"",""price"":""$599.00"",""why_recommended"":""This premium option available at $599 per chair meets the ergonomic requirement, totaling $5,990 for 10 chairs, which exceeds the budget.""}]}","{""test_id"":""E03"",""agent"":""product_recommender""}","1000","","[]","","t-run-1788701216468","[]"
"product-recommender-run-1788709061993","run-1788709061993","","SPAN","product_recommender","2026-09-06 11:40:00.000000","2026-09-06 11:40:01.000000","","default","","","","DEFAULT","","","","","","","{}","{}","{}","0","{""qualification_output"":{""lead_tier"":""HOT"",""is_sales_lead"":1,""qualification_signals"":[""specific product requirement"",""quantity provided"",""bulk purchase"",""product comparison""],""confidence"":""HIGH""}}","{""recommendation_status"":""PARTIAL_MATCH"",""recommendations"":[{""product_id"":""P002"",""product_name"":""Adjustable Standing Desk Pro"",""price"":""$749.00"",""why_recommended"":""Matches the standing desk requirement with electric height-adjustability, which could be compared to IKEA's BEKANT series. However, the catalog does not confirm bulk pricing for 15+ units.""},{""product_id"":""P003"",""product_name"":""Adjustable Standing Desk Basic"",""price"":""$449.00"",""why_recommended"":""Also fits the standing desk requirement with manual height-adjustment. Unable to confirm if it can be compared with IKEA's BEKANT series or details on bulk discounts.""},{""product_id"":""P020"",""product_name"":""Sit-Stand Desk Converter"",""price"":""$279.00"",""why_recommended"":""Provides a converter option for existing desks to be turned into standing desks. This may offer a different approach but lacks confirmation for bulk purchasing and comparison with the BEKANT series.""}]}","{""test_id"":""E05"",""agent"":""product_recommender""}","1000","","[]","","t-run-1788709061993","[]"
"product-recommender-run-1788709010665","run-1788709010665","","SPAN","product_recommender","2026-09-06 11:40:00.000000","2026-09-06 11:40:01.000000","","default","","","","DEFAULT","","","","","","","{}","{}","{}","0","{""qualification_output"":{""lead_tier"":""WARM"",""is_sales_lead"":1,""qualification_signals"":[""specific product requirement"",""product options inquiry""],""confidence"":""MEDIUM""}}","{""recommendation_status"":""MATCH_FOUND"",""recommendations"":[{""product_id"":""P004"",""product_name"":""Oak Executive Desk"",""price"":""899.00"",""why_recommended"":""Matches the request for an Oak Executive Desk, available in Natural Oak and Dark Walnut finishes. The budget and other requirements are unspecified.""}]}","{""test_id"":""E04"",""agent"":""product_recommender""}","1000","","[]","","t-run-1788709010665","[]"
"product-recommender-run-1788708977555","run-1788708977555","","SPAN","product_recommender","2026-09-06 11:40:00.000000","2026-09-06 11:40:01.000000","","default","","","","DEFAULT","","","","","","","{}","{}","{}","0","{""qualification_output"":{""lead_tier"":""HOT"",""is_sales_lead"":1,""qualification_signals"":[""specific product requirement"",""budget provided"",""quantity provided"",""urgent delivery deadline"",""pricing request"",""availability inquiry""],""confidence"":""HIGH""}}","{""recommendation_status"":""PARTIAL_MATCH"",""recommendations"":[{""product_id"":""P006"",""product_name"":""Ergonomic Pro Chair"",""price"":""$449.00"",""why_recommended"":""Matches the ergonomic office chair requirement and is in stock. The price is within budget per chair. However, not all options meet the requested price of $500 per chair.""},{""product_id"":""P007"",""product_name"":""Ergonomic Task Chair"",""price"":""$299.00"",""why_recommended"":""Also matches the ergonomic chair requirement and is available. Price is within the budget per chair, but may need more quantity to reach estimated total.""},{""product_id"":""P008"",""product_name"":""Executive Leather Chair"",""price"":""$599.00"",""why_recommended"":""Matches the ergonomic chair need and is available. Price exceeds estimated budget per chair, which may need consideration based on total budget.""}]}","{""test_id"":""E03"",""agent"":""product_recommender""}","1000","","[]","","t-run-1788708977555","[]"
"product-recommender-run-1788708935735","run-1788708935735","","SPAN","product_recommender","2026-09-06 11:40:00.000000","2026-09-06 11:40:01.000000","","default","","","","DEFAULT","","","","","","","{}","{}","{}","0","{""qualification_output"":{""lead_tier"":""HOT"",""is_sales_lead"":1,""qualification_signals"":[""specific product requirement"",""budget provided""],""confidence"":""HIGH""}}","{""recommendation_status"":""PARTIAL_MATCH"",""recommendations"":[{""product_id"":""P002"",""product_name"":""Adjustable Standing Desk Pro"",""price"":""$749.00"",""why_recommended"":""Matches the standing desk requirement, adjustable height, and is within the budget of $800. The finish (dark walnut) is not confirmed in the catalog.""},{""product_id"":""P003"",""product_name"":""Adjustable Standing Desk Basic"",""price"":""$449.00"",""why_recommended"":""Matches the standing desk requirement and adjustable height. It is within budget but lacks confirmation on finish and is manual crank instead of electric.""}]}","{""test_id"":""E01"",""agent"":""product_recommender""}","1000","","[]","","t-run-1788708935735","[]"
"product-recommender-run-1788707694401","run-1788707694401","","SPAN","product_recommender","2026-09-06 11:40:00.000000","2026-09-06 11:40:01.000000","","default","","","","DEFAULT","","","","","","","{}","{}","{}","0","{""qualification_output"":{""lead_tier"":""HOT"",""is_sales_lead"":1,""qualification_signals"":[""specific product requirement"",""budget provided"",""quantity provided"",""price-match request"",""explicit purchase intent""],""confidence"":""HIGH""}}","{""recommendation_status"":""PARTIAL_MATCH"",""recommendations"":[{""product_id"":""P006"",""product_name"":""Ergonomic Pro Chair"",""price"":""$449.00"",""why_recommended"":""Matches the Ergonomic Pro Chair requirement. Price is $449, but the requirement to match the price with HermanMiller could not be confirmed.""},{""product_id"":""P007"",""product_name"":""Ergonomic Task Chair"",""price"":""$299.00"",""why_recommended"":""An ergonomic chair option with a lower price of $299, but does not meet the specific requirement for the Ergonomic Pro Chair.""},{""product_id"":""P008"",""product_name"":""Executive Leather Chair"",""price"":""$599.00"",""why_recommended"":""A premium chair option with features but exceeds the specified price for the Ergonomic Pro Chair.""}]}","{""test_id"":""E15"",""agent"":""product_recommender""}","1000","","[]","","t-run-1788707694401","[]"
"product-recommender-run-1788707665096","run-1788707665096","","SPAN","product_recommender","2026-09-06 11:40:00.000000","2026-09-06 11:40:01.000000","","default","","","","DEFAULT","","","","","","","{}","{}","{}","0","{""qualification_output"":{""lead_tier"":""HOT"",""is_sales_lead"":1,""qualification_signals"":[""specific product requirement"",""budget provided"",""quantity provided"",""delivery timeline provided""],""confidence"":""HIGH""}}","{""recommendation_status"":""PARTIAL_MATCH"",""recommendations"":[{""product_id"":""P004"",""product_name"":""Oak Executive Desk"",""price"":""$899.00"",""why_recommended"":""Matches the desk requirement with solid oak material and in-stock availability. The catalog does not confirm volume pricing or delivery coordination.""},{""product_id"":""P005"",""product_name"":""Compact Home Office Desk"",""price"":""$349.00"",""why_recommended"":""Matches the desk requirement and is available in stock, but does not confirm volume pricing or delivery coordination.""},{""product_id"":""P009"",""product_name"":""Basic Office Chair"",""price"":""$149.00"",""why_recommended"":""Matches the chair requirement and is available in stock, but does not confirm volume pricing or delivery coordination.""}]}","{""test_id"":""E14"",""agent"":""product_recommender""}","1000","","[]","","t-run-1788707665096","[]"
"product-recommender-run-1788707624912","run-1788707624912","","SPAN","product_recommender","2026-09-06 11:40:00.000000","2026-09-06 11:40:01.000000","","default","","","","DEFAULT","","","","","","","{}","{}","{}","0","{""qualification_output"":{""lead_tier"":""HOT"",""is_sales_lead"":1,""qualification_signals"":[""specific product requirement"",""budget provided"",""quantity provided"",""urgent delivery timeline""],""confidence"":""HIGH""}}","{""recommendation_status"":""PARTIAL_MATCH"",""recommendations"":[{""product_id"":""P003"",""product_name"":""Adjustable Standing Desk Basic"",""price"":""$449.00"",""why_recommended"":""Matches the adjustable standing desk requirement and is within the budget of $700. However, only two units can be purchased within budget since the total budget for 30 desks is $21,000.""},{""product_id"":""P007"",""product_name"":""Ergonomic Task Chair"",""price"":""$299.00"",""why_recommended"":""Matches the ergonomic task chair requirement and is within the budget of $400, but only 30 units can be purchased within the total budget of $12,000.""},{""product_id"":""P012"",""product_name"":""Huddle Room Table"",""price"":""$549.00"",""why_recommended"":""Matches the requirement for small meeting tables and is within the $600 budget, but only five units can be purchased within the total budget of $2,745.""}]}","{""test_id"":""E11"",""agent"":""product_recommender""}","1000","","[]","","t-run-1788707624912","[]"
"product-recommender-run-1788707595640","run-1788707595640","","SPAN","product_recommender","2026-09-06 11:40:00.000000","2026-09-06 11:40:01.000000","","default","","","","DEFAULT","","","","","","","{}","{}","{}","0","{""qualification_output"":{""lead_tier"":""WARM"",""is_sales_lead"":1,""qualification_signals"":[""specific product requirement"",""availability inquiry""],""confidence"":""MEDIUM""}}","{""recommendation_status"":""PARTIAL_MATCH"",""recommendations"":[{""product_id"":""P001"",""product_name"":""Walnut Executive Desk"",""price"":""1299.00"",""why_recommended"":""Matches the primary requirement for a Walnut Executive Desk but is listed as out of stock. The expected availability date is not provided.""},{""product_id"":""P004"",""product_name"":""Oak Executive Desk"",""price"":""899.00"",""why_recommended"":""This Oak Executive Desk is a relevant alternative that is in stock. However, it does not meet the walnut material requirement.""}]}","{""test_id"":""E10"",""agent"":""product_recommender""}","1000","","[]","","t-run-1788707595640","[]"
"product-recommender-run-1788707560356","run-1788707560356","","SPAN","product_recommender","2026-09-06 11:40:00.000000","2026-09-06 11:40:01.000000","","default","","","","DEFAULT","","","","","","","{}","{}","{}","0","{""qualification_output"":{""lead_tier"":""WARM"",""is_sales_lead"":1,""qualification_signals"":[""specific product requirement"",""budget provided""],""confidence"":""HIGH""}}","{""recommendation_status"":""PARTIAL_MATCH"",""recommendations"":[{""product_id"":""P011"",""product_name"":""Conference Table 12-Person"",""price"":""$2499.00"",""why_recommended"":""This conference table seats 12 people comfortably, making it suitable for your requirements. It is designed for a boardroom setting with a premium finish and has integrated power outlets. However, the durability aspect for daily use is not explicitly confirmed in the catalog.""},{""product_id"":""P010"",""product_name"":""Conference Table 8-Person"",""price"":""$1499.00"",""why_recommended"":""This option fits your budget and offers a modern design with cable management, accommodating up to 8 people. It has a scratch-resistant surface suitable for daily use, but it does not meet the seating requirement of 12 people.""}]}","{""test_id"":""E08"",""agent"":""product_recommender""}","1000","","[]","","t-run-1788707560356","[]"
"product-recommender-run-1788707531278","run-1788707531278","","SPAN","product_recommender","2026-09-06 11:40:00.000000","2026-09-06 11:40:01.000000","","default","","","","DEFAULT","","","","","","","{}","{}","{}","0","{""qualification_output"":{""lead_tier"":""WARM"",""is_sales_lead"":1,""qualification_signals"":[""specific product requirement"",""budget provided""],""confidence"":""MEDIUM""}}","{""recommendation_status"":""MATCH_FOUND"",""recommendations"":[{""product_id"":""P015"",""product_name"":""Desk Organizer Set"",""price"":""39.00"",""why_recommended"":""Matches the desk accessory requirement and is within the budget of $40-50. Available in stock.""}]}","{""test_id"":""E06"",""agent"":""product_recommender""}","1000","","[]","","t-run-1788707531278","[]"
"product-recommender-run-1788709194007","run-1788709194007","","SPAN","product_recommender","2026-09-06 11:40:00.000000","2026-09-06 11:40:01.000000","","default","","","","DEFAULT","","","","","","","{}","{}","{}","0","{""qualification_output"":{""lead_tier"":""HOT"",""is_sales_lead"":1,""qualification_signals"":[""specific product requirement"",""budget provided""],""confidence"":""HIGH""}}","{""recommendation_status"":""PARTIAL_MATCH"",""recommendations"":[{""product_id"":""P011"",""product_name"":""Conference Table 12-Person"",""price"":""$2499.00"",""why_recommended"":""Matches the requirement for a conference table that seats 12 people comfortably, looks professional, and is durable for daily use. It is also within the stated budget. However, the catalog does not specify additional details on durability.""}]}","{""test_id"":""E08"",""agent"":""product_recommender""}","1000","","[]","","t-run-1788709194007","[]"
"product-recommender-run-1788707468646","run-1788707468646","","SPAN","product_recommender","2026-09-06 11:40:00.000000","2026-09-06 11:40:01.000000","","default","","","","DEFAULT","","","","","","","{}","{}","{}","0","{""qualification_output"":{""lead_tier"":""WARM"",""is_sales_lead"":1,""qualification_signals"":[""specific product requirement"",""product options inquiry""],""confidence"":""MEDIUM""}}","{""recommendation_status"":""PARTIAL_MATCH"",""recommendations"":[{""product_id"":""P004"",""product_name"":""Oak Executive Desk"",""price"":""$899.00"",""why_recommended"":""Matches the Oak Executive Desk requirement and is available in Natural Oak and Dark Walnut finishes. However, the customer specified 'color options' without a detailed preference.""}]}","{""test_id"":""E04"",""agent"":""product_recommender""}","1000","","[]","","t-run-1788707468646","[]"
"product-recommender-run-1788709130083","run-1788709130083","","SPAN","product_recommender","2026-09-06 11:40:00.000000","2026-09-06 11:40:01.000000","","default","","","","DEFAULT","","","","","","","{}","{}","{}","0","{""qualification_output"":{""lead_tier"":""WARM"",""is_sales_lead"":1,""qualification_signals"":[""specific product requirement"",""budget provided""],""confidence"":""MEDIUM""}}","{""recommendation_status"":""PARTIAL_MATCH"",""recommendations"":[{""product_id"":""P015"",""product_name"":""Desk Organizer Set"",""price"":""$39.00"",""why_recommended"":""Matches the desk accessory gift requirement and falls within the $40-50 budget. Available in stock.""}]}","{""test_id"":""E06"",""agent"":""product_recommender""}","1000","","[]","","t-run-1788709130083","[]"
"product-recommender-run-1788707398671","run-1788707398671","","SPAN","product_recommender","2026-09-06 11:40:00.000000","2026-09-06 11:40:01.000000","","default","","","","DEFAULT","","","","","","","{}","{}","{}","0","{""qualification_output"":{""lead_tier"":""HOT"",""is_sales_lead"":1,""qualification_signals"":[""specific product requirement"",""budget provided""],""confidence"":""HIGH""}}","{""recommendation_status"":""PARTIAL_MATCH"",""recommendations"":[{""product_id"":""P002"",""product_name"":""Adjustable Standing Desk Pro"",""price"":""$749.00"",""why_recommended"":""Matches the standing desk requirement and adjustable height. Priced at $749, it fits within the budget of $800. The catalog does not confirm the requested dark walnut finish.""},{""product_id"":""P003"",""product_name"":""Adjustable Standing Desk Basic"",""price"":""$449.00"",""why_recommended"":""Matches the standing desk requirement and is within budget, priced at $449. It is manually adjustable, but does not meet the specified adjustable height preference for an electric option or the dark walnut finish.""}]}","{""test_id"":""E01"",""agent"":""product_recommender""}","1000","","[]","","t-run-1788707398671","[]"
"product-recommender-run-1788705551644","run-1788705551644","","SPAN","product_recommender","2026-09-06 11:40:00.000000","2026-09-06 11:40:01.000000","","default","","","","DEFAULT","","","","","","","{}","{}","{}","0","{""qualification_output"":{""lead_tier"":""HOT"",""is_sales_lead"":1,""qualification_signals"":[""specific product requirement"",""budget provided"",""quantity provided"",""price-match request""],""confidence"":""HIGH""}}","{""recommendation_status"":""PARTIAL_MATCH"",""recommendations"":[{""product_id"":""P007"",""product_name"":""Ergonomic Task Chair"",""price"":""$299.00"",""why_recommended"":""Matches the ergonomic chair requirement and is within budget. The product is priced at $299, which allows for potential purchasing within the budget for 5 chairs. The Ergonomic Pro Chair requested is priced at $449. The catalog does not confirm the exact model of 'Ergonomic Pro Chair' as requested.""}]}","{""test_id"":""E15"",""agent"":""product_recommender""}","1000","","[]","","t-run-1788705551644","[]"
"product-recommender-run-1788705531876","run-1788705531876","","SPAN","product_recommender","2026-09-06 11:40:00.000000","2026-09-06 11:40:01.000000","","default","","","","DEFAULT","","","","","","","{}","{}","{}","0","{""qualification_output"":{""lead_tier"":""HOT"",""is_sales_lead"":1,""qualification_signals"":[""budget provided"",""urgent delivery deadline"",""volume pricing"",""delivery coordination""],""confidence"":""HIGH""}}","{""recommendation_status"":""PARTIAL_MATCH"",""recommendations"":[{""product_id"":""P004"",""product_name"":""Oak Executive Desk"",""price"":""$899.00"",""why_recommended"":""Matches the office furniture requirement and is available in stock. However, volume pricing and delivery coordination are not explicitly confirmed.""},{""product_id"":""P005"",""product_name"":""Compact Home Office Desk"",""price"":""$349.00"",""why_recommended"":""Matches the office furniture requirement and is also in stock. However, volume pricing and delivery coordination are not explicitly confirmed.""},{""product_id"":""P009"",""product_name"":""Basic Office Chair"",""price"":""$149.00"",""why_recommended"":""Fits the office furniture category and is available in stock. However, volume pricing and delivery coordination are not explicitly confirmed.""}]}","{""test_id"":""E14"",""agent"":""product_recommender""}","1000","","[]","","t-run-1788705531876","[]"
"product-recommender-run-1788705491256","run-1788705491256","","SPAN","product_recommender","2026-09-06 11:40:00.000000","2026-09-06 11:40:01.000000","","default","","","","DEFAULT","","","","","","","{}","{}","{}","0","{""qualification_output"":{""lead_tier"":""HOT"",""is_sales_lead"":1,""qualification_signals"":[""specific product requirement"",""budget provided"",""quantity provided"",""urgent delivery timeline""],""confidence"":""HIGH""}}","{""recommendation_status"":""PARTIAL_MATCH"",""recommendations"":[{""product_id"":""P003"",""product_name"":""Adjustable Standing Desk Basic"",""price"":""$449.00"",""why_recommended"":""Matches the adjustable standing desk requirement and $700 budget. The catalog does not confirm the quantity of 30 and the other desks exceed the budget.""},{""product_id"":""P007"",""product_name"":""Ergonomic Task Chair"",""price"":""$299.00"",""why_recommended"":""Matches the ergonomic task chair requirement and $400 budget, but cannot confirm the quantity of 30 chairs.""},{""product_id"":""P012"",""product_name"":""Huddle Room Table"",""price"":""$549.00"",""why_recommended"":""Matches the small meeting table requirement and $600 budget, but does not meet the quantity of 5.""}]}","{""test_id"":""E11"",""agent"":""product_recommender""}","1000","","[]","","t-run-1788705491256","[]"
"product-recommender-run-1788705471328","run-1788705471328","","SPAN","product_recommender","2026-09-06 11:40:00.000000","2026-09-06 11:40:01.000000","","default","","","","DEFAULT","","","","","","","{}","{}","{}","0","{""qualification_output"":{""lead_tier"":""WARM"",""is_sales_lead"":1,""qualification_signals"":[""specific product requirement"",""availability inquiry""],""confidence"":""MEDIUM""}}","{""recommendation_status"":""NO_MATCH"",""recommendations"":[]}","{""test_id"":""E10"",""agent"":""product_recommender""}","1000","","[]","","t-run-1788705471328","[]"
"product-recommender-run-1788705441911","run-1788705441911","","SPAN","product_recommender","2026-09-06 11:40:00.000000","2026-09-06 11:40:01.000000","","default","","","","DEFAULT","","","","","","","{}","{}","{}","0","{""qualification_output"":{""lead_tier"":""HOT"",""is_sales_lead"":1,""qualification_signals"":[""specific product requirement"",""budget provided""],""confidence"":""HIGH""}}","{""recommendation_status"":""PARTIAL_MATCH"",""recommendations"":[{""product_id"":""P011"",""product_name"":""Conference Table 12-Person"",""price"":""2499.00"",""why_recommended"":""Matches the requirement for a conference table that seats 12 people comfortably, looks professional, and is made of durable materials. The pricing is within the budget.""},{""product_id"":""P010"",""product_name"":""Conference Table 8-Person"",""price"":""1499.00"",""why_recommended"":""Relevant as it is a conference table, but only seats 8 people. It features a scratch-resistant surface and is durable, making it suitable for boardroom use, and it is within budget.""}]}","{""test_id"":""E08"",""agent"":""product_recommender""}","1000","","[]","","t-run-1788705441911","[]"
"product-recommender-run-1788705417202","run-1788705417202","","SPAN","product_recommender","2026-09-06 11:40:00.000000","2026-09-06 11:40:01.000000","","default","","","","DEFAULT","","","","","","","{}","{}","{}","0","{""qualification_output"":{""lead_tier"":""WARM"",""is_sales_lead"":1,""qualification_signals"":[""specific product requirement"",""budget provided""],""confidence"":""MEDIUM""}}","{""recommendation_status"":""PARTIAL_MATCH"",""recommendations"":[{""product_id"":""P015"",""product_name"":""Desk Organizer Set"",""price"":""39.00"",""why_recommended"":""Fits within the $40-50 budget and serves as a desk accessory. Matches the primary interest for a desk accessory.""}]}","{""test_id"":""E06"",""agent"":""product_recommender""}","1000","","[]","","t-run-1788705417202","[]"
"product-recommender-run-1788705386434","run-1788705386434","","SPAN","product_recommender","2026-09-06 11:40:00.000000","2026-09-06 11:40:01.000000","","default","","","","DEFAULT","","","","","","","{}","{}","{}","0","{""qualification_output"":{""lead_tier"":""HOT"",""is_sales_lead"":1,""qualification_signals"":[""specific product requirement"",""quantity provided"",""bulk purchase"",""product comparison""],""confidence"":""HIGH""}}","{""recommendation_status"":""PARTIAL_MATCH"",""recommendations"":[{""product_id"":""P002"",""product_name"":""Adjustable Standing Desk Pro"",""price"":""749.00"",""why_recommended"":""Matches the standing desk requirement, electric height-adjustable feature, and is categorized for general desk use. However, there is no confirmation of bulk discount availability for 15+ units and comparison with IKEA's BEKANT series is not applicable.""},{""product_id"":""P003"",""product_name"":""Adjustable Standing Desk Basic"",""price"":""449.00"",""why_recommended"":""Matches the standing desk requirement and is manual height-adjustable. However, it does not confirm the requested bulk discount for 15+ units, and it's unclear how it compares with IKEA's BEKANT series.""},{""product_id"":""P020"",""product_name"":""Sit-Stand Desk Converter"",""price"":""279.00"",""why_recommended"":""Matches the standing desk concept by converting existing desks to standing setups. However, it is not an actual standing desk and does not confirm the bulk discount or comparison with IKEA's BEKANT series.""}]}","{""test_id"":""E05"",""agent"":""product_recommender""}","1000","","[]","","t-run-1788705386434","[]"
"product-recommender-run-1788705366853","run-1788705366853","","SPAN","product_recommender","2026-09-06 11:40:00.000000","2026-09-06 11:40:01.000000","","default","","","","DEFAULT","","","","","","","{}","{}","{}","0","{""qualification_output"":{""lead_tier"":""WARM"",""is_sales_lead"":1,""qualification_signals"":[""specific product requirement"",""product options inquiry""],""confidence"":""MEDIUM""}}","{""recommendation_status"":""PARTIAL_MATCH"",""recommendations"":[{""product_id"":""P004"",""product_name"":""Oak Executive Desk"",""price"":""899.00"",""why_recommended"":""Matches the requirement for an oak desk. Available in Natural Oak and Dark Walnut finishes. The price of $899 exceeds the unspecified budget.""}]}","{""test_id"":""E04"",""agent"":""product_recommender""}","1000","","[]","","t-run-1788705366853","[]"
"product-recommender-run-1788705344580","run-1788705344580","","SPAN","product_recommender","2026-09-06 11:40:00.000000","2026-09-06 11:40:01.000000","","default","","","","DEFAULT","","","","","","","{}","{}","{}","0","{""qualification_output"":{""lead_tier"":""HOT"",""is_sales_lead"":1,""qualification_signals"":[""specific product requirement"",""budget provided"",""quantity provided"",""urgent delivery deadline"",""explicit purchase intent"",""product options inquiry""],""confidence"":""HIGH""}}","{""recommendation_status"":""PARTIAL_MATCH"",""recommendations"":[{""product_id"":""P006"",""product_name"":""Ergonomic Pro Chair"",""price"":""$449.00"",""why_recommended"":""Matches the ergonomic chair requirement and is available 'In Stock'. The price of $449.00 per chair is within the budget ($500 per chair). However, a total of 10 chairs would amount to $4,490, leaving $510 for another chair, which may limit options.""},{""product_id"":""P007"",""product_name"":""Ergonomic Task Chair"",""price"":""$299.00"",""why_recommended"":""Also meets the ergonomic chair requirement and is available 'In Stock'. At $299.00 each, this option allows for the purchase of 10 chairs within the total budget of $5,000. This would total $2,990, leaving $2,010 for other potential purchases.""},{""product_id"":""P008"",""product_name"":""Executive Leather Chair"",""price"":""$599.00"",""why_recommended"":""While this chair is ergonomic and available 'In Stock', the price of $599.00 exceeds the average budget of $500 per chair, totaling $5,990 for 10 chairs, which is outside the budget.""}]}","{""test_id"":""E03"",""agent"":""product_recommender""}","1000","","[]","","t-run-1788705344580","[]"
"product-recommender-run-1788701244367","run-1788701244367","","SPAN","product_recommender","2026-09-06 11:40:00.000000","2026-09-06 11:40:01.000000","","default","","","","DEFAULT","","","","","","","{}","{}","{}","0","{""qualification_output"":{""lead_tier"":""WARM"",""is_sales_lead"":1,""qualification_signals"":[""specific product requirement"",""product options inquiry""],""confidence"":""MEDIUM""}}","{""recommendation_status"":""PARTIAL_MATCH"",""recommendations"":[{""product_id"":""P004"",""product_name"":""Oak Executive Desk"",""price"":""899.00"",""why_recommended"":""Matches the oak desk requirement and is available in Natural Oak and Dark Walnut finishes. The budget is unknown.""}]}","{""test_id"":""E04"",""agent"":""product_recommender""}","1000","","[]","","t-run-1788701244367","[]"
"product-recommender-run-1788704972801","run-1788704972801","","SPAN","product_recommender","2026-09-06 11:40:00.000000","2026-09-06 11:40:01.000000","","default","","","","DEFAULT","","","","","","","{}","{}","{}","0","{""qualification_output"":{""lead_tier"":""HOT"",""is_sales_lead"":1,""qualification_signals"":[""specific product requirement"",""budget provided""],""confidence"":""HIGH""}}","{""recommendation_status"":""PARTIAL_MATCH"",""recommendations"":[{""product_id"":""P011"",""product_name"":""Conference Table 12-Person"",""price"":""$2499.00"",""why_recommended"":""Matches the requirement for a conference table that seats 12 people comfortably, looks professional, and is durable for daily use. It fits the budget of $3,000 and is suitable for a boardroom. However, other attributes such as specific finish and warranty details are not confirmed.""},{""product_id"":""P010"",""product_name"":""Conference Table 8-Person"",""price"":""$1499.00"",""why_recommended"":""This table is within budget and has a professional appearance. Though it seats only 8 people, it matches part of the requirements and is in stock. Important requirements like seating capacity for 12 are not fully met.""}]}","{""test_id"":""E08"",""agent"":""product_recommender""}","1000","","[]","","t-run-1788704972801","[]"
"product-recommender-run-1788704946433","run-1788704946433","","SPAN","product_recommender","2026-09-06 11:40:00.000000","2026-09-06 11:40:01.000000","","default","","","","DEFAULT","","","","","","","{}","{}","{}","0","{""qualification_output"":{""lead_tier"":""WARM"",""is_sales_lead"":1,""qualification_signals"":[""specific product requirement"",""budget provided""],""confidence"":""MEDIUM""}}","{""recommendation_status"":""MATCH_FOUND"",""recommendations"":[{""product_id"":""P015"",""product_name"":""Desk Organizer Set"",""price"":""39.00"",""why_recommended"":""Matches the desk accessory gift requirement and is within budget.""}]}","{""test_id"":""E06"",""agent"":""product_recommender""}","1000","","[]","","t-run-1788704946433","[]"
"product-recommender-run-1788704922215","run-1788704922215","","SPAN","product_recommender","2026-09-06 11:40:00.000000","2026-09-06 11:40:01.000000","","default","","","","DEFAULT","","","","","","","{}","{}","{}","0","{""qualification_output"":{""lead_tier"":""WARM"",""is_sales_lead"":1,""qualification_signals"":[""specific product requirement"",""bulk purchase"",""product comparison""],""confidence"":""MEDIUM""}}","{""recommendation_status"":""PARTIAL_MATCH"",""recommendations"":[{""product_id"":""P002"",""product_name"":""Adjustable Standing Desk Pro"",""price"":""$749.00"",""why_recommended"":""Matches the standing desk requirement, is electric height-adjustable, and is available in stock. However, bulk discount information for 15+ units is not confirmed.""},{""product_id"":""P003"",""product_name"":""Adjustable Standing Desk Basic"",""price"":""$449.00"",""why_recommended"":""Matches the standing desk requirement, is manually adjustable, and is available in stock. However, bulk discount information for 15+ units is not confirmed.""},{""product_id"":""P020"",""product_name"":""Sit-Stand Desk Converter"",""price"":""$279.00"",""why_recommended"":""Matches the standing desk conversion requirement, adjustable height, and is available in stock. However, it is a desk converter rather than a full standing desk and bulk discount information for 15+ units is not confirmed.""}]}","{""test_id"":""E05"",""agent"":""product_recommender""}","1000","","[]","","t-run-1788704922215","[]"
"product-recommender-run-1788704902071","run-1788704902071","","SPAN","product_recommender","2026-09-06 11:40:00.000000","2026-09-06 11:40:01.000000","","default","","","","DEFAULT","","","","","","","{}","{}","{}","0","{""qualification_output"":{""lead_tier"":""WARM"",""is_sales_lead"":1,""qualification_signals"":[""specific product requirement"",""product options inquiry""],""confidence"":""MEDIUM""}}","{""recommendation_status"":""MATCH_FOUND"",""recommendations"":[{""product_id"":""P004"",""product_name"":""Oak Executive Desk"",""price"":""899.00"",""why_recommended"":""Matches the primary product interest of Oak Executive Desk and is available in Natural Oak and Dark Walnut finishes.""}]}","{""test_id"":""E04"",""agent"":""product_recommender""}","1000","","[]","","t-run-1788704902071","[]"
"product-recommender-run-1788704875617","run-1788704875617","","SPAN","product_recommender","2026-09-06 11:40:00.000000","2026-09-06 11:40:01.000000","","default","","","","DEFAULT","","","","","","","{}","{}","{}","0","{""qualification_output"":{""lead_tier"":""HOT"",""is_sales_lead"":1,""qualification_signals"":[""specific product requirement"",""budget provided"",""quantity provided"",""urgent delivery deadline"",""explicit purchase intent"",""product options inquiry""],""confidence"":""HIGH""}}","{""recommendation_status"":""PARTIAL_MATCH"",""recommendations"":[{""product_id"":""P007"",""product_name"":""Ergonomic Task Chair"",""price"":""$299.00"",""why_recommended"":""Matches the requirement for ergonomic office chairs. Priced at $299 each, which fits within the budget of approximately $500 per chair. The catalog confirms availability as 'In Stock'.""},{""product_id"":""P006"",""product_name"":""Ergonomic Pro Chair"",""price"":""$449.00"",""why_recommended"":""Matches the ergonomic office chair requirement and has a price of $449 each. Available for immediate delivery as confirmed. Fits the budget well.""},{""product_id"":""P008"",""product_name"":""Executive Leather Chair"",""price"":""$599.00"",""why_recommended"":""This premium option meets the ergonomic chair requirement with a price of $599 each. While it exceeds the approximate budget per chair, it is available and may be considered for a premium choice within the total budget.""}]}","{""test_id"":""E03"",""agent"":""product_recommender""}","1000","","[]","","t-run-1788704875617","[]"
"product-recommender-run-1788704844403","run-1788704844403","","SPAN","product_recommender","2026-09-06 11:40:00.000000","2026-09-06 11:40:01.000000","","default","","","","DEFAULT","","","","","","","{}","{}","{}","0","{""qualification_output"":{""lead_tier"":""HOT"",""is_sales_lead"":1,""qualification_signals"":[""specific product requirement"",""budget provided"",""requirements include multiple features""],""confidence"":""HIGH""}}","{""recommendation_status"":""PARTIAL_MATCH"",""recommendations"":[{""product_id"":""P002"",""product_name"":""Adjustable Standing Desk Pro"",""price"":""$749.00"",""why_recommended"":""Matches the standing desk requirement, adjustable height, and is within the $800 budget. The catalog does not confirm the requested dark walnut finish.""},{""product_id"":""P003"",""product_name"":""Adjustable Standing Desk Basic"",""price"":""$449.00"",""why_recommended"":""Matches the standing desk requirement and adjustable height. It is priced below the budget. The catalog does not confirm the requested dark walnut finish.""}]}","{""test_id"":""E01"",""agent"":""product_recommender""}","1000","","[]","","t-run-1788704844403","[]"
"product-recommender-run-1788701871654","run-1788701871654","","SPAN","product_recommender","2026-09-06 11:40:00.000000","2026-09-06 11:40:01.000000","","default","","","","DEFAULT","","","","","","","{}","{}","{}","0","{""qualification_output"":{""lead_tier"":""WARM"",""is_sales_lead"":1,""qualification_signals"":[""specific product requirement"",""budget provided""],""confidence"":""MEDIUM""}}","{""recommendation_status"":""PARTIAL_MATCH"",""recommendations"":[{""product_id"":""P015"",""product_name"":""Desk Organizer Set"",""price"":""$39.00"",""why_recommended"":""Matches the desk accessory gift requirement and is within the budget of $40-50. The product includes essential items like a pen holder and file sorter, but the description does not confirm additional features that may be desired.""}]}","{""test_id"":""E06"",""agent"":""product_recommender""}","1000","","[]","","t-run-1788701871654","[]"
"product-recommender-run-1788701852036","run-1788701852036","","SPAN","product_recommender","2026-09-06 11:40:00.000000","2026-09-06 11:40:01.000000","","default","","","","DEFAULT","","","","","","","{}","{}","{}","0","{""qualification_output"":{""lead_tier"":""HOT"",""is_sales_lead"":1,""qualification_signals"":[""specific product requirement"",""quantity provided"",""product comparison"",""bulk purchase""],""confidence"":""HIGH""}}","{""recommendation_status"":""PARTIAL_MATCH"",""recommendations"":[{""product_id"":""P002"",""product_name"":""Adjustable Standing Desk Pro"",""price"":""749.00"",""why_recommended"":""This electric height-adjustable desk features memory presets and dual motors for smooth transitions, suitable for a standing desk requirement. However, the budget for 15 units is unknown, and there's no information on bulk discounts.""},{""product_id"":""P003"",""product_name"":""Adjustable Standing Desk Basic"",""price"":""449.00"",""why_recommended"":""Manual crank height-adjustable desk that is durable and simple to use. Matches the standing desk category, but lacks confirmation of bulk pricing. The unknown budget is a consideration.""},{""product_id"":""P020"",""product_name"":""Sit-Stand Desk Converter"",""price"":""279.00"",""why_recommended"":""This converter allows existing desks to be converted to standing desks, offering flexibility for multiple users. It's within an unknown budget but also lacks information about discounts for 15+ units.""}]}","{""test_id"":""E05"",""agent"":""product_recommender""}","1000","","[]","","t-run-1788701852036","[]"
"product-recommender-run-1788701832526","run-1788701832526","","SPAN","product_recommender","2026-09-06 11:40:00.000000","2026-09-06 11:40:01.000000","","default","","","","DEFAULT","","","","","","","{}","{}","{}","0","{""qualification_output"":{""lead_tier"":""WARM"",""is_sales_lead"":1,""qualification_signals"":[""specific product requirement"",""product options inquiry""],""confidence"":""MEDIUM""}}","{""recommendation_status"":""PARTIAL_MATCH"",""recommendations"":[{""product_id"":""P004"",""product_name"":""Oak Executive Desk"",""price"":""899.00"",""why_recommended"":""Matches the oak desk requirement and is available in Natural Oak and Dark Walnut finishes. Price is within the unknown budget.""}]}","{""test_id"":""E04"",""agent"":""product_recommender""}","1000","","[]","","t-run-1788701832526","[]"
"product-recommender-run-1788701808750","run-1788701808750","","SPAN","product_recommender","2026-09-06 11:40:00.000000","2026-09-06 11:40:01.000000","","default","","","","DEFAULT","","","","","","","{}","{}","{}","0","{""qualification_output"":{""lead_tier"":""HOT"",""is_sales_lead"":1,""qualification_signals"":[""specific product requirement"",""budget provided"",""quantity provided"",""urgent delivery deadline"",""product options inquiry"",""pricing request""],""confidence"":""HIGH""}}","{""recommendation_status"":""MATCH_FOUND"",""recommendations"":[{""product_id"":""P006"",""product_name"":""Ergonomic Pro Chair"",""price"":""$449.00"",""why_recommended"":""This ergonomic chair matches the requirement for ergonomic office chairs and is available, priced under the budget of $500 per chair.""},{""product_id"":""P007"",""product_name"":""Ergonomic Task Chair"",""price"":""$299.00"",""why_recommended"":""This chair is ergonomic and falls well within the price range. It is also in stock and suitable for offices.""},{""product_id"":""P008"",""product_name"":""Executive Leather Chair"",""price"":""$599.00"",""why_recommended"":""This premium chair meets the ergonomic requirement, is available, and fits within the budget per chair.""}]}","{""test_id"":""E03"",""agent"":""product_recommender""}","1000","","[]","","t-run-1788701808750","[]"
"product-recommender-run-1788701780043","run-1788701780043","","SPAN","product_recommender","2026-09-06 11:40:00.000000","2026-09-06 11:40:01.000000","","default","","","","DEFAULT","","","","","","","{}","{}","{}","0","{""qualification_output"":{""lead_tier"":""HOT"",""is_sales_lead"":1,""qualification_signals"":[""specific product requirement"",""budget provided""],""confidence"":""HIGH""}}","{""recommendation_status"":""PARTIAL_MATCH"",""recommendations"":[{""product_id"":""P002"",""product_name"":""Adjustable Standing Desk Pro"",""price"":""$749.00"",""why_recommended"":""Matches the standing desk requirement and adjustable height feature. It is within the budget of $800. The product does not specify a dark walnut finish and therefore cannot confirm if it meets that requirement.""},{""product_id"":""P003"",""product_name"":""Adjustable Standing Desk Basic"",""price"":""$449.00"",""why_recommended"":""Matches the standing desk requirement and adjustable height feature. It is well within the budget of $800. However, the material is MDF, and the requested dark walnut finish is not available, which cannot confirm that requirement.""}]}","{""test_id"":""E01"",""agent"":""product_recommender""}","1000","","[]","","t-run-1788701780043","[]"
"product-recommender-run-1788701279881","run-1788701279881","","SPAN","product_recommender","2026-09-06 11:40:00.000000","2026-09-06 11:40:01.000000","","default","","","","DEFAULT","","","","","","","{}","{}","{}","0","{""qualification_output"":{""lead_tier"":""WARM"",""is_sales_lead"":1,""qualification_signals"":[""specific product requirement"",""budget provided""],""confidence"":""MEDIUM""}}","{""recommendation_status"":""MATCH_FOUND"",""recommendations"":[{""product_id"":""P015"",""product_name"":""Desk Organizer Set"",""price"":""$39.00"",""why_recommended"":""Matches the desk accessory gift requirement. Priced well within the budget of $40-50. Available in stock.""}]}","{""test_id"":""E06"",""agent"":""product_recommender""}","1000","","[]","","t-run-1788701279881","[]"
"product-recommender-run-1788701260994","run-1788701260994","","SPAN","product_recommender","2026-09-06 11:40:00.000000","2026-09-06 11:40:01.000000","","default","","","","DEFAULT","","","","","","","{}","{}","{}","0","{""qualification_output"":{""lead_tier"":""HOT"",""is_sales_lead"":1,""qualification_signals"":[""specific product requirement"",""bulk purchase"",""product comparison"",""pricing request""],""confidence"":""HIGH""}}","{""recommendation_status"":""PARTIAL_MATCH"",""recommendations"":[{""product_id"":""P002"",""product_name"":""Adjustable Standing Desk Pro"",""price"":""$749.00"",""why_recommended"":""Matches the standing desk requirement with electric height adjustment and memory presets. In stock, but does not confirm bulk discount for 15+ units.""},{""product_id"":""P003"",""product_name"":""Adjustable Standing Desk Basic"",""price"":""$449.00"",""why_recommended"":""Matches the standing desk requirement with manual height adjustment. In stock, but does not confirm bulk discount for 15+ units.""},{""product_id"":""P020"",""product_name"":""Sit-Stand Desk Converter"",""price"":""$279.00"",""why_recommended"":""This product is a converter for an existing desk rather than a standalone standing desk. It is adjustable but does not match the primary requirement for an actual standing desk.""}]}","{""test_id"":""E05"",""agent"":""product_recommender""}","1000","","[]","","t-run-1788701260994","[]"
"product-recommender-run-1788699237051","run-1788699237051","","SPAN","product_recommender","2026-09-06 11:40:00.000000","2026-09-06 11:40:01.000000","","default","","","","DEFAULT","","","","","","","{}","{}","{}","0","{""qualification_output"":{""lead_tier"":""HOT"",""is_sales_lead"":1,""qualification_signals"":[""specific product requirement"",""budget provided""],""confidence"":""HIGH""}}","{""recommendation_status"":""PARTIAL_MATCH"",""recommendations"":[{""product_id"":""P002"",""product_name"":""Adjustable Standing Desk Pro"",""price"":""$749.00"",""why_recommended"":""Matches the primary standing desk requirement and has adjustable height. It is priced within the budget, although the dark walnut finish is not available.""},{""product_id"":""P003"",""product_name"":""Adjustable Standing Desk Basic"",""price"":""$449.00"",""why_recommended"":""Matches the adjustable height requirement and is within budget, but it does not meet the dark walnut finish or the premium quality requirement.""}]}","{""test_id"":""E01"",""agent"":""product_recommender""}","1000","","[]","","t-run-1788699237051","[]"
"product-recommender-run-1788707496462","run-1788707496462","","SPAN","product_recommender","2026-09-06 11:40:00.000000","2026-09-06 11:40:01.000000","","default","","","","DEFAULT","","","","","","","{}","{}","{}","0","{""qualification_output"":{""lead_tier"":""WARM"",""is_sales_lead"":1,""qualification_signals"":[""specific product requirement"",""quantity provided"",""product comparison"",""bulk purchase""],""confidence"":""MEDIUM""}}","{""recommendation_status"":""PARTIAL_MATCH"",""recommendations"":[{""product_id"":""P002"",""product_name"":""Adjustable Standing Desk Pro"",""price"":""$749.00"",""why_recommended"":""Matches the primary requirement for a standing desk with electric height-adjustable features. It is in stock and suitable for an office environment. The catalog does not confirm if bulk discounts are available or how it compares to IKEA's BEKANT series.""},{""product_id"":""P003"",""product_name"":""Adjustable Standing Desk Basic"",""price"":""$449.00"",""why_recommended"":""This manual crank height-adjustable desk is suitable for the intended office use. It is in stock, but does not meet the electric adjustment requirement nor confirm bulk discounts or comparisons to IKEA's BEKANT series.""},{""product_id"":""P020"",""product_name"":""Sit-Stand Desk Converter"",""price"":""$279.00"",""why_recommended"":""This product offers an adjustable height solution for existing desks, which may be useful in a bulk setting. However, it is more of an accessory than a full standing desk and does not meet the primary standing desk requirement or confirm bulk discounts.""}]}","{""test_id"":""E05"",""agent"":""product_recommender""}","1000","","[]","","t-run-1788707496462","[]"
"product-recommender-run-1788701182334","run-1788701182334","","SPAN","product_recommender","2026-09-06 11:40:00.000000","2026-09-06 11:40:01.000000","","default","","","","DEFAULT","","","","","","","{}","{}","{}","0","{""qualification_output"":{""lead_tier"":""HOT"",""is_sales_lead"":1,""qualification_signals"":[""specific product requirement"",""budget provided""],""confidence"":""HIGH""}}","{""recommendation_status"":""PARTIAL_MATCH"",""recommendations"":[{""product_id"":""P002"",""product_name"":""Adjustable Standing Desk Pro"",""price"":""$749.00"",""why_recommended"":""Matches the standing desk requirement, adjustable height, and is within the $800 budget. The catalog does not confirm the requested dark walnut finish.""},{""product_id"":""P003"",""product_name"":""Adjustable Standing Desk Basic"",""price"":""$449.00"",""why_recommended"":""Matches the standing desk requirement and adjustable height. It is also under budget. The catalog does not confirm the requested dark walnut finish.""}]}","{""test_id"":""E01"",""agent"":""product_recommender""}","1000","","[]","","t-run-1788701182334","[]"
"product-recommender-run-1788699939976","run-1788699939976","","SPAN","product_recommender","2026-09-06 11:40:00.000000","2026-09-06 11:40:01.000000","","default","","","","DEFAULT","","","","","","","{}","{}","{}","0","{""qualification_output"":{""lead_tier"":""HOT"",""is_sales_lead"":1,""qualification_signals"":[""specific product requirement"",""quantity provided"",""product comparison"",""bulk purchase""],""confidence"":""HIGH""}}","{""recommendation_status"":""PARTIAL_MATCH"",""recommendations"":[{""product_id"":""P002"",""product_name"":""Adjustable Standing Desk Pro"",""price"":""749.00"",""why_recommended"":""Matches the requirement for a standing desk with electronic height adjustment. However, cannot confirm a comparison with IKEA's BEKANT series or any bulk discount for 15+ units.""},{""product_id"":""P003"",""product_name"":""Adjustable Standing Desk Basic"",""price"":""449.00"",""why_recommended"":""Matches the requirement for a standing desk with manual height adjustment. However, comparison with IKEA's BEKANT series and bulk discount for 15+ units cannot be confirmed.""},{""product_id"":""P020"",""product_name"":""Sit-Stand Desk Converter"",""price"":""279.00"",""why_recommended"":""Provides a solution to convert existing desks into standing desks. However, it does not fully meet the desired standing desk criteria or address bulk discounts.""}]}","{""test_id"":""E05"",""agent"":""product_recommender""}","1000","","[]","","t-run-1788699939976","[]"
"product-recommender-run-1788699919517","run-1788699919517","","SPAN","product_recommender","2026-09-06 11:40:00.000000","2026-09-06 11:40:01.000000","","default","","","","DEFAULT","","","","","","","{}","{}","{}","0","{""qualification_output"":{""lead_tier"":""WARM"",""is_sales_lead"":1,""qualification_signals"":[""specific product requirement"",""product options inquiry""],""confidence"":""HIGH""}}","{""recommendation_status"":""PARTIAL_MATCH"",""recommendations"":[{""product_id"":""P004"",""product_name"":""Oak Executive Desk"",""price"":""899.00"",""why_recommended"":""Matches the oak desk requirement and is available in Natural Oak and Dark Walnut finishes. Budget is unknown.""},{""product_id"":""P005"",""product_name"":""Compact Home Office Desk"",""price"":""349.00"",""why_recommended"":""Relevant smaller desk option, though not solid oak. Available in stock but does not meet the oak specification.""}]}","{""test_id"":""E04"",""agent"":""product_recommender""}","1000","","[]","","t-run-1788699919517","[]"
"product-recommender-run-1788699897893","run-1788699897893","","SPAN","product_recommender","2026-09-06 11:40:00.000000","2026-09-06 11:40:01.000000","","default","","","","DEFAULT","","","","","","","{}","{}","{}","0","{""qualification_output"":{""lead_tier"":""HOT"",""is_sales_lead"":1,""qualification_signals"":[""specific product requirement"",""budget provided"",""quantity provided"",""urgent delivery deadline"",""options with pricing"",""options with availability""],""confidence"":""HIGH""}}","{""recommendation_status"":""PARTIAL_MATCH"",""recommendations"":[{""product_id"":""P006"",""product_name"":""Ergonomic Pro Chair"",""price"":""$449.00"",""why_recommended"":""Matches the ergonomic office chair requirement, features adjustable armrests and lumbar support. The price is $449, so with 10 chairs, it fits the budget. Available in stock.""},{""product_id"":""P007"",""product_name"":""Ergonomic Task Chair"",""price"":""$299.00"",""why_recommended"":""Another ergonomic option, this chair is priced at $299, making it a suitable choice that fits the budget for 10 chairs. Also available in stock.""},{""product_id"":""P008"",""product_name"":""Executive Leather Chair"",""price"":""$599.00"",""why_recommended"":""High-end ergonomic option at $599. While it fits within budget for 10 chairs, it is more costly per unit. Available in stock. However, it exceeds the approximately $500 per chair goal.""}]}","{""test_id"":""E03"",""agent"":""product_recommender""}","1000","","[]","","t-run-1788699897893","[]"
"product-recommender-run-1788699865269","run-1788699865269","","SPAN","product_recommender","2026-09-06 11:40:00.000000","2026-09-06 11:40:01.000000","","default","","","","DEFAULT","","","","","","","{}","{}","{}","0","{""qualification_output"":{""lead_tier"":""HOT"",""is_sales_lead"":1,""qualification_signals"":[""specific product requirement"",""budget provided""],""confidence"":""HIGH""}}","{""recommendation_status"":""PARTIAL_MATCH"",""recommendations"":[{""product_id"":""P002"",""product_name"":""Adjustable Standing Desk Pro"",""price"":""$749.00"",""why_recommended"":""Matches the standing desk requirement, is adjustable height, and within the $800 budget. The catalog does not confirm the requested dark walnut finish.""},{""product_id"":""P003"",""product_name"":""Adjustable Standing Desk Basic"",""price"":""$449.00"",""why_recommended"":""Matches the standing desk requirement, is adjustable height, and within the $800 budget. The catalog does not confirm the requested dark walnut finish.""},{""product_id"":""P020"",""product_name"":""Sit-Stand Desk Converter"",""price"":""$279.00"",""why_recommended"":""Matches the adjustable height requirement and is within budget. However, this product is a converter and not a full standing desk, which may not meet the full requirement for a work from home setup.""}]}","{""test_id"":""E01"",""agent"":""product_recommender""}","1000","","[]","","t-run-1788699865269","[]"
"product-recommender-run-1788699584362","run-1788699584362","","SPAN","product_recommender","2026-09-06 11:40:00.000000","2026-09-06 11:40:01.000000","","default","","","","DEFAULT","","","","","","","{}","{}","{}","0","{""qualification_output"":{""lead_tier"":""WARM"",""is_sales_lead"":1,""qualification_signals"":[""specific product requirement"",""product options inquiry""],""confidence"":""MEDIUM""}}","{""recommendation_status"":""MATCH_FOUND"",""recommendations"":[{""product_id"":""P004"",""product_name"":""Oak Executive Desk"",""price"":""899.00"",""why_recommended"":""Matches the Oak Executive Desk requirement and is available in Natural Oak and Dark Walnut finishes.""}]}","{""test_id"":""E04"",""agent"":""product_recommender""}","1000","","[]","","t-run-1788699584362","[]"
"product-recommender-run-1788699560802","run-1788699560802","","SPAN","product_recommender","2026-09-06 11:40:00.000000","2026-09-06 11:40:01.000000","","default","","","","DEFAULT","","","","","","","{}","{}","{}","0","{""qualification_output"":{""lead_tier"":""HOT"",""is_sales_lead"":1,""qualification_signals"":[""specific product requirement"",""budget provided"",""quantity provided"",""urgent delivery deadline"",""options with pricing"",""options with availability""],""confidence"":""HIGH""}}","{""recommendation_status"":""PARTIAL_MATCH"",""recommendations"":[{""product_id"":""P006"",""product_name"":""Ergonomic Pro Chair"",""price"":""$449.00"",""why_recommended"":""Matches the ergonomic office chair requirement, priced at $449.00 which fits within the total budget of $5,000. It is also in stock and has features like adjustable armrests and lumbar support, but only partially meets the quantity requirement (10 chairs) as it is a single recommendation.""},{""product_id"":""P007"",""product_name"":""Ergonomic Task Chair"",""price"":""$299.00"",""why_recommended"":""Also matches the ergonomic office chair requirement, priced at $299.00, making it a budget-friendly option within $5,000. It includes adjustable lumbar support and is in stock; however, does not meet the full quantity requirement.""},{""product_id"":""P008"",""product_name"":""Executive Leather Chair"",""price"":""$599.00"",""why_recommended"":""This chair fits the ergonomic design requirement and offers premium features. Priced at $599.00, it remains within the budget, but may not suit all ergonomic needs. It is currently in stock but does not fully meet the quantity requirement.""}]}","{""test_id"":""E03"",""agent"":""product_recommender""}","1000","","[]","","t-run-1788699560802","[]"
"product-recommender-run-1788699530780","run-1788699530780","","SPAN","product_recommender","2026-09-06 11:40:00.000000","2026-09-06 11:40:01.000000","","default","","","","DEFAULT","","","","","","","{}","{}","{}","0","{""qualification_output"":{""lead_tier"":""HOT"",""is_sales_lead"":1,""qualification_signals"":[""specific product requirement"",""budget provided""],""confidence"":""HIGH""}}","{""recommendation_status"":""PARTIAL_MATCH"",""recommendations"":[{""product_id"":""P002"",""product_name"":""Adjustable Standing Desk Pro"",""price"":""$749.00"",""why_recommended"":""Matches the primary standing desk requirement and adjustable height feature. It is within the stated budget of $800. The catalog does not confirm the requested dark walnut finish.""},{""product_id"":""P003"",""product_name"":""Adjustable Standing Desk Basic"",""price"":""$449.00"",""why_recommended"":""Also matches the standing desk requirement and is within the budget of $800. However, it has a manual crank for height adjustment and lacks confirmation of the dark walnut finish.""}]}","{""test_id"":""E01"",""agent"":""product_recommender""}","1000","","[]","","t-run-1788699530780","[]"
"product-recommender-run-1788699412052","run-1788699412052","","SPAN","product_recommender","2026-09-06 11:40:00.000000","2026-09-06 11:40:01.000000","","default","","","","DEFAULT","","","","","","","{}","{}","{}","0","{""qualification_output"":{""lead_tier"":""HOT"",""is_sales_lead"":1,""qualification_signals"":[""specific product requirement"",""budget provided"",""quantity provided"",""urgent delivery deadline"",""options with pricing"",""options with availability""],""confidence"":""HIGH""}}","{""recommendation_status"":""PARTIAL_MATCH"",""recommendations"":[{""product_id"":""P006"",""product_name"":""Ergonomic Pro Chair"",""price"":""$449.00"",""why_recommended"":""Matches the ergonomic office chair requirement and is in stock. Priced at $449, this chair allows for a total purchase within budget if ordering 10 units. However, there's a warranty for 12 years that may appeal to your needs.""},{""product_id"":""P007"",""product_name"":""Ergonomic Task Chair"",""price"":""$299.00"",""why_recommended"":""Fits the ergonomic chair requirement and is available. With a price of $299 per chair, ordering 10 stays well within the budget. It has a breathable mesh back for comfort.""},{""product_id"":""P008"",""product_name"":""Executive Leather Chair"",""price"":""$599.00"",""why_recommended"":""Also meets the ergonomic chair requirement and is in stock. At $599, it would allow for 8 chairs within budget, but is a premium option with a memory foam cushion for added comfort.""}]}","{""test_id"":""E03"",""agent"":""product_recommender""}","1000","","[]","","t-run-1788699412052","[]"
"product-recommender-run-1788699385191","run-1788699385191","","SPAN","product_recommender","2026-09-06 11:40:00.000000","2026-09-06 11:40:01.000000","","default","","","","DEFAULT","","","","","","","{}","{}","{}","0","{""qualification_output"":{""lead_tier"":""HOT"",""is_sales_lead"":1,""qualification_signals"":[""specific product requirement"",""budget provided"",""quality matters""],""confidence"":""HIGH""}}","{""recommendation_status"":""PARTIAL_MATCH"",""recommendations"":[{""product_id"":""P002"",""product_name"":""Adjustable Standing Desk Pro"",""price"":""$749.00"",""why_recommended"":""Matches the adjustable height requirement and is within budget. However, it does not confirm the requested dark walnut finish.""},{""product_id"":""P003"",""product_name"":""Adjustable Standing Desk Basic"",""price"":""$449.00"",""why_recommended"":""Matches the adjustable height requirement and is within budget. However, it does not confirm the requested dark walnut finish.""}]}","{""test_id"":""E01"",""agent"":""product_recommender""}","1000","","[]","","t-run-1788699385191","[]"
"product-recommender-run-1788699265127","run-1788699265127","","SPAN","product_recommender","2026-09-06 11:40:00.000000","2026-09-06 11:40:01.000000","","default","","","","DEFAULT","","","","","","","{}","{}","{}","0","{""qualification_output"":{""lead_tier"":""HOT"",""is_sales_lead"":1,""qualification_signals"":[""specific product requirement"",""budget provided"",""quantity provided"",""urgent delivery deadline"",""options with pricing"",""options with availability""],""confidence"":""HIGH""}}","{""recommendation_status"":""PARTIAL_MATCH"",""recommendations"":[{""product_id"":""P006"",""product_name"":""Ergonomic Pro Chair"",""price"":""$449.00"",""why_recommended"":""Matches the ergonomic office chair requirement, available for $449 each. Total cost for 10 chairs is $4,490, within budget. In stock and includes a 12-year warranty.""},{""product_id"":""P007"",""product_name"":""Ergonomic Task Chair"",""price"":""$299.00"",""why_recommended"":""Also an ergonomic chair option at $299 each. Total cost for 10 chairs is $2,990, within budget. Available in stock.""},{""product_id"":""P008"",""product_name"":""Executive Leather Chair"",""price"":""$599.00"",""why_recommended"":""Another ergonomic chair option priced at $599 each, totaling $5,990 for 10 chairs. This exceeds the specified total budget.""}]}","{""test_id"":""E03"",""agent"":""product_recommender""}","1000","","[]","","t-run-1788699265127","[]"
"product-recommender-run-1788707438641","run-1788707438641","","SPAN","product_recommender","2026-09-06 11:40:00.000000","2026-09-06 11:40:01.000000","","default","","","","DEFAULT","","","","","","","{}","{}","{}","0","{""qualification_output"":{""lead_tier"":""HOT"",""is_sales_lead"":1,""qualification_signals"":[""specific product requirement"",""budget provided"",""quantity provided"",""urgent delivery deadline"",""options with pricing"",""options with availability""],""confidence"":""HIGH""}}","{""recommendation_status"":""PARTIAL_MATCH"",""recommendations"":[{""product_id"":""P007"",""product_name"":""Ergonomic Task Chair"",""price"":""$299.00"",""why_recommended"":""Matches the ergonomic office chair requirement, priced at $299, making it a suitable option within the approximate $500 per chair budget. Delivered by end of month, but total quantity of 10 may need to be confirmed.""},{""product_id"":""P006"",""product_name"":""Ergonomic Pro Chair"",""price"":""$449.00"",""why_recommended"":""Meets the ergonomic office chair requirement at $449 each, also fits well within the budget per chair. Availability is confirmed, delivery can be made by end of month, but check if 10 can be sourced.""},{""product_id"":""P008"",""product_name"":""Executive Leather Chair"",""price"":""$599.00"",""why_recommended"":""A higher-end option at $599, which is still under overall budget, but exceeds the $500 per chair target. Availability is confirmed, with delivery possible by end of month.""}]}","{""test_id"":""E03"",""agent"":""product_recommender""}","1000","","[]","","t-run-1788707438641","[]"
"product-recommender-run-1788676308125","run-1788676308125","","SPAN","product_recommender","2026-09-06 11:40:00.000000","2026-09-06 11:40:01.000000","","default","","","","DEFAULT","","","","","","","{}","{}","{}","0","{""qualification_output"":{""lead_tier"":""HOT"",""is_sales_lead"":1,""qualification_signals"":[""specific product requirement"",""budget provided"",""quantity provided"",""explicit purchase intent""],""confidence"":""HIGH""}}","{""recommendation_status"":""MATCH_FOUND"",""recommendations"":[{""product_id"":""P006"",""product_name"":""Ergonomic Pro Chair"",""price"":""449.00"",""why_recommended"":""Matches the request for the Ergonomic Pro Chair, priced at $449. In Stock. Perfect for a bulk order of 5 chairs.""},{""product_id"":""P007"",""product_name"":""Ergonomic Task Chair"",""price"":""299.00"",""why_recommended"":""While not the exact requested chair, the Ergonomic Task Chair is similar in function and offers good ergonomic support at a lower price of $299. In Stock.""},{""product_id"":""P008"",""product_name"":""Executive Leather Chair"",""price"":""599.00"",""why_recommended"":""A premium option for those valuing comfort and style, this chair is priced at $599. Suitable for high-end executive needs.""}]}","{""test_id"":""E15"",""agent"":""product_recommender""}","1000","","[]","","t-run-1788676308125","[]"
"product-recommender-run-1788686335541","run-1788686335541","","SPAN","product_recommender","2026-09-06 11:40:00.000000","2026-09-06 11:40:01.000000","","default","","","","DEFAULT","","","","","","","{}","{}","{}","0","{""qualification_output"":{""lead_tier"":""WARM"",""is_sales_lead"":1,""qualification_signals"":[""specific product requirement"",""quantity provided"",""bulk purchase"",""product comparison""],""confidence"":""MEDIUM""}}","{""recommendation_status"":""PARTIAL_MATCH"",""recommendations"":[{""product_id"":""P002"",""product_name"":""Adjustable Standing Desk Pro"",""price"":""$749.00"",""why_recommended"":""Matches the standing desk requirement. It has an electric height adjustment and is in stock. The catalog does not confirm bulk discount or comparison with IKEA's BEKANT series.""},{""product_id"":""P003"",""product_name"":""Adjustable Standing Desk Basic"",""price"":""$449.00"",""why_recommended"":""Matches the standing desk requirement and is in stock. This manual crank height-adjustable desk offers a simple solution. However, it does not confirm bulk discount or comparison with IKEA's BEKANT series.""}]}","{""test_id"":""E05"",""agent"":""product_recommender""}","1000","","[]","","t-run-1788686335541","[]"
"product-recommender-run-1788685504255","run-1788685504255","","SPAN","product_recommender","2026-09-06 11:40:00.000000","2026-09-06 11:40:01.000000","","default","","","","DEFAULT","","","","","","","{}","{}","{}","0","{""qualification_output"":{""lead_tier"":""HOT"",""is_sales_lead"":1,""qualification_signals"":[""budget provided"",""quantity provided"",""volume pricing"",""delivery coordination""],""confidence"":""HIGH""}}","{""recommendation_status"":""PARTIAL_MATCH"",""recommendations"":[{""product_id"":""P004"",""product_name"":""Oak Executive Desk"",""price"":""$899.00"",""why_recommended"":""Matches the desk requirement. It has a solid oak material and is suitable for high-end office environments. However, it does not confirm volume pricing or delivery coordination.""},{""product_id"":""P005"",""product_name"":""Compact Home Office Desk"",""price"":""$349.00"",""why_recommended"":""Matches the desk requirement and is economical. It is in stock and good for office setups but doesn't confirm volume pricing or delivery coordination.""},{""product_id"":""P009"",""product_name"":""Basic Office Chair"",""price"":""$149.00"",""why_recommended"":""A supportive office chair that can complement the office furniture. It’s affordable and in stock but does not confirm volume pricing or delivery coordination.""}]}","{""test_id"":""E14"",""agent"":""product_recommender""}","1000","","[]","","t-run-1788685504255","[]"
"product-recommender-run-1788686579804","run-1788686579804","","SPAN","product_recommender","2026-09-06 11:40:00.000000","2026-09-06 11:40:01.000000","","default","","","","DEFAULT","","","","","","","{}","{}","{}","0","{""qualification_output"":{""lead_tier"":""COLD"",""is_sales_lead"":1,""qualification_signals"":[""generic product inquiry""],""confidence"":""MEDIUM""}}","{""recommendation_status"":""INSUFFICIENT_INFORMATION"",""recommendations"":[]}","{""test_id"":""E09"",""agent"":""product_recommender""}","1000","","[]","","t-run-1788686579804","[]"
"product-recommender-run-1788685382625","run-1788685382625","","SPAN","product_recommender","2026-09-06 11:40:00.000000","2026-09-06 11:40:01.000000","","default","","","","DEFAULT","","","","","","","{}","{}","{}","0","{""qualification_output"":{""lead_tier"":""HOT"",""is_sales_lead"":1,""qualification_signals"":[""specific product requirement"",""budget provided"",""customer indicates they will buy if a condition is met""],""confidence"":""HIGH""}}","{""recommendation_status"":""PARTIAL_MATCH"",""recommendations"":[{""product_id"":""P011"",""product_name"":""Conference Table 12-Person"",""price"":""$2499.00"",""why_recommended"":""Matches the requirement for a conference table that seats 12 people comfortably, has a professional appearance, and is durable for daily use. The integrated power outlets are an added feature for boardroom settings. The product is within the budget of $3,000.""},{""product_id"":""P010"",""product_name"":""Conference Table 8-Person"",""price"":""$1499.00"",""why_recommended"":""While it is a modern conference table with a professional appearance and scratch-resistant surface, it only seats 8 people, which does not fully satisfy the seating requirement for 12 people. It is also within the budget.""}]}","{""test_id"":""E08"",""agent"":""product_recommender""}","1000","","[]","","t-run-1788685382625","[]"
"product-recommender-run-1788686165344","run-1788686165344","","SPAN","product_recommender","2026-09-06 11:40:00.000000","2026-09-06 11:40:01.000000","","default","","","","DEFAULT","","","","","","","{}","{}","{}","0","{""qualification_output"":{""lead_tier"":""WARM"",""is_sales_lead"":1,""qualification_signals"":[""specific product requirement""],""confidence"":""MEDIUM""}}","{""recommendation_status"":""PARTIAL_MATCH"",""recommendations"":[{""product_id"":""P004"",""product_name"":""Oak Executive Desk"",""price"":""$899.00"",""why_recommended"":""Matches the desk requirement and is available in both Natural Oak and Dark Walnut finishes. However, it exceeds any potential budget due to the unknown status.""}]}","{""test_id"":""E04"",""agent"":""product_recommender""}","1000","","[]","","t-run-1788686165344","[]"
"product-recommender-run-1788686692112","run-1788686692112","","SPAN","product_recommender","2026-09-06 11:40:00.000000","2026-09-06 11:40:01.000000","","default","","","","DEFAULT","","","","","","","{}","{}","{}","0","{""qualification_output"":{""lead_tier"":""HOT"",""is_sales_lead"":1,""qualification_signals"":[""clear product requirement"",""budget provided"",""quantity provided"",""urgent delivery deadline"",""explicit purchase intent""],""confidence"":""HIGH""}}","{""recommendation_status"":""PARTIAL_MATCH"",""recommendations"":[{""product_id"":""P003"",""product_name"":""Adjustable Standing Desk Basic"",""price"":""$449.00"",""why_recommended"":""Matches the adjustable standing desk requirement and is within budget at $449. However, the requirement of 30 workstations will exceed the total budget of $700 per unit.""},{""product_id"":""P007"",""product_name"":""Ergonomic Task Chair"",""price"":""$299.00"",""why_recommended"":""Completes the ergonomic task chair requirement and is within budget. Although 30 units will exceed the available budget of $400 per chair.""},{""product_id"":""P012"",""product_name"":""Huddle Room Table"",""price"":""$549.00"",""why_recommended"":""Matches the requirement for a small meeting table and is within the budget of $600. However, only one table can be purchased within the budget.""}]}","{""test_id"":""E11"",""agent"":""product_recommender""}","1000","","[]","","t-run-1788686692112","[]"
"product-recommender-run-1788686135253","run-1788686135253","","SPAN","product_recommender","2026-09-06 11:40:00.000000","2026-09-06 11:40:01.000000","","default","","","","DEFAULT","","","","","","","{}","{}","{}","0","{""qualification_output"":{""lead_tier"":""HOT"",""is_sales_lead"":1,""qualification_signals"":[""specific product requirement"",""budget provided"",""quantity provided"",""urgent delivery deadline"",""delivery required""],""confidence"":""HIGH""}}","{""recommendation_status"":""MATCH_FOUND"",""recommendations"":[{""product_id"":""P007"",""product_name"":""Ergonomic Task Chair"",""price"":""$299.00"",""why_recommended"":""Matches the ergonomic office chair requirement, listed as in stock and delivery available. Total cost for 10 units is $2,990, which is within budget.""},{""product_id"":""P006"",""product_name"":""Ergonomic Pro Chair"",""price"":""$449.00"",""why_recommended"":""An ergonomic chair that fits requirements with a 12-year warranty, in stock and delivery available. Total cost for 10 units is $4,490, which is within budget.""},{""product_id"":""P008"",""product_name"":""Executive Leather Chair"",""price"":""$599.00"",""why_recommended"":""Premium quality ergonomic chair, available for delivery. Total cost for 10 units is $5,990, exceeding the budget.""}]}","{""test_id"":""E03"",""agent"":""product_recommender""}","1000","","[]","","t-run-1788686135253","[]"
"product-recommender-run-1788685401499","run-1788685401499","","SPAN","product_recommender","2026-09-06 11:40:00.000000","2026-09-06 11:40:01.000000","","default","","","","DEFAULT","","","","","","","{}","{}","{}","0","{""qualification_output"":{""lead_tier"":""COLD"",""is_sales_lead"":1,""qualification_signals"":[""generic product inquiry""],""confidence"":""MEDIUM""}}","{""recommendation_status"":""INSUFFICIENT_INFORMATION"",""recommendations"":[]}","{""test_id"":""E09"",""agent"":""product_recommender""}","1000","","[]","","t-run-1788685401499","[]"
"product-recommender-run-1788686422754","run-1788686422754","","SPAN","product_recommender","2026-09-06 11:40:00.000000","2026-09-06 11:40:01.000000","","default","","","","DEFAULT","","","","","","","{}","{}","{}","0","{""qualification_output"":{""lead_tier"":""WARM"",""is_sales_lead"":1,""qualification_signals"":[""specific product requirement"",""budget provided"",""customer looking for a gift""],""confidence"":""MEDIUM""}}","{""recommendation_status"":""MATCH_FOUND"",""recommendations"":[{""product_id"":""P015"",""product_name"":""Desk Organizer Set"",""price"":""39.00"",""why_recommended"":""This desk organizer set is a nice item for a colleague, matches the gift requirement, and falls within the budget of $40-50.""}]}","{""test_id"":""E06"",""agent"":""product_recommender""}","1000","","[]","","t-run-1788686422754","[]"
"product-recommender-run-1788685355078","run-1788685355078","","SPAN","product_recommender","2026-09-06 11:40:00.000000","2026-09-06 11:40:01.000000","","default","","","","DEFAULT","","","","","","","{}","{}","{}","0","{""qualification_output"":{""lead_tier"":""WARM"",""is_sales_lead"":1,""qualification_signals"":[""specific product requirement"",""budget provided""],""confidence"":""MEDIUM""}}","{""recommendation_status"":""MATCH_FOUND"",""recommendations"":[{""product_id"":""P015"",""product_name"":""Desk Organizer Set"",""price"":""39.00"",""why_recommended"":""Matches the desk accessories requirement and is within the budget. A suitable gift for a colleague, featuring a walnut finish.""}]}","{""test_id"":""E06"",""agent"":""product_recommender""}","1000","","[]","","t-run-1788685355078","[]"
"product-recommender-run-1788686553288","run-1788686553288","","SPAN","product_recommender","2026-09-06 11:40:00.000000","2026-09-06 11:40:01.000000","","default","","","","DEFAULT","","","","","","","{}","{}","{}","0","{""qualification_output"":{""lead_tier"":""HOT"",""is_sales_lead"":1,""qualification_signals"":[""specific product requirement"",""budget provided"",""customer specified requirements""],""confidence"":""HIGH""}}","{""recommendation_status"":""PARTIAL_MATCH"",""recommendations"":[{""product_id"":""f19f94f2-83fd-481b-aa82-f77dbd44866c"",""product_name"":""Conference Table 12-Person"",""price"":""2499.00"",""why_recommended"":""Matches the requirement for seating 12 people comfortably, looks professional, and is durable for daily use. The product includes premium finish and integrated power outlets. It is within the budget of $3,000.""},{""product_id"":""P010"",""product_name"":""Conference Table 8-Person"",""price"":""1499.00"",""why_recommended"":""While this product only seats 8 people, it does look professional and has a scratch-resistant surface, making it durable. It is within the budget, but does not fully meet the seating requirement.""}]}","{""test_id"":""E08"",""agent"":""product_recommender""}","1000","","[]","","t-run-1788686553288","[]"
"product-recommender-run-1788685417708","run-1788685417708","","SPAN","product_recommender","2026-09-06 11:40:00.000000","2026-09-06 11:40:01.000000","","default","","","","DEFAULT","","","","","","","{}","{}","{}","0","{""qualification_output"":{""lead_tier"":""WARM"",""is_sales_lead"":1,""qualification_signals"":[""out of stock inquiry"",""restock timeline inquiry"",""wants to order soon""],""confidence"":""MEDIUM""}}","{""recommendation_status"":""PARTIAL_MATCH"",""recommendations"":[{""product_id"":""P001"",""product_name"":""Walnut Executive Desk"",""price"":""$1299.00"",""why_recommended"":""Matches the primary interest in an executive desk. However, it is currently out of stock and no restock timeline is provided.""},{""product_id"":""P004"",""product_name"":""Oak Executive Desk"",""price"":""$899.00"",""why_recommended"":""Offers a similar executive desk option that is in stock. The catalog does not confirm whether it meets the walnut requirement.""}]}","{""test_id"":""E10"",""agent"":""product_recommender""}","1000","","[]","","t-run-1788685417708","[]"
"product-recommender-run-1788685261343","run-1788685261343","","SPAN","product_recommender","2026-09-06 11:40:00.000000","2026-09-06 11:40:01.000000","","default","","","","DEFAULT","","","","","","","{}","{}","{}","0","{""qualification_output"":{""lead_tier"":""COLD"",""is_sales_lead"":1,""qualification_signals"":[""generic product inquiry""],""confidence"":""MEDIUM""}}","{""recommendation_status"":""INSUFFICIENT_INFORMATION"",""recommendations"":[]}","{""test_id"":""E02"",""agent"":""product_recommender""}","1000","","[]","","t-run-1788685261343","[]"
"product-recommender-run-1788685330947","run-1788685330947","","SPAN","product_recommender","2026-09-06 11:40:00.000000","2026-09-06 11:40:01.000000","","default","","","","DEFAULT","","","","","","","{}","{}","{}","0","{""qualification_output"":{""lead_tier"":""WARM"",""is_sales_lead"":1,""qualification_signals"":[""specific product requirement"",""quantity provided"",""bulk purchase"",""product comparison""],""confidence"":""MEDIUM""}}","{""recommendation_status"":""PARTIAL_MATCH"",""recommendations"":[{""product_id"":""P002"",""product_name"":""Adjustable Standing Desk Pro"",""price"":""749.00"",""why_recommended"":""Matches the standing desk requirement and is electric height-adjustable, suitable for bulk purchases. The price exceeds the unknown budget.""},{""product_id"":""P003"",""product_name"":""Adjustable Standing Desk Basic"",""price"":""449.00"",""why_recommended"":""Matches the standing desk requirement with manual height adjustment. This product meets expectations for bulk purchases but does not exceed budget since it’s within the assumed limit.""},{""product_id"":""P020"",""product_name"":""Sit-Stand Desk Converter"",""price"":""279.00"",""why_recommended"":""While it's a desktop converter and may not be what Sarah is directly comparing, it serves a similar functional need and fits the standing desk category.""}]}","{""test_id"":""E05"",""agent"":""product_recommender""}","1000","","[]","","t-run-1788685330947","[]"
"product-recommender-run-1788686116810","run-1788686116810","","SPAN","product_recommender","2026-09-06 11:40:00.000000","2026-09-06 11:40:01.000000","","default","","","","DEFAULT","","","","","","","{}","{}","{}","0","{""qualification_output"":{""lead_tier"":""COLD"",""is_sales_lead"":1,""qualification_signals"":[""generic product inquiry""],""confidence"":""MEDIUM""}}","{""recommendation_status"":""INSUFFICIENT_INFORMATION"",""recommendations"":[]}","{""test_id"":""E02"",""agent"":""product_recommender""}","1000","","[]","","t-run-1788686116810","[]"
"product-recommender-run-1788685440731","run-1788685440731","","SPAN","product_recommender","2026-09-06 11:40:00.000000","2026-09-06 11:40:01.000000","","default","","","","DEFAULT","","","","","","","{}","{}","{}","0","{""qualification_output"":{""lead_tier"":""HOT"",""is_sales_lead"":1,""qualification_signals"":[""specific product requirement"",""budget provided"",""quantity provided"",""urgent delivery deadline""],""confidence"":""HIGH""}}","{""recommendation_status"":""PARTIAL_MATCH"",""recommendations"":[{""product_id"":""P003"",""product_name"":""Adjustable Standing Desk Basic"",""price"":""$449.00"",""why_recommended"":""Matches the adjustable standing desk requirement and is within budget at $449 each. However, it does not fulfill the quantity of 30 units requested.""},{""product_id"":""P007"",""product_name"":""Ergonomic Task Chair"",""price"":""$299.00"",""why_recommended"":""Meets the ergonomic task chair requirement and is within the budget at $299 each. However, it does not fulfill the quantity of 30 units requested.""},{""product_id"":""P012"",""product_name"":""Huddle Room Table"",""price"":""$549.00"",""why_recommended"":""Matches the requirement for small meeting tables and is within budget at $549 each. However, it does not fulfill the quantity of 5 tables requested.""}]}","{""test_id"":""E11"",""agent"":""product_recommender""}","1000","","[]","","t-run-1788685440731","[]"
"product-recommender-run-1788686086224","run-1788686086224","","SPAN","product_recommender","2026-09-06 11:40:00.000000","2026-09-06 11:40:01.000000","","default","","","","DEFAULT","","","","","","","{}","{}","{}","0","{""qualification_output"":{""lead_tier"":""HOT"",""is_sales_lead"":1,""qualification_signals"":[""specific product requirement"",""budget provided"",""urgent delivery deadline""],""confidence"":""HIGH""}}","{""recommendation_status"":""PARTIAL_MATCH"",""recommendations"":[{""product_id"":""P002"",""product_name"":""Adjustable Standing Desk Pro"",""price"":""$749.00"",""why_recommended"":""Matches the standing desk requirement, is height-adjustable, and is within the $800 budget. However, the catalog does not confirm a dark walnut finish.""},{""product_id"":""P003"",""product_name"":""Adjustable Standing Desk Basic"",""price"":""$449.00"",""why_recommended"":""Matches the standing desk requirement and is height-adjustable. It is within the $800 budget, but does not confirm a dark walnut finish.""}]}","{""test_id"":""E01"",""agent"":""product_recommender""}","1000","","[]","","t-run-1788686086224","[]"
"product-recommender-run-1788686611233","run-1788686611233","","SPAN","product_recommender","2026-09-06 11:40:00.000000","2026-09-06 11:40:01.000000","","default","","","","DEFAULT","","","","","","","{}","{}","{}","0","{""qualification_output"":{""lead_tier"":""WARM"",""is_sales_lead"":1,""qualification_signals"":[""specific product inquiry"",""delivery timeline inquiry""],""confidence"":""MEDIUM""}}","{""recommendation_status"":""PARTIAL_MATCH"",""recommendations"":[{""product_id"":""P001"",""product_name"":""Walnut Executive Desk"",""price"":""1299.00"",""why_recommended"":""This product is the requested Walnut Executive Desk but is currently out of stock. The customer inquired about delivery timeline and ordering.""},{""product_id"":""P004"",""product_name"":""Oak Executive Desk"",""price"":""899.00"",""why_recommended"":""This is an available executive desk, though it is made of solid oak instead of walnut. It is in stock and reasonably priced.""},{""product_id"":""P015"",""product_name"":""Desk Organizer Set"",""price"":""39.00"",""why_recommended"":""This walnut-finished desk accessory is available and complements executive desks.""}]}","{""test_id"":""E10"",""agent"":""product_recommender""}","1000","","[]","","t-run-1788686611233","[]"
"product-recommender-run-1788685284075","run-1788685284075","","SPAN","product_recommender","2026-09-06 11:40:00.000000","2026-09-06 11:40:01.000000","","default","","","","DEFAULT","","","","","","","{}","{}","{}","0","{""qualification_output"":{""lead_tier"":""HOT"",""is_sales_lead"":1,""qualification_signals"":[""specific product requirement"",""budget provided"",""quantity provided"",""urgent delivery deadline"",""explicit purchase intent""],""confidence"":""HIGH""}}","{""recommendation_status"":""MATCH_FOUND"",""recommendations"":[{""product_id"":""P007"",""product_name"":""Ergonomic Task Chair"",""price"":""$299.00"",""why_recommended"":""Matches the ergonomic requirement, is in stock, and falls well within the $5,000 budget. Delivery is required, but the catalog does not confirm delivery details.""},{""product_id"":""P006"",""product_name"":""Ergonomic Pro Chair"",""price"":""$449.00"",""why_recommended"":""Matches the ergonomic requirement, is in stock, and is within the budget. Delivery is required, but the catalog does not confirm delivery details.""},{""product_id"":""P008"",""product_name"":""Executive Leather Chair"",""price"":""$599.00"",""why_recommended"":""Matches the ergonomic requirement, is in stock, and fits within the budget. Delivery is required, but the catalog does not confirm delivery details.""}]}","{""test_id"":""E03"",""agent"":""product_recommender""}","1000","","[]","","t-run-1788685284075","[]"
"product-recommender-run-1788685526714","run-1788685526714","","SPAN","product_recommender","2026-09-06 11:40:00.000000","2026-09-06 11:40:01.000000","","default","","","","DEFAULT","","","","","","","{}","{}","{}","0","{""qualification_output"":{""lead_tier"":""HOT"",""is_sales_lead"":1,""qualification_signals"":[""specific product requirement"",""budget provided"",""quantity provided"",""explicit purchase intent""],""confidence"":""HIGH""}}","{""recommendation_status"":""PARTIAL_MATCH"",""recommendations"":[{""product_id"":""P007"",""product_name"":""Ergonomic Task Chair"",""price"":""299.00"",""why_recommended"":""Matches the requirement for a chair at $299, which is below Herman Miller's $395 and marked as in stock. However, it doesn't meet the specific price matching request.""},{""product_id"":""P006"",""product_name"":""Ergonomic Pro Chair"",""price"":""449.00"",""why_recommended"":""An ergonomic chair but priced at $449, exceeding the competitor's price of $395. It's marked as in stock, though it doesn't satisfy the price matching condition.""},{""product_id"":""P009"",""product_name"":""Basic Office Chair"",""price"":""149.00"",""why_recommended"":""This chair is priced at $149, which is well below the competitor's price point, but it may not have the ergonomic features preferred for long-term use.""}]}","{""test_id"":""E15"",""agent"":""product_recommender""}","1000","","[]","","t-run-1788685526714","[]"
"product-recommender-run-1788685477150","run-1788685477150","","SPAN","product_recommender","2026-09-06 11:40:00.000000","2026-09-06 11:40:01.000000","","default","","","","DEFAULT","","","","","","","{}","{}","{}","0","{""qualification_output"":{""lead_tier"":""COLD"",""is_sales_lead"":1,""qualification_signals"":[""generic product inquiry""],""confidence"":""MEDIUM""}}","{""recommendation_status"":""MATCH_FOUND"",""recommendations"":[{""product_id"":""P007"",""product_name"":""Ergonomic Task Chair"",""price"":""$299.00"",""why_recommended"":""Matches the primary product category of chairs. It features adjustable lumbar support and armrests, suitable for ergonomic needs.""},{""product_id"":""P006"",""product_name"":""Ergonomic Pro Chair"",""price"":""$449.00"",""why_recommended"":""Also a chair, offering full mesh design with lumbar support and adjustable features, suitable for prolonged ergonomic use.""},{""product_id"":""P008"",""product_name"":""Executive Leather Chair"",""price"":""$599.00"",""why_recommended"":""Fits the chair category and offers premium features such as leather upholstery and memory foam.""}]}","{""test_id"":""E13"",""agent"":""product_recommender""}","1000","","[]","","t-run-1788685477150","[]"
"product-recommender-run-1788686515332","run-1788686515332","","SPAN","product_recommender","2026-09-06 11:40:00.000000","2026-09-06 11:40:01.000000","","default","","","","DEFAULT","","","","","","","{}","{}","{}","0","{""qualification_output"":{""lead_tier"":""COLD"",""is_sales_lead"":1,""qualification_signals"":[""generic product inquiry""],""confidence"":""MEDIUM""}}","{""recommendation_status"":""INSUFFICIENT_INFORMATION"",""recommendations"":[]}","{""test_id"":""E07"",""agent"":""product_recommender""}","1000","","[]","","t-run-1788686515332","[]"
"product-recommender-run-1788685306940","run-1788685306940","","SPAN","product_recommender","2026-09-06 11:40:00.000000","2026-09-06 11:40:01.000000","","default","","","","DEFAULT","","","","","","","{}","{}","{}","0","{""qualification_output"":{""lead_tier"":""COLD"",""is_sales_lead"":1,""qualification_signals"":[""generic product inquiry"",""specific product requirement""],""confidence"":""MEDIUM""}}","{""recommendation_status"":""MATCH_FOUND"",""recommendations"":[{""product_id"":""d839f14b-2d0d-44d4-b969-9fa1ed695c46"",""product_name"":""Oak Executive Desk"",""price"":""899.00"",""why_recommended"":""Matches the desk requirement with colors available in Natural Oak and Dark Walnut finishes. This product is in stock and suitable for executive use.""},{""product_id"":""3cadc5a9-1d30-4ce0-986c-538dd3d466aa"",""product_name"":""Compact Home Office Desk"",""price"":""349.00"",""why_recommended"":""Also matches the desk requirement, offering a space-saving option. This product is in stock but does not meet the specific finish requirement.""},{""product_id"":""d411b412-751c-46ad-a652-2a9f906737a6"",""product_name"":""Sit-Stand Desk Converter"",""price"":""279.00"",""why_recommended"":""Offers flexibility in desk use but does not match the specific finish requirement and is a different product type.""}]}","{""test_id"":""E04"",""agent"":""product_recommender""}","1000","","[]","","t-run-1788685306940","[]"
"product-recommender-run-1788685235266","run-1788685235266","","SPAN","product_recommender","2026-09-06 11:40:00.000000","2026-09-06 11:40:01.000000","","default","","","","DEFAULT","","","","","","","{}","{}","{}","0","{""qualification_output"":{""lead_tier"":""HOT"",""is_sales_lead"":1,""qualification_signals"":[""specific product requirement"",""budget provided"",""quality matters"",""requirements for finish and adjustability""],""confidence"":""HIGH""}}","{""recommendation_status"":""PARTIAL_MATCH"",""recommendations"":[{""product_id"":""P002"",""product_name"":""Adjustable Standing Desk Pro"",""price"":""$749"",""why_recommended"":""Electric height-adjustable desk which matches the adjustable height requirement and is suitable for a home office. However, it does not match the requested dark walnut finish.""},{""product_id"":""P003"",""product_name"":""Adjustable Standing Desk Basic"",""price"":""$449"",""why_recommended"":""Manual crank height-adjustable desk that fits within budget and is for home office use. It does not meet the dark walnut finish requirement.""}]}","{""test_id"":""E01"",""agent"":""product_recommender""}","1000","","[]","","t-run-1788685235266","[]"
"qualification-run-1788877576094","run-1788877576094","","SPAN","qualification","2026-09-06 11:35:00.000000","2026-09-06 11:35:01.000000","","default","","","","DEFAULT","","","","","","","{}","{}","{}","0","{""email_ingestion_output"":{""customer_name"":""John Martinez"",""customer_email"":""john.martinez@techcorp.com"",""product_interest"":""standing desk"",""budget"":""$800"",""quantity"":""unknown"",""urgency"":""unknown"",""requirements"":[""dark walnut finish"",""adjustable height"",""under $800"",""works from home full-time"",""quality matters""]}}","{""lead_tier"":""HOT"",""is_sales_lead"":1,""qualification_signals"":[""specific product requirement"",""budget provided""],""confidence"":""HIGH""}","{""test_id"":""E01"",""agent"":""Lead Qualifier Agent""}","1000","","[]","","t-run-1788877576094","[]"
"qualification-run-1788691038779","run-1788691038779","","SPAN","qualification","2026-09-06 11:35:00.000000","2026-09-06 11:35:01.000000","","default","","","","DEFAULT","","","","","","","{}","{}","{}","0","{""email_ingestion_output"":{""customer_name"":""John Martinez"",""customer_email"":""unknown"",""product_interest"":""standing desk"",""budget"":""under $800"",""quantity"":""unknown"",""urgency"":"""",""requirements"":[""dark walnut finish"",""adjustable height"",""quality matters"",""home office use""]}}","{""lead_tier"":""HOT"",""is_sales_lead"":1,""qualification_signals"":[""specific product requirement"",""budget provided""],""confidence"":""HIGH""}","{""test_id"":""E01"",""agent"":""Lead Qualifier Agent""}","1000","","[]","","t-run-1788691038779","[]"
"qualification-run-1788691100276","run-1788691100276","","SPAN","qualification","2026-09-06 11:35:00.000000","2026-09-06 11:35:01.000000","","default","","","","DEFAULT","","","","","","","{}","{}","{}","0","{""email_ingestion_output"":{""customer_name"":""John Martinez"",""customer_email"":""unknown"",""product_interest"":""standing desk"",""budget"":""under $800"",""quantity"":""unknown"",""urgency"":"""",""requirements"":[""dark walnut finish"",""adjustable height"",""quality matters"",""works from home full-time""]}}","{""lead_tier"":""HOT"",""is_sales_lead"":1,""qualification_signals"":[""specific product requirement"",""budget provided"",""quality matters"",""explicit purchase intent""],""confidence"":""HIGH""}","{""test_id"":""E01"",""agent"":""Lead Qualifier Agent""}","1000","","[]","","t-run-1788691100276","[]"
"qualification-run-1788690955530","run-1788690955530","","SPAN","qualification","2026-09-06 11:35:00.000000","2026-09-06 11:35:01.000000","","default","","","","DEFAULT","","","","","","","{}","{}","{}","0","{""email_ingestion_output"":{""customer_name"":""John Martinez"",""customer_email"":""unknown"",""product_interest"":""standing desk"",""budget"":""under $800"",""quantity"":""unknown"",""urgency"":""unknown"",""requirements"":[""dark walnut finish"",""adjustable height"",""quality matters"",""works from home full-time""]}}","{""lead_tier"":""HOT"",""is_sales_lead"":1,""qualification_signals"":[""specific product requirement"",""budget provided"",""quality matters"",""works from home full-time""],""confidence"":""HIGH""}","{""test_id"":""E01"",""agent"":""Lead Qualifier Agent""}","1000","","[]","","t-run-1788690955530","[]"
"qualification-run-1788691226856","run-1788691226856","","SPAN","qualification","2026-09-06 11:35:00.000000","2026-09-06 11:35:01.000000","","default","","","","DEFAULT","","","","","","","{}","{}","{}","0","{""email_ingestion_output"":{""customer_name"":""John Martinez"",""customer_email"":""unknown"",""product_interest"":""standing desk"",""budget"":""under $800"",""quantity"":""unknown"",""urgency"":""unknown"",""requirements"":[""dark walnut finish"",""adjustable height"",""quality matters"",""home office"",""works from home full-time""]}}","{""lead_tier"":""HOT"",""is_sales_lead"":1,""qualification_signals"":[""specific product requirement"",""budget provided"",""works from home full-time"",""adjustable height"",""dark walnut finish""],""confidence"":""HIGH""}","{""test_id"":""E01"",""agent"":""Lead Qualifier Agent""}","1000","","[]","","t-run-1788691226856","[]"
"qualification-run-1788693344345","run-1788693344345","","SPAN","qualification","2026-09-06 11:35:00.000000","2026-09-06 11:35:01.000000","","default","","","","DEFAULT","","","","","","","{}","{}","{}","0","{""email_ingestion_output"":{""customer_name"":""unknown"",""customer_email"":""unknown"",""product_interest"":""furniture"",""budget"":""unknown"",""quantity"":""unknown"",""urgency"":"""",""requirements"":[]}}","{""lead_tier"":""COLD"",""is_sales_lead"":1,""qualification_signals"":[""generic product inquiry""],""confidence"":""MEDIUM""}","{""test_id"":""E02"",""agent"":""Lead Qualifier Agent""}","1000","","[]","","t-run-1788693344345","[]"
"qualification-run-1788690695697","run-1788690695697","","SPAN","qualification","2026-09-06 11:35:00.000000","2026-09-06 11:35:01.000000","","default","","","","DEFAULT","","","","","","","{}","{}","{}","0","{""email_ingestion_output"":{""customer_name"":""John Martinez"",""customer_email"":""unknown"",""product_interest"":""standing desk"",""budget"":""under $800"",""quantity"":""unknown"",""urgency"":"""",""requirements"":[""dark walnut finish"",""adjustable height"",""quality matters"",""works from home full-time""]}}","{""lead_tier"":""HOT"",""is_sales_lead"":1,""qualification_signals"":[""specific product requirement"",""budget provided"",""quality matters"",""works from home full-time""],""confidence"":""HIGH""}","{""test_id"":""E01"",""agent"":""Lead Qualifier Agent""}","1000","","[]","","t-run-1788690695697","[]"
"qualification-run-1788691791557","run-1788691791557","","SPAN","qualification","2026-09-06 11:35:00.000000","2026-09-06 11:35:01.000000","","default","","","","DEFAULT","","","","","","","{}","{}","{}","0","{""email_ingestion_output"":{""customer_name"":""John Martinez"",""customer_email"":""unknown"",""product_interest"":""standing desk"",""budget"":""under $800"",""quantity"":""unknown"",""urgency"":"""",""requirements"":[""dark walnut finish"",""adjustable height"",""quality matters"",""works from home full-time""]}}","{""lead_tier"":""HOT"",""is_sales_lead"":1,""qualification_signals"":[""specific product requirement"",""budget provided"",""quality matters"",""works from home full-time""],""confidence"":""HIGH""}","{""test_id"":""E01"",""agent"":""Lead Qualifier Agent""}","1000","","[]","","t-run-1788691791557","[]"
"qualification-run-1788693318214","run-1788693318214","","SPAN","qualification","2026-09-06 11:35:00.000000","2026-09-06 11:35:01.000000","","default","","","","DEFAULT","","","","","","","{}","{}","{}","0","{""email_ingestion_output"":{""customer_name"":""John Martinez"",""customer_email"":""unknown"",""product_interest"":""standing desk"",""budget"":""under $800"",""quantity"":""unknown"",""urgency"":"""",""requirements"":[""dark walnut finish"",""adjustable height"",""quality matters"",""works from home full-time""]}}","{""lead_tier"":""HOT"",""is_sales_lead"":1,""qualification_signals"":[""specific product requirement"",""budget provided"",""quality matters""],""confidence"":""HIGH""}","{""test_id"":""E01"",""agent"":""Lead Qualifier Agent""}","1000","","[]","","t-run-1788693318214","[]"
"qualification-run-1788692076800","run-1788692076800","","SPAN","qualification","2026-09-06 11:35:00.000000","2026-09-06 11:35:01.000000","","default","","","","DEFAULT","","","","","","","{}","{}","{}","0","{""email_ingestion_output"":{""customer_name"":""John Martinez"",""customer_email"":""unknown"",""product_interest"":""standing desk"",""budget"":""under $800"",""quantity"":""unknown"",""urgency"":"""",""requirements"":[""dark walnut finish"",""adjustable height"",""quality matters"",""home office"",""full-time work""]}}","{""lead_tier"":""HOT"",""is_sales_lead"":1,""qualification_signals"":[""clear product requirement"",""budget provided"",""specific finish requirement"",""adjustable height request"",""quality matters"",""home office usage""],""confidence"":""HIGH""}","{""test_id"":""E01"",""agent"":""Lead Qualifier Agent""}","1000","","[]","","t-run-1788692076800","[]"
"qualification-run-1788694510488","run-1788694510488","","SPAN","qualification","2026-09-06 11:35:00.000000","2026-09-06 11:35:01.000000","","default","","","","DEFAULT","","","","","","","{}","{}","{}","0","{""email_ingestion_output"":{""customer_name"":""unknown"",""customer_email"":""unknown"",""product_interest"":""furniture"",""budget"":""unknown"",""quantity"":""unknown"",""urgency"":"""",""requirements"":[]}}","{""lead_tier"":""COLD"",""is_sales_lead"":0,""qualification_signals"":[""generic product inquiry""],""confidence"":""HIGH""}","{""test_id"":""E02"",""agent"":""Lead Qualifier Agent""}","1000","","[]","","t-run-1788694510488","[]"
"qualification-run-1788692676379","run-1788692676379","","SPAN","qualification","2026-09-06 11:35:00.000000","2026-09-06 11:35:01.000000","","default","","","","DEFAULT","","","","","","","{}","{}","{}","0","{""email_ingestion_output"":{""customer_name"":""John Martinez"",""customer_email"":""unknown"",""product_interest"":""standing desk"",""budget"":""under $800"",""quantity"":""unknown"",""urgency"":"""",""requirements"":[""dark walnut finish"",""adjustable height"",""quality matters"",""home office"",""works from home full-time""]}}","{""lead_tier"":""HOT"",""is_sales_lead"":1,""qualification_signals"":[""specific product requirement"",""budget provided"",""quality matters"",""home office setup"",""adjustable height""],""confidence"":""HIGH""}","{""test_id"":""E01"",""agent"":""Lead Qualifier Agent""}","1000","","[]","","t-run-1788692676379","[]"
"qualification-run-1788687593917","run-1788687593917","","SPAN","qualification","2026-09-06 11:35:00.000000","2026-09-06 11:35:01.000000","","default","","","","DEFAULT","","","","","","","{}","{}","{}","0","{""email_ingestion_output"":{""customer_name"":""John Martinez"",""customer_email"":""unknown"",""product_interest"":""standing desk"",""budget"":""under $800"",""quantity"":""unknown"",""urgency"":"""",""requirements"":[""dark walnut finish"",""adjustable height"",""quality matters"",""works from home full-time""]}}","{""lead_tier"":""HOT"",""is_sales_lead"":1,""qualification_signals"":[""specific product requirement"",""budget provided"",""quality matters"",""works from home full-time"",""adjustable height"",""dark walnut finish""],""confidence"":""HIGH""}","{""test_id"":""E01"",""agent"":""Lead Qualifier Agent""}","1000","","[]","","t-run-1788687593917","[]"
"qualification-run-1788692992911","run-1788692992911","","SPAN","qualification","2026-09-06 11:35:00.000000","2026-09-06 11:35:01.000000","","default","","","","DEFAULT","","","","","","","{}","{}","{}","0","{""email_ingestion_output"":{""customer_name"":""John Martinez"",""customer_email"":""unknown"",""product_interest"":""standing desk"",""budget"":""under $800"",""quantity"":""unknown"",""urgency"":"""",""requirements"":[""dark walnut finish"",""adjustable height"",""quality matters"",""home office"",""works from home full-time""]}}","{""lead_tier"":""HOT"",""is_sales_lead"":1,""qualification_signals"":[""specific product requirement"",""budget provided"",""quality matters"",""home office use""],""confidence"":""HIGH""}","{""test_id"":""E01"",""agent"":""Lead Qualifier Agent""}","1000","","[]","","t-run-1788692992911","[]"
"qualification-run-1788801395772","run-1788801395772","","SPAN","qualification","2026-09-06 11:35:00.000000","2026-09-06 11:35:01.000000","","default","","","","DEFAULT","","","","","","","{}","{}","{}","0","{""email_ingestion_output"":{""customer_name"":""John Martinez"",""customer_email"":""john.martinez@techcorp.com"",""product_interest"":""standing desk"",""budget"":""$800"",""quantity"":""unknown"",""urgency"":""unknown"",""requirements"":[""dark walnut finish"",""adjustable height"",""under $800"",""works from home full-time"",""quality matters""]}}","{""lead_tier"":""HOT"",""is_sales_lead"":1,""qualification_signals"":[""specific product requirement"",""budget provided""],""confidence"":""HIGH""}","{""test_id"":""E01"",""agent"":""Lead Qualifier Agent""}","1000","","[]","","t-run-1788801395772","[]"
"qualification-run-1788802318574","run-1788802318574","","SPAN","qualification","2026-09-06 11:35:00.000000","2026-09-06 11:35:01.000000","","default","","","","DEFAULT","","","","","","","{}","{}","{}","0","{""email_ingestion_output"":{""customer_name"":""John Martinez"",""customer_email"":""john.martinez@techcorp.com"",""product_interest"":""standing desk"",""budget"":""$800"",""quantity"":""unknown"",""urgency"":""unknown"",""requirements"":[""dark walnut finish"",""adjustable height"",""under $800"",""works from home full-time"",""quality matters""]}}","{""lead_tier"":""HOT"",""is_sales_lead"":1,""qualification_signals"":[""specific product requirement"",""budget provided"",""quality matters""],""confidence"":""HIGH""}","{""test_id"":""E01"",""agent"":""Lead Qualifier Agent""}","1000","","[]","","t-run-1788802318574","[]"
"qualification-run-1788695234468","run-1788695234468","","SPAN","qualification","2026-09-06 11:35:00.000000","2026-09-06 11:35:01.000000","","default","","","","DEFAULT","","","","","","","{}","{}","{}","0","{""email_ingestion_output"":{""customer_name"":""John Martinez"",""customer_email"":""unknown"",""product_interest"":""standing desk"",""budget"":""under $800"",""quantity"":""unknown"",""urgency"":"""",""requirements"":[""dark walnut finish"",""adjustable height"",""quality matters"",""home office use""]}}","{""lead_tier"":""HOT"",""is_sales_lead"":1,""qualification_signals"":[""specific product requirement"",""budget provided""],""confidence"":""HIGH""}","{""test_id"":""E01"",""agent"":""Lead Qualifier Agent""}","1000","","[]","","t-run-1788695234468","[]"
"qualification-run-1788698594993","run-1788698594993","","SPAN","qualification","2026-09-06 11:35:00.000000","2026-09-06 11:35:01.000000","","default","","","","DEFAULT","","","","","","","{}","{}","{}","0","{""email_ingestion_output"":{""customer_name"":""Maria Chen"",""customer_email"":""unknown"",""product_interest"":""ergonomic office chairs"",""budget"":""$5,000"",""quantity"":""10"",""urgency"":""by end of month"",""requirements"":[""options with pricing and availability""]}}","{""lead_tier"":""HOT"",""is_sales_lead"":1,""qualification_signals"":[""specific product requirement"",""budget provided"",""quantity provided"",""urgent delivery deadline"",""product options inquiry""],""confidence"":""HIGH""}","{""test_id"":""E03"",""agent"":""Lead Qualifier Agent""}","1000","","[]","","t-run-1788698594993","[]"
"qualification-run-1788696141667","run-1788696141667","","SPAN","qualification","2026-09-06 11:35:00.000000","2026-09-06 11:35:01.000000","","default","","","","DEFAULT","","","","","","","{}","{}","{}","0","{""email_ingestion_output"":{""customer_name"":""John Martinez"",""customer_email"":""unknown"",""product_interest"":""standing desk"",""budget"":""under $800"",""quantity"":""unknown"",""urgency"":"""",""requirements"":[""dark walnut finish"",""adjustable height"",""quality matters"",""home office"",""works from home full-time""]}}","{""lead_tier"":""HOT"",""is_sales_lead"":1,""qualification_signals"":[""specific product requirement"",""budget provided""],""confidence"":""HIGH""}","{""test_id"":""E01"",""agent"":""Lead Qualifier Agent""}","1000","","[]","","t-run-1788696141667","[]"
"qualification-run-1788696168459","run-1788696168459","","SPAN","qualification","2026-09-06 11:35:00.000000","2026-09-06 11:35:01.000000","","default","","","","DEFAULT","","","","","","","{}","{}","{}","0","{""email_ingestion_output"":{""customer_name"":""unknown"",""customer_email"":""unknown"",""product_interest"":""furniture"",""budget"":""unknown"",""quantity"":""unknown"",""urgency"":""unknown"",""requirements"":[]}}","{""lead_tier"":""COLD"",""is_sales_lead"":0,""qualification_signals"":[""generic product inquiry""],""confidence"":""LOW""}","{""test_id"":""E02"",""agent"":""Lead Qualifier Agent""}","1000","","[]","","t-run-1788696168459","[]"
"qualification-run-1788696296445","run-1788696296445","","SPAN","qualification","2026-09-06 11:35:00.000000","2026-09-06 11:35:01.000000","","default","","","","DEFAULT","","","","","","","{}","{}","{}","0","{""email_ingestion_output"":{""customer_name"":""John Martinez"",""customer_email"":""unknown"",""product_interest"":""standing desk"",""budget"":""under $800"",""quantity"":""unknown"",""urgency"":""unknown"",""requirements"":[""dark walnut finish"",""adjustable height"",""quality matters"",""home office"",""works from home full-time""]}}","{""lead_tier"":""HOT"",""is_sales_lead"":1,""qualification_signals"":[""specific product requirement"",""budget provided"",""requirements indicate specific needs""],""confidence"":""HIGH""}","{""test_id"":""E01"",""agent"":""Lead Qualifier Agent""}","1000","","[]","","t-run-1788696296445","[]"
"qualification-run-1788694941051","run-1788694941051","","SPAN","qualification","2026-09-06 11:35:00.000000","2026-09-06 11:35:01.000000","","default","","","","DEFAULT","","","","","","","{}","{}","{}","0","{""email_ingestion_output"":{""customer_name"":""unknown"",""customer_email"":""unknown"",""product_interest"":""furniture"",""budget"":""unknown"",""quantity"":""unknown"",""urgency"":"""",""requirements"":[]}}","{""lead_tier"":""COLD"",""is_sales_lead"":0,""qualification_signals"":[""generic product inquiry""],""confidence"":""MEDIUM""}","{""test_id"":""E02"",""agent"":""Lead Qualifier Agent""}","1000","","[]","","t-run-1788694941051","[]"
"qualification-run-1788695254328","run-1788695254328","","SPAN","qualification","2026-09-06 11:35:00.000000","2026-09-06 11:35:01.000000","","default","","","","DEFAULT","","","","","","","{}","{}","{}","0","{""email_ingestion_output"":{""customer_name"":""unknown"",""customer_email"":""unknown"",""product_interest"":""furniture"",""budget"":""unknown"",""quantity"":""unknown"",""urgency"":""unknown"",""requirements"":[]}}","{""lead_tier"":""COLD"",""is_sales_lead"":0,""qualification_signals"":[""generic product inquiry""],""confidence"":""HIGH""}","{""test_id"":""E02"",""agent"":""Lead Qualifier Agent""}","1000","","[]","","t-run-1788695254328","[]"
"qualification-run-1788696748604","run-1788696748604","","SPAN","qualification","2026-09-06 11:35:00.000000","2026-09-06 11:35:01.000000","","default","","","","DEFAULT","","","","","","","{}","{}","{}","0","{""email_ingestion_output"":{""customer_name"":""John Martinez"",""customer_email"":""john.martinez@techcorp.com"",""product_interest"":""standing desk"",""budget"":""under $800"",""quantity"":""unknown"",""urgency"":""unknown"",""requirements"":[""dark walnut finish"",""adjustable height"",""home office use"",""quality""]}}","{""lead_tier"":""HOT"",""is_sales_lead"":1,""qualification_signals"":[""specific product requirement"",""budget provided""],""confidence"":""HIGH""}","{""test_id"":""E01"",""agent"":""Lead Qualifier Agent""}","1000","","[]","","t-run-1788696748604","[]"
"qualification-run-1788698901384","run-1788698901384","","SPAN","qualification","2026-09-06 11:35:00.000000","2026-09-06 11:35:01.000000","","default","","","","DEFAULT","","","","","","","{}","{}","{}","0","{""email_ingestion_output"":{""customer_name"":""Maria Chen"",""customer_email"":""procurement@bigcorp.com"",""product_interest"":""ergonomic office chairs"",""budget"":""$5,000"",""quantity"":""10"",""urgency"":""By end of month"",""requirements"":[""10 ergonomic office chairs"",""total budget $5,000"",""approximately $500 per chair"",""delivered by end of month"",""options with pricing"",""options with availability""]}}","{""lead_tier"":""HOT"",""is_sales_lead"":1,""qualification_signals"":[""specific product requirement"",""budget provided"",""quantity provided"",""urgent delivery deadline"",""explicit purchase intent"",""product options inquiry""],""confidence"":""HIGH""}","{""test_id"":""E03"",""agent"":""Lead Qualifier Agent""}","1000","","[]","","t-run-1788698901384","[]"
"qualification-run-1788694915791","run-1788694915791","","SPAN","qualification","2026-09-06 11:35:00.000000","2026-09-06 11:35:01.000000","","default","","","","DEFAULT","","","","","","","{}","{}","{}","0","{""email_ingestion_output"":{""customer_name"":""John Martinez"",""customer_email"":""unknown"",""product_interest"":""standing desk"",""budget"":""under $800"",""quantity"":""unknown"",""urgency"":"""",""requirements"":[""dark walnut finish"",""adjustable height"",""quality matters"",""home office"",""works from home full-time""]}}","{""lead_tier"":""WARM"",""is_sales_lead"":1,""qualification_signals"":[""specific product requirement"",""budget provided"",""product options inquiry""],""confidence"":""HIGH""}","{""test_id"":""E01"",""agent"":""Lead Qualifier Agent""}","1000","","[]","","t-run-1788694915791","[]"
"qualification-run-1788697892887","run-1788697892887","","SPAN","qualification","2026-09-06 11:35:00.000000","2026-09-06 11:35:01.000000","","default","","","","DEFAULT","","","","","","","{}","{}","{}","0","{""email_ingestion_output"":{""customer_name"":""John Martinez"",""customer_email"":""john.martinez@techcorp.com"",""product_interest"":""standing desk"",""budget"":""under $800"",""quantity"":""unknown"",""urgency"":""unknown"",""requirements"":[""dark walnut finish"",""adjustable height"",""quality for home office""]}}","{""lead_tier"":""HOT"",""is_sales_lead"":1,""qualification_signals"":[""specific product requirement"",""budget provided""],""confidence"":""HIGH""}","{""test_id"":""E01"",""agent"":""Lead Qualifier Agent""}","1000","","[]","","t-run-1788697892887","[]"
"qualification-run-1788697922818","run-1788697922818","","SPAN","qualification","2026-09-06 11:35:00.000000","2026-09-06 11:35:01.000000","","default","","","","DEFAULT","","","","","","","{}","{}","{}","0","{""email_ingestion_output"":{""customer_name"":""Maria Chen"",""customer_email"":""unknown"",""product_interest"":""ergonomic office chairs"",""budget"":""$5,000"",""quantity"":""10"",""urgency"":""by end of month"",""requirements"":[""options with pricing and availability""]}}","{""lead_tier"":""HOT"",""is_sales_lead"":1,""qualification_signals"":[""specific product requirement"",""budget provided"",""quantity provided"",""urgent delivery deadline"",""product options inquiry""],""confidence"":""HIGH""}","{""test_id"":""E03"",""agent"":""Lead Qualifier Agent""}","1000","","[]","","t-run-1788697922818","[]"
"qualification-run-1788697916186","run-1788697916186","","SPAN","qualification","2026-09-06 11:35:00.000000","2026-09-06 11:35:01.000000","","default","","","","DEFAULT","","","","","","","{}","{}","{}","0","{""email_ingestion_output"":{""customer_name"":""unknown"",""customer_email"":""unknown"",""product_interest"":""furniture"",""budget"":""unknown"",""quantity"":""unknown"",""urgency"":""unknown"",""requirements"":[]}}","{""lead_tier"":""COLD"",""is_sales_lead"":0,""qualification_signals"":[""generic product inquiry""],""confidence"":""LOW""}","{""test_id"":""E02"",""agent"":""Lead Qualifier Agent""}","1000","","[]","","t-run-1788697916186","[]"
"qualification-run-1788875006864","run-1788875006864","","SPAN","qualification","2026-09-06 11:35:00.000000","2026-09-06 11:35:01.000000","","default","","","","DEFAULT","","","","","","","{}","{}","{}","0","{""email_ingestion_output"":{""customer_name"":""John Martinez"",""customer_email"":""john.martinez@techcorp.com"",""product_interest"":""standing desk"",""budget"":""$800"",""quantity"":""unknown"",""urgency"":""unknown"",""requirements"":[""dark walnut finish"",""adjustable height"",""under $800"",""works from home full-time"",""quality matters""]}}","{""lead_tier"":""HOT"",""is_sales_lead"":1,""qualification_signals"":[""specific product requirement"",""budget provided""],""confidence"":""HIGH""}","{""test_id"":""E01"",""agent"":""Lead Qualifier Agent""}","1000","","[]","","t-run-1788875006864","[]"
"qualification-run-1788709167870","run-1788709167870","","SPAN","qualification","2026-09-06 11:35:00.000000","2026-09-06 11:35:01.000000","","default","","","","DEFAULT","","","","","","","{}","{}","{}","0","{""email_ingestion_output"":{""customer_name"":""unknown"",""customer_email"":""xk39spam@bot.net"",""product_interest"":""unknown"",""budget"":""unknown"",""quantity"":""unknown"",""urgency"":""unknown"",""requirements"":[]}}","{""lead_tier"":""NON_LEAD"",""is_sales_lead"":0,""qualification_signals"":[],""confidence"":""HIGH""}","{""test_id"":""E07"",""agent"":""Lead Qualifier Agent""}","1000","","[]","","t-run-1788709167870","[]"
"qualification-run-1788701211318","run-1788701211318","","SPAN","qualification","2026-09-06 11:35:00.000000","2026-09-06 11:35:01.000000","","default","","","","DEFAULT","","","","","","","{}","{}","{}","0","{""email_ingestion_output"":{""customer_name"":""unknown"",""customer_email"":""unknown"",""product_interest"":""furniture"",""budget"":""unknown"",""quantity"":""unknown"",""urgency"":""unknown"",""requirements"":[]}}","{""lead_tier"":""COLD"",""is_sales_lead"":0,""qualification_signals"":[""generic product inquiry""],""confidence"":""MEDIUM""}","{""test_id"":""E02"",""agent"":""Lead Qualifier Agent""}","1000","","[]","","t-run-1788701211318","[]"
"qualification-run-1788709061993","run-1788709061993","","SPAN","qualification","2026-09-06 11:35:00.000000","2026-09-06 11:35:01.000000","","default","","","","DEFAULT","","","","","","","{}","{}","{}","0","{""email_ingestion_output"":{""customer_name"":""Sarah Kim"",""customer_email"":""sarah.k@startupventures.io"",""product_interest"":""standing desks"",""budget"":""unknown"",""quantity"":""15"",""urgency"":""unknown"",""requirements"":[""comparing products with IKEA's BEKANT series"",""bulk discount for 15+ units""]}}","{""lead_tier"":""HOT"",""is_sales_lead"":1,""qualification_signals"":[""specific product requirement"",""quantity provided"",""bulk purchase"",""product comparison""],""confidence"":""HIGH""}","{""test_id"":""E05"",""agent"":""Lead Qualifier Agent""}","1000","","[]","","t-run-1788709061993","[]"
"qualification-run-1788709010665","run-1788709010665","","SPAN","qualification","2026-09-06 11:35:00.000000","2026-09-06 11:35:01.000000","","default","","","","DEFAULT","","","","","","","{}","{}","{}","0","{""email_ingestion_output"":{""customer_name"":""unknown"",""customer_email"":""curious.customer@email.com"",""product_interest"":""Oak Executive Desk"",""budget"":""unknown"",""quantity"":""unknown"",""urgency"":""unknown"",""requirements"":[""What colors does the Oak Executive Desk come in?"",""I saw it online but couldn't find color options.""]}}","{""lead_tier"":""WARM"",""is_sales_lead"":1,""qualification_signals"":[""specific product requirement"",""product options inquiry""],""confidence"":""MEDIUM""}","{""test_id"":""E04"",""agent"":""Lead Qualifier Agent""}","1000","","[]","","t-run-1788709010665","[]"
"qualification-run-1788708977555","run-1788708977555","","SPAN","qualification","2026-09-06 11:35:00.000000","2026-09-06 11:35:01.000000","","default","","","","DEFAULT","","","","","","","{}","{}","{}","0","{""email_ingestion_output"":{""customer_name"":""Maria Chen"",""customer_email"":""procurement@bigcorp.com"",""product_interest"":""ergonomic office chairs"",""budget"":""$5,000"",""quantity"":""10"",""urgency"":""By end of month"",""requirements"":[""10 ergonomic office chairs"",""total budget $5,000"",""approximately $500 per chair"",""delivered by end of month"",""options with pricing"",""options with availability""]}}","{""lead_tier"":""HOT"",""is_sales_lead"":1,""qualification_signals"":[""specific product requirement"",""budget provided"",""quantity provided"",""urgent delivery deadline"",""pricing request"",""availability inquiry""],""confidence"":""HIGH""}","{""test_id"":""E03"",""agent"":""Lead Qualifier Agent""}","1000","","[]","","t-run-1788708977555","[]"
"qualification-run-1788708969742","run-1788708969742","","SPAN","qualification","2026-09-06 11:35:00.000000","2026-09-06 11:35:01.000000","","default","","","","DEFAULT","","","","","","","{}","{}","{}","0","{""email_ingestion_output"":{""customer_name"":""unknown"",""customer_email"":""unknown"",""product_interest"":""furniture"",""budget"":""unknown"",""quantity"":""unknown"",""urgency"":""unknown"",""requirements"":[]}}","{""lead_tier"":""COLD"",""is_sales_lead"":0,""qualification_signals"":[""generic product inquiry""],""confidence"":""LOW""}","{""test_id"":""E02"",""agent"":""Lead Qualifier Agent""}","1000","","[]","","t-run-1788708969742","[]"
"qualification-run-1788708935735","run-1788708935735","","SPAN","qualification","2026-09-06 11:35:00.000000","2026-09-06 11:35:01.000000","","default","","","","DEFAULT","","","","","","","{}","{}","{}","0","{""email_ingestion_output"":{""customer_name"":""John Martinez"",""customer_email"":""unknown"",""product_interest"":""standing desk"",""budget"":""$800"",""quantity"":""unknown"",""urgency"":""unknown"",""requirements"":[""dark walnut finish"",""adjustable height"",""under $800"",""works from home full-time"",""quality matters""]}}","{""lead_tier"":""HOT"",""is_sales_lead"":1,""qualification_signals"":[""specific product requirement"",""budget provided""],""confidence"":""HIGH""}","{""test_id"":""E01"",""agent"":""Lead Qualifier Agent""}","1000","","[]","","t-run-1788708935735","[]"
"qualification-run-1788707694401","run-1788707694401","","SPAN","qualification","2026-09-06 11:35:00.000000","2026-09-06 11:35:01.000000","","default","","","","DEFAULT","","","","","","","{}","{}","{}","0","{""email_ingestion_output"":{""customer_name"":""unknown"",""customer_email"":""competitor.spy@rival.com"",""product_interest"":""Ergonomic Pro Chair"",""budget"":""unknown"",""quantity"":""5"",""urgency"":""unknown"",""requirements"":[""match price with HermanMiller"",""buy 5 chairs if price is beaten""]}}","{""lead_tier"":""HOT"",""is_sales_lead"":1,""qualification_signals"":[""specific product requirement"",""budget provided"",""quantity provided"",""price-match request"",""explicit purchase intent""],""confidence"":""HIGH""}","{""test_id"":""E15"",""agent"":""Lead Qualifier Agent""}","1000","","[]","","t-run-1788707694401","[]"
"qualification-run-1788707665096","run-1788707665096","","SPAN","qualification","2026-09-06 11:35:00.000000","2026-09-06 11:35:01.000000","","default","","","","DEFAULT","","","","","","","{}","{}","{}","0","{""email_ingestion_output"":{""customer_name"":""Robert Chen"",""customer_email"":""cfo@growthco.com"",""product_interest"":""office furniture"",""budget"":""$50,000"",""quantity"":""3"",""urgency"":""next quarter"",""requirements"":[""volume pricing"",""delivery coordination""]}}","{""lead_tier"":""HOT"",""is_sales_lead"":1,""qualification_signals"":[""specific product requirement"",""budget provided"",""quantity provided"",""delivery timeline provided""],""confidence"":""HIGH""}","{""test_id"":""E14"",""agent"":""Lead Qualifier Agent""}","1000","","[]","","t-run-1788707665096","[]"
"qualification-run-1788707659769","run-1788707659769","","SPAN","qualification","2026-09-06 11:35:00.000000","2026-09-06 11:35:01.000000","","default","","","","DEFAULT","","","","","","","{}","{}","{}","0","{""email_ingestion_output"":{""customer_name"":""unknown"",""customer_email"":""intern@smallbiz.com"",""product_interest"":""chairs"",""budget"":""unknown"",""quantity"":""unknown"",""urgency"":""unknown"",""requirements"":[]}}","{""lead_tier"":""COLD"",""is_sales_lead"":0,""qualification_signals"":[""generic product inquiry""],""confidence"":""LOW""}","{""test_id"":""E13"",""agent"":""Lead Qualifier Agent""}","1000","","[]","","t-run-1788707659769","[]"
"qualification-run-1788707653191","run-1788707653191","","SPAN","qualification","2026-09-06 11:35:00.000000","2026-09-06 11:35:01.000000","","default","","","","DEFAULT","","","","","","","{}","{}","{}","0","{""email_ingestion_output"":{""customer_name"":""Mike Thompson"",""customer_email"":""angry.customer@email.com"",""product_interest"":""unknown"",""budget"":""unknown"",""quantity"":""unknown"",""urgency"":""unknown"",""requirements"":[""delivery was 3 weeks late"",""desk arrived with a scratch on the surface"",""want a replacement"",""want a full refund"",""Order #ORD-88291"",""this is unacceptable""]}}","{""lead_tier"":""NON_LEAD"",""is_sales_lead"":0,""qualification_signals"":[""customer complaint"",""delivery issue"",""replacement request"",""refund request""],""confidence"":""HIGH""}","{""test_id"":""E12"",""agent"":""Lead Qualifier Agent""}","1000","","[]","","t-run-1788707653191","[]"
"qualification-run-1788707624912","run-1788707624912","","SPAN","qualification","2026-09-06 11:35:00.000000","2026-09-06 11:35:01.000000","","default","","","","DEFAULT","","","","","","","{}","{}","{}","0","{""email_ingestion_output"":{""customer_name"":""Jessica Wong"",""customer_email"":""jessica.wong@enterprise.com"",""product_interest"":""office furniture package"",""budget"":""$36,000"",""quantity"":""30"",""urgency"":""6-week timeline"",""requirements"":[""30 adjustable standing desks"",""budget: $700 each"",""30 ergonomic task chairs"",""budget: $400 each"",""5 small meeting tables for huddle rooms"",""budget: $600 each"",""total budget approximately $36,000"",""6-week timeline""]}}","{""lead_tier"":""HOT"",""is_sales_lead"":1,""qualification_signals"":[""specific product requirement"",""budget provided"",""quantity provided"",""urgent delivery timeline""],""confidence"":""HIGH""}","{""test_id"":""E11"",""agent"":""Lead Qualifier Agent""}","1000","","[]","","t-run-1788707624912","[]"
"qualification-run-1788707595640","run-1788707595640","","SPAN","qualification","2026-09-06 11:35:00.000000","2026-09-06 11:35:01.000000","","default","","","","DEFAULT","","","","","","","{}","{}","{}","0","{""email_ingestion_output"":{""customer_name"":""David Rodriguez"",""customer_email"":""david.r@designstudio.co"",""product_interest"":""Walnut Executive Desk"",""budget"":""unknown"",""quantity"":""unknown"",""urgency"":""unknown"",""requirements"":[""Walnut Executive Desk"",""listed as out of stock"",""when do you expect it to be back"",""been wanting to order one for weeks""]}}","{""lead_tier"":""WARM"",""is_sales_lead"":1,""qualification_signals"":[""specific product requirement"",""availability inquiry""],""confidence"":""MEDIUM""}","{""test_id"":""E10"",""agent"":""Lead Qualifier Agent""}","1000","","[]","","t-run-1788707595640","[]"
"qualification-run-1788707590148","run-1788707590148","","SPAN","qualification","2026-09-06 11:35:00.000000","2026-09-06 11:35:01.000000","","default","","","","DEFAULT","","","","","","","{}","{}","{}","0","{""email_ingestion_output"":{""customer_name"":""unknown"",""customer_email"":""someone@email.com"",""product_interest"":""furniture"",""budget"":""unknown"",""quantity"":""unknown"",""urgency"":""unknown"",""requirements"":[]}}","{""lead_tier"":""COLD"",""is_sales_lead"":0,""qualification_signals"":[""generic product inquiry""],""confidence"":""HIGH""}","{""test_id"":""E09"",""agent"":""Lead Qualifier Agent""}","1000","","[]","","t-run-1788707590148","[]"
"qualification-run-1788707560356","run-1788707560356","","SPAN","qualification","2026-09-06 11:35:00.000000","2026-09-06 11:35:01.000000","","default","","","","DEFAULT","","","","","","","{}","{}","{}","0","{""email_ingestion_output"":{""customer_name"":""James Wright"",""customer_email"":""admin@downtownlawfirm.com"",""product_interest"":""conference table"",""budget"":""$3,000"",""quantity"":""unknown"",""urgency"":""unknown"",""requirements"":[""seats 12 people comfortably"",""looks professional"",""durable for daily use"",""in our boardroom""]}}","{""lead_tier"":""WARM"",""is_sales_lead"":1,""qualification_signals"":[""specific product requirement"",""budget provided""],""confidence"":""HIGH""}","{""test_id"":""E08"",""agent"":""Lead Qualifier Agent""}","1000","","[]","","t-run-1788707560356","[]"
"qualification-run-1788707555066","run-1788707555066","","SPAN","qualification","2026-09-06 11:35:00.000000","2026-09-06 11:35:01.000000","","default","","","","DEFAULT","","","","","","","{}","{}","{}","0","{""email_ingestion_output"":{""customer_name"":""unknown"",""customer_email"":""xk39spam@bot.net"",""product_interest"":""unknown"",""budget"":""unknown"",""quantity"":""unknown"",""urgency"":""unknown"",""requirements"":[]}}","{""lead_tier"":""NON_LEAD"",""is_sales_lead"":0,""qualification_signals"":[],""confidence"":""HIGH""}","{""test_id"":""E07"",""agent"":""Lead Qualifier Agent""}","1000","","[]","","t-run-1788707555066","[]"
"qualification-run-1788707531278","run-1788707531278","","SPAN","qualification","2026-09-06 11:35:00.000000","2026-09-06 11:35:01.000000","","default","","","","DEFAULT","","","","","","","{}","{}","{}","0","{""email_ingestion_output"":{""customer_name"":""unknown"",""customer_email"":""budget.shopper@email.com"",""product_interest"":""desk accessory"",""budget"":""$40-50"",""quantity"":""unknown"",""urgency"":""unknown"",""requirements"":[]}}","{""lead_tier"":""WARM"",""is_sales_lead"":1,""qualification_signals"":[""specific product requirement"",""budget provided""],""confidence"":""MEDIUM""}","{""test_id"":""E06"",""agent"":""Lead Qualifier Agent""}","1000","","[]","","t-run-1788707531278","[]"
"qualification-run-1788707496462","run-1788707496462","","SPAN","qualification","2026-09-06 11:35:00.000000","2026-09-06 11:35:01.000000","","default","","","","DEFAULT","","","","","","","{}","{}","{}","0","{""email_ingestion_output"":{""customer_name"":""Sarah Kim"",""customer_email"":""sarah.k@startupventures.io"",""product_interest"":""standing desks"",""budget"":""unknown"",""quantity"":""15"",""urgency"":""unknown"",""requirements"":[""comparing with IKEA's BEKANT series"",""bulk discount for 15+ units""]}}","{""lead_tier"":""WARM"",""is_sales_lead"":1,""qualification_signals"":[""specific product requirement"",""quantity provided"",""product comparison"",""bulk purchase""],""confidence"":""MEDIUM""}","{""test_id"":""E05"",""agent"":""Lead Qualifier Agent""}","1000","","[]","","t-run-1788707496462","[]"
"qualification-run-1788709194007","run-1788709194007","","SPAN","qualification","2026-09-06 11:35:00.000000","2026-09-06 11:35:01.000000","","default","","","","DEFAULT","","","","","","","{}","{}","{}","0","{""email_ingestion_output"":{""customer_name"":""James Wright"",""customer_email"":""admin@downtownlawfirm.com"",""product_interest"":""conference table"",""budget"":""$3,000"",""quantity"":""unknown"",""urgency"":""unknown"",""requirements"":[""seats 12 people comfortably"",""looks professional"",""durable for daily use in our boardroom""]}}","{""lead_tier"":""HOT"",""is_sales_lead"":1,""qualification_signals"":[""specific product requirement"",""budget provided""],""confidence"":""HIGH""}","{""test_id"":""E08"",""agent"":""Lead Qualifier Agent""}","1000","","[]","","t-run-1788709194007","[]"
"qualification-run-1788709130083","run-1788709130083","","SPAN","qualification","2026-09-06 11:35:00.000000","2026-09-06 11:35:01.000000","","default","","","","DEFAULT","","","","","","","{}","{}","{}","0","{""email_ingestion_output"":{""customer_name"":""unknown"",""customer_email"":""budget.shopper@email.com"",""product_interest"":""desk accessory gift"",""budget"":""$40-50"",""quantity"":""unknown"",""urgency"":""unknown"",""requirements"":[]}}","{""lead_tier"":""WARM"",""is_sales_lead"":1,""qualification_signals"":[""specific product requirement"",""budget provided""],""confidence"":""MEDIUM""}","{""test_id"":""E06"",""agent"":""Lead Qualifier Agent""}","1000","","[]","","t-run-1788709130083","[]"
"qualification-run-1788707438641","run-1788707438641","","SPAN","qualification","2026-09-06 11:35:00.000000","2026-09-06 11:35:01.000000","","default","","","","DEFAULT","","","","","","","{}","{}","{}","0","{""email_ingestion_output"":{""customer_name"":""Maria Chen"",""customer_email"":""procurement@bigcorp.com"",""product_interest"":""ergonomic office chairs"",""budget"":""$5,000"",""quantity"":""10"",""urgency"":""By end of month"",""requirements"":[""10 ergonomic office chairs"",""total budget $5,000"",""approximately $500 per chair"",""delivered by end of month"",""options with pricing"",""options with availability""]}}","{""lead_tier"":""HOT"",""is_sales_lead"":1,""qualification_signals"":[""specific product requirement"",""budget provided"",""quantity provided"",""urgent delivery deadline"",""options with pricing"",""options with availability""],""confidence"":""HIGH""}","{""test_id"":""E03"",""agent"":""Lead Qualifier Agent""}","1000","","[]","","t-run-1788707438641","[]"
"qualification-run-1788707432784","run-1788707432784","","SPAN","qualification","2026-09-06 11:35:00.000000","2026-09-06 11:35:01.000000","","default","","","","DEFAULT","","","","","","","{}","{}","{}","0","{""email_ingestion_output"":{""customer_name"":""unknown"",""customer_email"":""unknown"",""product_interest"":""furniture"",""budget"":""unknown"",""quantity"":""unknown"",""urgency"":""unknown"",""requirements"":[]}}","{""lead_tier"":""COLD"",""is_sales_lead"":0,""qualification_signals"":[""generic product inquiry""],""confidence"":""HIGH""}","{""test_id"":""E02"",""agent"":""Lead Qualifier Agent""}","1000","","[]","","t-run-1788707432784","[]"
"qualification-run-1788707398671","run-1788707398671","","SPAN","qualification","2026-09-06 11:35:00.000000","2026-09-06 11:35:01.000000","","default","","","","DEFAULT","","","","","","","{}","{}","{}","0","{""email_ingestion_output"":{""customer_name"":""John Martinez"",""customer_email"":""john.martinez@techcorp.com"",""product_interest"":""standing desk"",""budget"":""$800"",""quantity"":""unknown"",""urgency"":""unknown"",""requirements"":[""dark walnut finish"",""adjustable height"",""under $800"",""works from home full-time"",""quality matters""]}}","{""lead_tier"":""HOT"",""is_sales_lead"":1,""qualification_signals"":[""specific product requirement"",""budget provided""],""confidence"":""HIGH""}","{""test_id"":""E01"",""agent"":""Lead Qualifier Agent""}","1000","","[]","","t-run-1788707398671","[]"
"qualification-run-1788705551644","run-1788705551644","","SPAN","qualification","2026-09-06 11:35:00.000000","2026-09-06 11:35:01.000000","","default","","","","DEFAULT","","","","","","","{}","{}","{}","0","{""email_ingestion_output"":{""customer_name"":""unknown"",""customer_email"":""competitor.spy@rival.com"",""product_interest"":""Ergonomic Pro Chair"",""budget"":""$395"",""quantity"":""5"",""urgency"":""unknown"",""requirements"":[""match their price"",""5 Ergonomic Pro Chairs""]}}","{""lead_tier"":""HOT"",""is_sales_lead"":1,""qualification_signals"":[""specific product requirement"",""budget provided"",""quantity provided"",""price-match request""],""confidence"":""HIGH""}","{""test_id"":""E15"",""agent"":""Lead Qualifier Agent""}","1000","","[]","","t-run-1788705551644","[]"
"qualification-run-1788705531876","run-1788705531876","","SPAN","qualification","2026-09-06 11:35:00.000000","2026-09-06 11:35:01.000000","","default","","","","DEFAULT","","","","","","","{}","{}","{}","0","{""email_ingestion_output"":{""customer_name"":""Robert Chen"",""customer_email"":""cfo@growthco.com"",""product_interest"":""office furniture"",""budget"":""$50,000"",""quantity"":""unknown"",""urgency"":""next quarter"",""requirements"":[""volume pricing"",""delivery coordination""]}}","{""lead_tier"":""HOT"",""is_sales_lead"":1,""qualification_signals"":[""budget provided"",""urgent delivery deadline"",""volume pricing"",""delivery coordination""],""confidence"":""HIGH""}","{""test_id"":""E14"",""agent"":""Lead Qualifier Agent""}","1000","","[]","","t-run-1788705531876","[]"
"qualification-run-1788705525464","run-1788705525464","","SPAN","qualification","2026-09-06 11:35:00.000000","2026-09-06 11:35:01.000000","","default","","","","DEFAULT","","","","","","","{}","{}","{}","0","{""email_ingestion_output"":{""customer_name"":""unknown"",""customer_email"":""intern@smallbiz.com"",""product_interest"":""chairs"",""budget"":""unknown"",""quantity"":""unknown"",""urgency"":""unknown"",""requirements"":[]}}","{""lead_tier"":""COLD"",""is_sales_lead"":0,""qualification_signals"":[""generic product inquiry""],""confidence"":""LOW""}","{""test_id"":""E13"",""agent"":""Lead Qualifier Agent""}","1000","","[]","","t-run-1788705525464","[]"
"qualification-run-1788705519139","run-1788705519139","","SPAN","qualification","2026-09-06 11:35:00.000000","2026-09-06 11:35:01.000000","","default","","","","DEFAULT","","","","","","","{}","{}","{}","0","{""email_ingestion_output"":{""customer_name"":""Mike Thompson"",""customer_email"":""angry.customer@email.com"",""product_interest"":""unknown"",""budget"":""unknown"",""quantity"":""unknown"",""urgency"":""unknown"",""requirements"":[""delivery was 3 weeks late"",""desk arrived with a scratch on the surface"",""want a replacement"",""want a full refund"",""order #ORD-88291"",""this is unacceptable""]}}","{""lead_tier"":""NON_LEAD"",""is_sales_lead"":0,""qualification_signals"":[""customer complaint"",""service issue""],""confidence"":""HIGH""}","{""test_id"":""E12"",""agent"":""Lead Qualifier Agent""}","1000","","[]","","t-run-1788705519139","[]"
"qualification-run-1788705491256","run-1788705491256","","SPAN","qualification","2026-09-06 11:35:00.000000","2026-09-06 11:35:01.000000","","default","","","","DEFAULT","","","","","","","{}","{}","{}","0","{""email_ingestion_output"":{""customer_name"":""Jessica Wong"",""customer_email"":""jessica.wong@enterprise.com"",""product_interest"":""office furniture package"",""budget"":""$36,000"",""quantity"":""30"",""urgency"":""6-week timeline"",""requirements"":[""30 adjustable standing desks"",""budget: $700 each"",""30 ergonomic task chairs"",""budget: $400 each"",""5 small meeting tables for huddle rooms"",""budget: $600 each"",""total budget approximately $36,000"",""on a 6-week timeline""]}}","{""lead_tier"":""HOT"",""is_sales_lead"":1,""qualification_signals"":[""specific product requirement"",""budget provided"",""quantity provided"",""urgent delivery timeline""],""confidence"":""HIGH""}","{""test_id"":""E11"",""agent"":""Lead Qualifier Agent""}","1000","","[]","","t-run-1788705491256","[]"
"qualification-run-1788705471328","run-1788705471328","","SPAN","qualification","2026-09-06 11:35:00.000000","2026-09-06 11:35:01.000000","","default","","","","DEFAULT","","","","","","","{}","{}","{}","0","{""email_ingestion_output"":{""customer_name"":""David Rodriguez"",""customer_email"":""david.r@designstudio.co"",""product_interest"":""Walnut Executive Desk"",""budget"":""unknown"",""quantity"":""unknown"",""urgency"":""unknown"",""requirements"":[""Walnut Executive Desk"",""Is that accurate?"",""When do you expect it to be back?"",""I've been wanting to order one for weeks.""]}}","{""lead_tier"":""WARM"",""is_sales_lead"":1,""qualification_signals"":[""specific product requirement"",""availability inquiry""],""confidence"":""MEDIUM""}","{""test_id"":""E10"",""agent"":""Lead Qualifier Agent""}","1000","","[]","","t-run-1788705471328","[]"
"qualification-run-1788705465484","run-1788705465484","","SPAN","qualification","2026-09-06 11:35:00.000000","2026-09-06 11:35:01.000000","","default","","","","DEFAULT","","","","","","","{}","{}","{}","0","{""email_ingestion_output"":{""customer_name"":""unknown"",""customer_email"":""someone@email.com"",""product_interest"":""furniture"",""budget"":""unknown"",""quantity"":""unknown"",""urgency"":""unknown"",""requirements"":[]}}","{""lead_tier"":""COLD"",""is_sales_lead"":0,""qualification_signals"":[""generic product inquiry""],""confidence"":""LOW""}","{""test_id"":""E09"",""agent"":""Lead Qualifier Agent""}","1000","","[]","","t-run-1788705465484","[]"
"qualification-run-1788705441911","run-1788705441911","","SPAN","qualification","2026-09-06 11:35:00.000000","2026-09-06 11:35:01.000000","","default","","","","DEFAULT","","","","","","","{}","{}","{}","0","{""email_ingestion_output"":{""customer_name"":""James Wright"",""customer_email"":""admin@downtownlawfirm.com"",""product_interest"":""conference table"",""budget"":""$3,000"",""quantity"":""unknown"",""urgency"":""unknown"",""requirements"":[""seats 12 people comfortably"",""looks professional"",""durable for daily use in boardroom""]}}","{""lead_tier"":""HOT"",""is_sales_lead"":1,""qualification_signals"":[""specific product requirement"",""budget provided""],""confidence"":""HIGH""}","{""test_id"":""E08"",""agent"":""Lead Qualifier Agent""}","1000","","[]","","t-run-1788705441911","[]"
"qualification-run-1788705436750","run-1788705436750","","SPAN","qualification","2026-09-06 11:35:00.000000","2026-09-06 11:35:01.000000","","default","","","","DEFAULT","","","","","","","{}","{}","{}","0","{""email_ingestion_output"":{""customer_name"":""unknown"",""customer_email"":""xk39spam@bot.net"",""product_interest"":""unknown"",""budget"":""unknown"",""quantity"":""unknown"",""urgency"":""unknown"",""requirements"":[]}}","{""lead_tier"":""NON_LEAD"",""is_sales_lead"":0,""qualification_signals"":[],""confidence"":""HIGH""}","{""test_id"":""E07"",""agent"":""Lead Qualifier Agent""}","1000","","[]","","t-run-1788705436750","[]"
"qualification-run-1788705417202","run-1788705417202","","SPAN","qualification","2026-09-06 11:35:00.000000","2026-09-06 11:35:01.000000","","default","","","","DEFAULT","","","","","","","{}","{}","{}","0","{""email_ingestion_output"":{""customer_name"":""unknown"",""customer_email"":""budget.shopper@email.com"",""product_interest"":""desk accessory"",""budget"":""$40-50"",""quantity"":""unknown"",""urgency"":""unknown"",""requirements"":[]}}","{""lead_tier"":""WARM"",""is_sales_lead"":1,""qualification_signals"":[""specific product requirement"",""budget provided""],""confidence"":""MEDIUM""}","{""test_id"":""E06"",""agent"":""Lead Qualifier Agent""}","1000","","[]","","t-run-1788705417202","[]"
"qualification-run-1788705386434","run-1788705386434","","SPAN","qualification","2026-09-06 11:35:00.000000","2026-09-06 11:35:01.000000","","default","","","","DEFAULT","","","","","","","{}","{}","{}","0","{""email_ingestion_output"":{""customer_name"":""Sarah Kim"",""customer_email"":""sarah.k@startupventures.io"",""product_interest"":""standing desks"",""budget"":""unknown"",""quantity"":""15"",""urgency"":""unknown"",""requirements"":[""evaluating standing desks"",""comparing your products with IKEA's BEKANT series"",""bulk discount for 15+ units""]}}","{""lead_tier"":""HOT"",""is_sales_lead"":1,""qualification_signals"":[""specific product requirement"",""quantity provided"",""bulk purchase"",""product comparison""],""confidence"":""HIGH""}","{""test_id"":""E05"",""agent"":""Lead Qualifier Agent""}","1000","","[]","","t-run-1788705386434","[]"
"qualification-run-1788705366853","run-1788705366853","","SPAN","qualification","2026-09-06 11:35:00.000000","2026-09-06 11:35:01.000000","","default","","","","DEFAULT","","","","","","","{}","{}","{}","0","{""email_ingestion_output"":{""customer_name"":""unknown"",""customer_email"":""curious.customer@email.com"",""product_interest"":""oak desk"",""budget"":""unknown"",""quantity"":""unknown"",""urgency"":""unknown"",""requirements"":[""colors of the Oak Executive Desk""]}}","{""lead_tier"":""WARM"",""is_sales_lead"":1,""qualification_signals"":[""specific product requirement"",""product options inquiry""],""confidence"":""MEDIUM""}","{""test_id"":""E04"",""agent"":""Lead Qualifier Agent""}","1000","","[]","","t-run-1788705366853","[]"
"qualification-run-1788705344580","run-1788705344580","","SPAN","qualification","2026-09-06 11:35:00.000000","2026-09-06 11:35:01.000000","","default","","","","DEFAULT","","","","","","","{}","{}","{}","0","{""email_ingestion_output"":{""customer_name"":""Maria Chen"",""customer_email"":""procurement@bigcorp.com"",""product_interest"":""ergonomic office chairs"",""budget"":""$5,000"",""quantity"":""10"",""urgency"":""By end of month"",""requirements"":[""10 ergonomic office chairs"",""total budget $5,000"",""approximately $500 per chair"",""delivered by end of month"",""options with pricing"",""options with availability""]}}","{""lead_tier"":""HOT"",""is_sales_lead"":1,""qualification_signals"":[""specific product requirement"",""budget provided"",""quantity provided"",""urgent delivery deadline"",""explicit purchase intent"",""product options inquiry""],""confidence"":""HIGH""}","{""test_id"":""E03"",""agent"":""Lead Qualifier Agent""}","1000","","[]","","t-run-1788705344580","[]"
"qualification-run-1788705337609","run-1788705337609","","SPAN","qualification","2026-09-06 11:35:00.000000","2026-09-06 11:35:01.000000","","default","","","","DEFAULT","","","","","","","{}","{}","{}","0","{""email_ingestion_output"":{""customer_name"":""unknown"",""customer_email"":""unknown"",""product_interest"":""furniture"",""budget"":""unknown"",""quantity"":""unknown"",""urgency"":""unknown"",""requirements"":[]}}","{""lead_tier"":""COLD"",""is_sales_lead"":0,""qualification_signals"":[],""confidence"":""LOW""}","{""test_id"":""E02"",""agent"":""Lead Qualifier Agent""}","1000","","[]","","t-run-1788705337609","[]"
"qualification-run-1788705308120","run-1788705308120","","SPAN","qualification","2026-09-06 11:35:00.000000","2026-09-06 11:35:01.000000","","default","","","","DEFAULT","","","","","","","{}","{}","{}","0","{""email_ingestion_output"":{""customer_name"":""John Martinez"",""customer_email"":""john.martinez@techcorp.com"",""product_interest"":""standing desk"",""budget"":""$800"",""quantity"":""unknown"",""urgency"":""unknown"",""requirements"":[""dark walnut finish"",""adjustable height"",""under $800"",""works from home full-time"",""quality matters""]}}","{""lead_tier"":""HOT"",""is_sales_lead"":1,""qualification_signals"":[""specific product requirement"",""budget provided""],""confidence"":""HIGH""}","{""test_id"":""E01"",""agent"":""Lead Qualifier Agent""}","1000","","[]","","t-run-1788705308120","[]"
"qualification-run-1788704972801","run-1788704972801","","SPAN","qualification","2026-09-06 11:35:00.000000","2026-09-06 11:35:01.000000","","default","","","","DEFAULT","","","","","","","{}","{}","{}","0","{""email_ingestion_output"":{""customer_name"":""James Wright"",""customer_email"":""admin@downtownlawfirm.com"",""product_interest"":""conference table"",""budget"":""$3,000"",""quantity"":""unknown"",""urgency"":""unknown"",""requirements"":[""seats 12 people comfortably"",""looks professional"",""durable for daily use"",""for boardroom""]}}","{""lead_tier"":""HOT"",""is_sales_lead"":1,""qualification_signals"":[""specific product requirement"",""budget provided""],""confidence"":""HIGH""}","{""test_id"":""E08"",""agent"":""Lead Qualifier Agent""}","1000","","[]","","t-run-1788704972801","[]"
"qualification-run-1788704965705","run-1788704965705","","SPAN","qualification","2026-09-06 11:35:00.000000","2026-09-06 11:35:01.000000","","default","","","","DEFAULT","","","","","","","{}","{}","{}","0","{""email_ingestion_output"":{""customer_name"":""unknown"",""customer_email"":""xk39spam@bot.net"",""product_interest"":""unknown"",""budget"":""unknown"",""quantity"":""unknown"",""urgency"":""unknown"",""requirements"":[]}}","{""lead_tier"":""NON_LEAD"",""is_sales_lead"":0,""qualification_signals"":[],""confidence"":""HIGH""}","{""test_id"":""E07"",""agent"":""Lead Qualifier Agent""}","1000","","[]","","t-run-1788704965705","[]"
"qualification-run-1788704946433","run-1788704946433","","SPAN","qualification","2026-09-06 11:35:00.000000","2026-09-06 11:35:01.000000","","default","","","","DEFAULT","","","","","","","{}","{}","{}","0","{""email_ingestion_output"":{""customer_name"":""unknown"",""customer_email"":""budget.shopper@email.com"",""product_interest"":""desk accessory gift"",""budget"":""$40-50"",""quantity"":""unknown"",""urgency"":""unknown"",""requirements"":[]}}","{""lead_tier"":""WARM"",""is_sales_lead"":1,""qualification_signals"":[""specific product requirement"",""budget provided""],""confidence"":""MEDIUM""}","{""test_id"":""E06"",""agent"":""Lead Qualifier Agent""}","1000","","[]","","t-run-1788704946433","[]"
"qualification-run-1788704922215","run-1788704922215","","SPAN","qualification","2026-09-06 11:35:00.000000","2026-09-06 11:35:01.000000","","default","","","","DEFAULT","","","","","","","{}","{}","{}","0","{""email_ingestion_output"":{""customer_name"":""Sarah Kim"",""customer_email"":""sarah.k@startupventures.io"",""product_interest"":""standing desks"",""budget"":""unknown"",""quantity"":""15"",""urgency"":""unknown"",""requirements"":[""comparing standing desks"",""bulk discount for 15+ units""]}}","{""lead_tier"":""WARM"",""is_sales_lead"":1,""qualification_signals"":[""specific product requirement"",""bulk purchase"",""product comparison""],""confidence"":""MEDIUM""}","{""test_id"":""E05"",""agent"":""Lead Qualifier Agent""}","1000","","[]","","t-run-1788704922215","[]"
"qualification-run-1788704902071","run-1788704902071","","SPAN","qualification","2026-09-06 11:35:00.000000","2026-09-06 11:35:01.000000","","default","","","","DEFAULT","","","","","","","{}","{}","{}","0","{""email_ingestion_output"":{""customer_name"":""unknown"",""customer_email"":""curious.customer@email.com"",""product_interest"":""Oak Executive Desk"",""budget"":""unknown"",""quantity"":""unknown"",""urgency"":""unknown"",""requirements"":[""colors of the Oak Executive Desk""]}}","{""lead_tier"":""WARM"",""is_sales_lead"":1,""qualification_signals"":[""specific product requirement"",""product options inquiry""],""confidence"":""MEDIUM""}","{""test_id"":""E04"",""agent"":""Lead Qualifier Agent""}","1000","","[]","","t-run-1788704902071","[]"
"qualification-run-1788704875617","run-1788704875617","","SPAN","qualification","2026-09-06 11:35:00.000000","2026-09-06 11:35:01.000000","","default","","","","DEFAULT","","","","","","","{}","{}","{}","0","{""email_ingestion_output"":{""customer_name"":""Maria Chen"",""customer_email"":""procurement@bigcorp.com"",""product_interest"":""ergonomic office chairs"",""budget"":""$5,000"",""quantity"":""10"",""urgency"":""By end of month"",""requirements"":[""10 ergonomic office chairs"",""total budget $5,000"",""approximately $500 per chair"",""delivered by end of month"",""options with pricing"",""options with availability""]}}","{""lead_tier"":""HOT"",""is_sales_lead"":1,""qualification_signals"":[""specific product requirement"",""budget provided"",""quantity provided"",""urgent delivery deadline"",""explicit purchase intent"",""product options inquiry""],""confidence"":""HIGH""}","{""test_id"":""E03"",""agent"":""Lead Qualifier Agent""}","1000","","[]","","t-run-1788704875617","[]"
"qualification-run-1788704870179","run-1788704870179","","SPAN","qualification","2026-09-06 11:35:00.000000","2026-09-06 11:35:01.000000","","default","","","","DEFAULT","","","","","","","{}","{}","{}","0","{""email_ingestion_output"":{""customer_name"":""unknown"",""customer_email"":""unknown"",""product_interest"":""furniture"",""budget"":""unknown"",""quantity"":""unknown"",""urgency"":""unknown"",""requirements"":[]}}","{""lead_tier"":""COLD"",""is_sales_lead"":0,""qualification_signals"":[""generic product inquiry""],""confidence"":""LOW""}","{""test_id"":""E02"",""agent"":""Lead Qualifier Agent""}","1000","","[]","","t-run-1788704870179","[]"
"qualification-run-1788704844403","run-1788704844403","","SPAN","qualification","2026-09-06 11:35:00.000000","2026-09-06 11:35:01.000000","","default","","","","DEFAULT","","","","","","","{}","{}","{}","0","{""email_ingestion_output"":{""customer_name"":""John Martinez"",""customer_email"":""unknown"",""product_interest"":""standing desk"",""budget"":""$800"",""quantity"":""unknown"",""urgency"":""unknown"",""requirements"":[""dark walnut finish"",""adjustable height"",""under $800"",""works from home full-time"",""quality matters""]}}","{""lead_tier"":""HOT"",""is_sales_lead"":1,""qualification_signals"":[""specific product requirement"",""budget provided"",""requirements include multiple features""],""confidence"":""HIGH""}","{""test_id"":""E01"",""agent"":""Lead Qualifier Agent""}","1000","","[]","","t-run-1788704844403","[]"
"qualification-run-1788701889051","run-1788701889051","","SPAN","qualification","2026-09-06 11:35:00.000000","2026-09-06 11:35:01.000000","","default","","","","DEFAULT","","","","","","","{}","{}","{}","0","{""email_ingestion_output"":{""customer_name"":""unknown"",""customer_email"":""xk39spam@bot.net"",""product_interest"":""unknown"",""budget"":""unknown"",""quantity"":""unknown"",""urgency"":""unknown"",""requirements"":[]}}","{""lead_tier"":""NON_LEAD"",""is_sales_lead"":0,""qualification_signals"":[],""confidence"":""HIGH""}","{""test_id"":""E07"",""agent"":""Lead Qualifier Agent""}","1000","","[]","","t-run-1788701889051","[]"
"qualification-run-1788701871654","run-1788701871654","","SPAN","qualification","2026-09-06 11:35:00.000000","2026-09-06 11:35:01.000000","","default","","","","DEFAULT","","","","","","","{}","{}","{}","0","{""email_ingestion_output"":{""customer_name"":""unknown"",""customer_email"":""budget.shopper@email.com"",""product_interest"":""desk accessory gift"",""budget"":""$40-50"",""quantity"":""unknown"",""urgency"":""unknown"",""requirements"":[]}}","{""lead_tier"":""WARM"",""is_sales_lead"":1,""qualification_signals"":[""specific product requirement"",""budget provided""],""confidence"":""MEDIUM""}","{""test_id"":""E06"",""agent"":""Lead Qualifier Agent""}","1000","","[]","","t-run-1788701871654","[]"
"qualification-run-1788701852036","run-1788701852036","","SPAN","qualification","2026-09-06 11:35:00.000000","2026-09-06 11:35:01.000000","","default","","","","DEFAULT","","","","","","","{}","{}","{}","0","{""email_ingestion_output"":{""customer_name"":""Sarah Kim"",""customer_email"":""sarah.k@startupventures.io"",""product_interest"":""standing desks"",""budget"":""unknown"",""quantity"":""15"",""urgency"":""unknown"",""requirements"":[""evaluating standing desks for our team of 15"",""comparing your products with IKEA's BEKANT series"",""any bulk discount for 15+ units""]}}","{""lead_tier"":""HOT"",""is_sales_lead"":1,""qualification_signals"":[""specific product requirement"",""quantity provided"",""product comparison"",""bulk purchase""],""confidence"":""HIGH""}","{""test_id"":""E05"",""agent"":""Lead Qualifier Agent""}","1000","","[]","","t-run-1788701852036","[]"
"qualification-run-1788701832526","run-1788701832526","","SPAN","qualification","2026-09-06 11:35:00.000000","2026-09-06 11:35:01.000000","","default","","","","DEFAULT","","","","","","","{}","{}","{}","0","{""email_ingestion_output"":{""customer_name"":""unknown"",""customer_email"":""curious.customer@email.com"",""product_interest"":""oak desk"",""budget"":""unknown"",""quantity"":""unknown"",""urgency"":""unknown"",""requirements"":[""colors for the Oak Executive Desk""]}}","{""lead_tier"":""WARM"",""is_sales_lead"":1,""qualification_signals"":[""specific product requirement"",""product options inquiry""],""confidence"":""MEDIUM""}","{""test_id"":""E04"",""agent"":""Lead Qualifier Agent""}","1000","","[]","","t-run-1788701832526","[]"
"qualification-run-1788701808750","run-1788701808750","","SPAN","qualification","2026-09-06 11:35:00.000000","2026-09-06 11:35:01.000000","","default","","","","DEFAULT","","","","","","","{}","{}","{}","0","{""email_ingestion_output"":{""customer_name"":""Maria Chen"",""customer_email"":""procurement@bigcorp.com"",""product_interest"":""ergonomic office chairs"",""budget"":""$5,000"",""quantity"":""10"",""urgency"":""By end of month"",""requirements"":[""10 ergonomic office chairs"",""total budget $5,000"",""approximately $500 per chair"",""delivered by end of month"",""options with pricing"",""options with availability""]}}","{""lead_tier"":""HOT"",""is_sales_lead"":1,""qualification_signals"":[""specific product requirement"",""budget provided"",""quantity provided"",""urgent delivery deadline"",""product options inquiry"",""pricing request""],""confidence"":""HIGH""}","{""test_id"":""E03"",""agent"":""Lead Qualifier Agent""}","1000","","[]","","t-run-1788701808750","[]"
"qualification-run-1788701802733","run-1788701802733","","SPAN","qualification","2026-09-06 11:35:00.000000","2026-09-06 11:35:01.000000","","default","","","","DEFAULT","","","","","","","{}","{}","{}","0","{""email_ingestion_output"":{""customer_name"":""unknown"",""customer_email"":""unknown"",""product_interest"":""furniture"",""budget"":""unknown"",""quantity"":""unknown"",""urgency"":""unknown"",""requirements"":[]}}","{""lead_tier"":""COLD"",""is_sales_lead"":0,""qualification_signals"":[""generic product inquiry""],""confidence"":""LOW""}","{""test_id"":""E02"",""agent"":""Lead Qualifier Agent""}","1000","","[]","","t-run-1788701802733","[]"
"qualification-run-1788701780043","run-1788701780043","","SPAN","qualification","2026-09-06 11:35:00.000000","2026-09-06 11:35:01.000000","","default","","","","DEFAULT","","","","","","","{}","{}","{}","0","{""email_ingestion_output"":{""customer_name"":""John Martinez"",""customer_email"":""unknown"",""product_interest"":""standing desk"",""budget"":""$800"",""quantity"":""unknown"",""urgency"":""unknown"",""requirements"":[""dark walnut finish"",""adjustable height"",""under $800"",""works from home full-time"",""quality matters""]}}","{""lead_tier"":""HOT"",""is_sales_lead"":1,""qualification_signals"":[""specific product requirement"",""budget provided""],""confidence"":""HIGH""}","{""test_id"":""E01"",""agent"":""Lead Qualifier Agent""}","1000","","[]","","t-run-1788701780043","[]"
"qualification-run-1788701279881","run-1788701279881","","SPAN","qualification","2026-09-06 11:35:00.000000","2026-09-06 11:35:01.000000","","default","","","","DEFAULT","","","","","","","{}","{}","{}","0","{""email_ingestion_output"":{""customer_name"":""unknown"",""customer_email"":""budget.shopper@email.com"",""product_interest"":""desk accessory gift"",""budget"":""$40-50"",""quantity"":""unknown"",""urgency"":""unknown"",""requirements"":[]}}","{""lead_tier"":""WARM"",""is_sales_lead"":1,""qualification_signals"":[""specific product requirement"",""budget provided""],""confidence"":""MEDIUM""}","{""test_id"":""E06"",""agent"":""Lead Qualifier Agent""}","1000","","[]","","t-run-1788701279881","[]"
"qualification-run-1788701260994","run-1788701260994","","SPAN","qualification","2026-09-06 11:35:00.000000","2026-09-06 11:35:01.000000","","default","","","","DEFAULT","","","","","","","{}","{}","{}","0","{""email_ingestion_output"":{""customer_name"":""Sarah Kim"",""customer_email"":""sarah.k@startupventures.io"",""product_interest"":""standing desks"",""budget"":""unknown"",""quantity"":""15"",""urgency"":""unknown"",""requirements"":[""evaluating standing desks for our team of 15"",""comparing your products with IKEA's BEKANT series"",""bulk discount for 15+ units""]}}","{""lead_tier"":""HOT"",""is_sales_lead"":1,""qualification_signals"":[""specific product requirement"",""bulk purchase"",""product comparison"",""pricing request""],""confidence"":""HIGH""}","{""test_id"":""E05"",""agent"":""Lead Qualifier Agent""}","1000","","[]","","t-run-1788701260994","[]"
"qualification-run-1788699237051","run-1788699237051","","SPAN","qualification","2026-09-06 11:35:00.000000","2026-09-06 11:35:01.000000","","default","","","","DEFAULT","","","","","","","{}","{}","{}","0","{""email_ingestion_output"":{""customer_name"":""John Martinez"",""customer_email"":""john.martinez@techcorp.com"",""product_interest"":""standing desk"",""budget"":""$800"",""quantity"":""unknown"",""urgency"":""unknown"",""requirements"":[""dark walnut finish"",""adjustable height"",""under $800"",""works from home full-time"",""quality matters""]}}","{""lead_tier"":""HOT"",""is_sales_lead"":1,""qualification_signals"":[""specific product requirement"",""budget provided""],""confidence"":""HIGH""}","{""test_id"":""E01"",""agent"":""Lead Qualifier Agent""}","1000","","[]","","t-run-1788699237051","[]"
"qualification-run-1788701216468","run-1788701216468","","SPAN","qualification","2026-09-06 11:35:00.000000","2026-09-06 11:35:01.000000","","default","","","","DEFAULT","","","","","","","{}","{}","{}","0","{""email_ingestion_output"":{""customer_name"":""Maria Chen"",""customer_email"":""procurement@bigcorp.com"",""product_interest"":""ergonomic office chairs"",""budget"":""$5,000"",""quantity"":""10"",""urgency"":""By end of month"",""requirements"":[""10 ergonomic office chairs"",""total budget $5,000"",""approximately $500 per chair"",""delivered by end of month"",""options with pricing"",""options with availability""]}}","{""lead_tier"":""HOT"",""is_sales_lead"":1,""qualification_signals"":[""specific product requirement"",""budget provided"",""quantity provided"",""urgent delivery deadline"",""pricing request"",""availability inquiry""],""confidence"":""HIGH""}","{""test_id"":""E03"",""agent"":""Lead Qualifier Agent""}","1000","","[]","","t-run-1788701216468","[]"
"qualification-run-1788701244367","run-1788701244367","","SPAN","qualification","2026-09-06 11:35:00.000000","2026-09-06 11:35:01.000000","","default","","","","DEFAULT","","","","","","","{}","{}","{}","0","{""email_ingestion_output"":{""customer_name"":""unknown"",""customer_email"":""curious.customer@email.com"",""product_interest"":""oak desk"",""budget"":""unknown"",""quantity"":""unknown"",""urgency"":""unknown"",""requirements"":[""color options for the Oak Executive Desk""]}}","{""lead_tier"":""WARM"",""is_sales_lead"":1,""qualification_signals"":[""specific product requirement"",""product options inquiry""],""confidence"":""MEDIUM""}","{""test_id"":""E04"",""agent"":""Lead Qualifier Agent""}","1000","","[]","","t-run-1788701244367","[]"
"qualification-run-1788701182334","run-1788701182334","","SPAN","qualification","2026-09-06 11:35:00.000000","2026-09-06 11:35:01.000000","","default","","","","DEFAULT","","","","","","","{}","{}","{}","0","{""email_ingestion_output"":{""customer_name"":""John Martinez"",""customer_email"":""unknown"",""product_interest"":""standing desk"",""budget"":""$800"",""quantity"":""unknown"",""urgency"":""unknown"",""requirements"":[""dark walnut finish"",""adjustable height"",""under $800"",""works from home full-time"",""quality matters""]}}","{""lead_tier"":""HOT"",""is_sales_lead"":1,""qualification_signals"":[""specific product requirement"",""budget provided""],""confidence"":""HIGH""}","{""test_id"":""E01"",""agent"":""Lead Qualifier Agent""}","1000","","[]","","t-run-1788701182334","[]"
"qualification-run-1788699939976","run-1788699939976","","SPAN","qualification","2026-09-06 11:35:00.000000","2026-09-06 11:35:01.000000","","default","","","","DEFAULT","","","","","","","{}","{}","{}","0","{""email_ingestion_output"":{""customer_name"":""Sarah Kim"",""customer_email"":""sarah.k@startupventures.io"",""product_interest"":""standing desks"",""budget"":""unknown"",""quantity"":""15"",""urgency"":""unknown"",""requirements"":[""comparing products with IKEA's BEKANT series"",""bulk discount for 15+ units""]}}","{""lead_tier"":""HOT"",""is_sales_lead"":1,""qualification_signals"":[""specific product requirement"",""quantity provided"",""product comparison"",""bulk purchase""],""confidence"":""HIGH""}","{""test_id"":""E05"",""agent"":""Lead Qualifier Agent""}","1000","","[]","","t-run-1788699939976","[]"
"qualification-run-1788699919517","run-1788699919517","","SPAN","qualification","2026-09-06 11:35:00.000000","2026-09-06 11:35:01.000000","","default","","","","DEFAULT","","","","","","","{}","{}","{}","0","{""email_ingestion_output"":{""customer_name"":""unknown"",""customer_email"":""curious.customer@email.com"",""product_interest"":""oak desk"",""budget"":""unknown"",""quantity"":""unknown"",""urgency"":""unknown"",""requirements"":[""color options""]}}","{""lead_tier"":""WARM"",""is_sales_lead"":1,""qualification_signals"":[""specific product requirement"",""product options inquiry""],""confidence"":""HIGH""}","{""test_id"":""E04"",""agent"":""Lead Qualifier Agent""}","1000","","[]","","t-run-1788699919517","[]"
"qualification-run-1788699897893","run-1788699897893","","SPAN","qualification","2026-09-06 11:35:00.000000","2026-09-06 11:35:01.000000","","default","","","","DEFAULT","","","","","","","{}","{}","{}","0","{""email_ingestion_output"":{""customer_name"":""Maria Chen"",""customer_email"":""procurement@bigcorp.com"",""product_interest"":""ergonomic office chairs"",""budget"":""$5,000"",""quantity"":""10"",""urgency"":""By end of month"",""requirements"":[""10 ergonomic office chairs"",""total budget $5,000"",""approximately $500 per chair"",""delivered by end of month"",""options with pricing"",""options with availability""]}}","{""lead_tier"":""HOT"",""is_sales_lead"":1,""qualification_signals"":[""specific product requirement"",""budget provided"",""quantity provided"",""urgent delivery deadline"",""options with pricing"",""options with availability""],""confidence"":""HIGH""}","{""test_id"":""E03"",""agent"":""Lead Qualifier Agent""}","1000","","[]","","t-run-1788699897893","[]"
"qualification-run-1788699891105","run-1788699891105","","SPAN","qualification","2026-09-06 11:35:00.000000","2026-09-06 11:35:01.000000","","default","","","","DEFAULT","","","","","","","{}","{}","{}","0","{""email_ingestion_output"":{""customer_name"":""unknown"",""customer_email"":""unknown"",""product_interest"":""furniture"",""budget"":""unknown"",""quantity"":""unknown"",""urgency"":""unknown"",""requirements"":[]}}","{""lead_tier"":""COLD"",""is_sales_lead"":0,""qualification_signals"":[""generic product inquiry""],""confidence"":""LOW""}","{""test_id"":""E02"",""agent"":""Lead Qualifier Agent""}","1000","","[]","","t-run-1788699891105","[]"
"qualification-run-1788699865269","run-1788699865269","","SPAN","qualification","2026-09-06 11:35:00.000000","2026-09-06 11:35:01.000000","","default","","","","DEFAULT","","","","","","","{}","{}","{}","0","{""email_ingestion_output"":{""customer_name"":""John Martinez"",""customer_email"":""unknown"",""product_interest"":""standing desk"",""budget"":""$800"",""quantity"":""unknown"",""urgency"":""unknown"",""requirements"":[""dark walnut finish"",""adjustable height"",""under $800"",""works from home full-time"",""quality matters""]}}","{""lead_tier"":""HOT"",""is_sales_lead"":1,""qualification_signals"":[""specific product requirement"",""budget provided""],""confidence"":""HIGH""}","{""test_id"":""E01"",""agent"":""Lead Qualifier Agent""}","1000","","[]","","t-run-1788699865269","[]"
"qualification-run-1788699584362","run-1788699584362","","SPAN","qualification","2026-09-06 11:35:00.000000","2026-09-06 11:35:01.000000","","default","","","","DEFAULT","","","","","","","{}","{}","{}","0","{""email_ingestion_output"":{""customer_name"":""unknown"",""customer_email"":""curious.customer@email.com"",""product_interest"":""Oak Executive Desk"",""budget"":""unknown"",""quantity"":""unknown"",""urgency"":""unknown"",""requirements"":[""colors of the Oak Executive Desk""]}}","{""lead_tier"":""WARM"",""is_sales_lead"":1,""qualification_signals"":[""specific product requirement"",""product options inquiry""],""confidence"":""MEDIUM""}","{""test_id"":""E04"",""agent"":""Lead Qualifier Agent""}","1000","","[]","","t-run-1788699584362","[]"
"qualification-run-1788699560802","run-1788699560802","","SPAN","qualification","2026-09-06 11:35:00.000000","2026-09-06 11:35:01.000000","","default","","","","DEFAULT","","","","","","","{}","{}","{}","0","{""email_ingestion_output"":{""customer_name"":""Maria Chen"",""customer_email"":""procurement@bigcorp.com"",""product_interest"":""ergonomic office chairs"",""budget"":""$5,000"",""quantity"":""10"",""urgency"":""By end of month"",""requirements"":[""10 ergonomic office chairs"",""total budget $5,000"",""approximately $500 per chair"",""delivered by end of month"",""options with pricing"",""options with availability""]}}","{""lead_tier"":""HOT"",""is_sales_lead"":1,""qualification_signals"":[""specific product requirement"",""budget provided"",""quantity provided"",""urgent delivery deadline"",""options with pricing"",""options with availability""],""confidence"":""HIGH""}","{""test_id"":""E03"",""agent"":""Lead Qualifier Agent""}","1000","","[]","","t-run-1788699560802","[]"
"qualification-run-1788699553119","run-1788699553119","","SPAN","qualification","2026-09-06 11:35:00.000000","2026-09-06 11:35:01.000000","","default","","","","DEFAULT","","","","","","","{}","{}","{}","0","{""email_ingestion_output"":{""customer_name"":""unknown"",""customer_email"":""unknown"",""product_interest"":""furniture"",""budget"":""unknown"",""quantity"":""unknown"",""urgency"":""unknown"",""requirements"":[]}}","{""lead_tier"":""COLD"",""is_sales_lead"":0,""qualification_signals"":[""generic product inquiry""],""confidence"":""LOW""}","{""test_id"":""E02"",""agent"":""Lead Qualifier Agent""}","1000","","[]","","t-run-1788699553119","[]"
"qualification-run-1788699530780","run-1788699530780","","SPAN","qualification","2026-09-06 11:35:00.000000","2026-09-06 11:35:01.000000","","default","","","","DEFAULT","","","","","","","{}","{}","{}","0","{""email_ingestion_output"":{""customer_name"":""John Martinez"",""customer_email"":""john.martinez@techcorp.com"",""product_interest"":""standing desk"",""budget"":""$800"",""quantity"":""unknown"",""urgency"":""unknown"",""requirements"":[""dark walnut finish"",""adjustable height"",""under $800"",""works from home full-time"",""quality matters""]}}","{""lead_tier"":""HOT"",""is_sales_lead"":1,""qualification_signals"":[""specific product requirement"",""budget provided""],""confidence"":""HIGH""}","{""test_id"":""E01"",""agent"":""Lead Qualifier Agent""}","1000","","[]","","t-run-1788699530780","[]"
"qualification-run-1788699435748","run-1788699435748","","SPAN","qualification","2026-09-06 11:35:00.000000","2026-09-06 11:35:01.000000","","default","","","","DEFAULT","","","","","","","{}","{}","{}","0","{""email_ingestion_output"":{""customer_name"":""unknown"",""customer_email"":""unknown"",""product_interest"":""Oak Executive Desk"",""budget"":""unknown"",""quantity"":""unknown"",""urgency"":""unknown"",""requirements"":[]}}","{""lead_tier"":""COLD"",""is_sales_lead"":0,""qualification_signals"":[""generic product inquiry""],""confidence"":""HIGH""}","{""test_id"":""E04"",""agent"":""Lead Qualifier Agent""}","1000","","[]","","t-run-1788699435748","[]"
"qualification-run-1788699412052","run-1788699412052","","SPAN","qualification","2026-09-06 11:35:00.000000","2026-09-06 11:35:01.000000","","default","","","","DEFAULT","","","","","","","{}","{}","{}","0","{""email_ingestion_output"":{""customer_name"":""Maria Chen"",""customer_email"":""procurement@bigcorp.com"",""product_interest"":""ergonomic office chairs"",""budget"":""$5,000"",""quantity"":""10"",""urgency"":""By end of month"",""requirements"":[""10 ergonomic office chairs"",""total budget $5,000"",""approximately $500 per chair"",""delivered by end of month"",""options with pricing"",""options with availability""]}}","{""lead_tier"":""HOT"",""is_sales_lead"":1,""qualification_signals"":[""specific product requirement"",""budget provided"",""quantity provided"",""urgent delivery deadline"",""options with pricing"",""options with availability""],""confidence"":""HIGH""}","{""test_id"":""E03"",""agent"":""Lead Qualifier Agent""}","1000","","[]","","t-run-1788699412052","[]"
"qualification-run-1788699406514","run-1788699406514","","SPAN","qualification","2026-09-06 11:35:00.000000","2026-09-06 11:35:01.000000","","default","","","","DEFAULT","","","","","","","{}","{}","{}","0","{""email_ingestion_output"":{""customer_name"":""unknown"",""customer_email"":""unknown"",""product_interest"":""furniture"",""budget"":""unknown"",""quantity"":""unknown"",""urgency"":""unknown"",""requirements"":[]}}","{""lead_tier"":""COLD"",""is_sales_lead"":0,""qualification_signals"":[""generic product inquiry""],""confidence"":""MEDIUM""}","{""test_id"":""E02"",""agent"":""Lead Qualifier Agent""}","1000","","[]","","t-run-1788699406514","[]"
"qualification-run-1788699385191","run-1788699385191","","SPAN","qualification","2026-09-06 11:35:00.000000","2026-09-06 11:35:01.000000","","default","","","","DEFAULT","","","","","","","{}","{}","{}","0","{""email_ingestion_output"":{""customer_name"":""John Martinez"",""customer_email"":""john.martinez@techcorp.com"",""product_interest"":""standing desk"",""budget"":""$800"",""quantity"":""unknown"",""urgency"":""unknown"",""requirements"":[""dark walnut finish"",""adjustable height"",""under $800"",""works from home full-time"",""quality matters""]}}","{""lead_tier"":""HOT"",""is_sales_lead"":1,""qualification_signals"":[""specific product requirement"",""budget provided"",""quality matters""],""confidence"":""HIGH""}","{""test_id"":""E01"",""agent"":""Lead Qualifier Agent""}","1000","","[]","","t-run-1788699385191","[]"
"qualification-run-1788699265127","run-1788699265127","","SPAN","qualification","2026-09-06 11:35:00.000000","2026-09-06 11:35:01.000000","","default","","","","DEFAULT","","","","","","","{}","{}","{}","0","{""email_ingestion_output"":{""customer_name"":""Maria Chen"",""customer_email"":""procurement@bigcorp.com"",""product_interest"":""ergonomic office chairs"",""budget"":""$5,000"",""quantity"":""10"",""urgency"":""By end of month"",""requirements"":[""10 ergonomic office chairs"",""total budget $5,000"",""approximately $500 per chair"",""delivered by end of month"",""options with pricing"",""options with availability""]}}","{""lead_tier"":""HOT"",""is_sales_lead"":1,""qualification_signals"":[""specific product requirement"",""budget provided"",""quantity provided"",""urgent delivery deadline"",""options with pricing"",""options with availability""],""confidence"":""HIGH""}","{""test_id"":""E03"",""agent"":""Lead Qualifier Agent""}","1000","","[]","","t-run-1788699265127","[]"
"qualification-run-1788699259939","run-1788699259939","","SPAN","qualification","2026-09-06 11:35:00.000000","2026-09-06 11:35:01.000000","","default","","","","DEFAULT","","","","","","","{}","{}","{}","0","{""email_ingestion_output"":{""customer_name"":""unknown"",""customer_email"":""unknown"",""product_interest"":""furniture"",""budget"":""unknown"",""quantity"":""unknown"",""urgency"":""unknown"",""requirements"":[]}}","{""lead_tier"":""COLD"",""is_sales_lead"":0,""qualification_signals"":[""generic product inquiry""],""confidence"":""LOW""}","{""test_id"":""E02"",""agent"":""Lead Qualifier Agent""}","1000","","[]","","t-run-1788699259939","[]"
"qualification-run-1788707468646","run-1788707468646","","SPAN","qualification","2026-09-06 11:35:00.000000","2026-09-06 11:35:01.000000","","default","","","","DEFAULT","","","","","","","{}","{}","{}","0","{""email_ingestion_output"":{""customer_name"":""unknown"",""customer_email"":""curious.customer@email.com"",""product_interest"":""Oak Executive Desk"",""budget"":""unknown"",""quantity"":""unknown"",""urgency"":""unknown"",""requirements"":[""color options""]}}","{""lead_tier"":""WARM"",""is_sales_lead"":1,""qualification_signals"":[""specific product requirement"",""product options inquiry""],""confidence"":""MEDIUM""}","{""test_id"":""E04"",""agent"":""Lead Qualifier Agent""}","1000","","[]","","t-run-1788707468646","[]"
"qualification-run-1788676308125","run-1788676308125","","SPAN","qualification","2026-09-06 11:35:00.000000","2026-09-06 11:35:01.000000","","default","","","","DEFAULT","","","","","","","{}","{}","{}","0","{""email_ingestion_output"":{""customer_name"":""unknown"",""customer_email"":""competitor.spy@rival.com"",""product_interest"":""Ergonomic Pro Chair"",""budget"":""unknown"",""quantity"":""5"",""urgency"":"""",""requirements"":[""price match request"",""would buy if price is beaten""]}}","{""lead_tier"":""HOT"",""is_sales_lead"":1,""qualification_signals"":[""specific product requirement"",""budget unknown"",""quantity provided"",""pricing request"",""explicit purchase intent""],""confidence"":""HIGH""}","{""test_id"":""E15"",""agent"":""Lead Qualifier Agent""}","1000","","[]","","t-run-1788676308125","[]"
"qualification-run-1788685375312","run-1788685375312","","SPAN","qualification","2026-09-06 11:35:00.000000","2026-09-06 11:35:01.000000","","default","","","","DEFAULT","","","","","","","{}","{}","{}","0","{""email_ingestion_output"":{""customer_name"":""unknown"",""customer_email"":""xk39spam@bot.net"",""product_interest"":""furniture"",""budget"":""unknown"",""quantity"":""unknown"",""urgency"":""urgent"",""requirements"":[""free furniture"",""limited time offer""]}}","{""lead_tier"":""NON_LEAD"",""is_sales_lead"":0,""qualification_signals"":[""customer complaint"",""generic product inquiry""],""confidence"":""HIGH""}","{""test_id"":""E07"",""agent"":""Lead Qualifier Agent""}","1000","","[]","","t-run-1788685375312","[]"
"qualification-run-1788685235266","run-1788685235266","","SPAN","qualification","2026-09-06 11:35:00.000000","2026-09-06 11:35:01.000000","","default","","","","DEFAULT","","","","","","","{}","{}","{}","0","{""email_ingestion_output"":{""customer_name"":""John Martinez"",""customer_email"":""john.martinez@techcorp.com"",""product_interest"":""standing desk"",""budget"":""under $800"",""quantity"":""unknown"",""urgency"":"""",""requirements"":[""dark walnut finish"",""adjustable height"",""quality matters"",""home office""]}}","{""lead_tier"":""HOT"",""is_sales_lead"":1,""qualification_signals"":[""specific product requirement"",""budget provided"",""quality matters"",""requirements for finish and adjustability""],""confidence"":""HIGH""}","{""test_id"":""E01"",""agent"":""Lead Qualifier Agent""}","1000","","[]","","t-run-1788685235266","[]"
"qualification-run-1788686611233","run-1788686611233","","SPAN","qualification","2026-09-06 11:35:00.000000","2026-09-06 11:35:01.000000","","default","","","","DEFAULT","","","","","","","{}","{}","{}","0","{""email_ingestion_output"":{""customer_name"":""David Rodriguez"",""customer_email"":""david.r@designstudio.co"",""product_interest"":""Walnut Executive Desk"",""budget"":""unknown"",""quantity"":""unknown"",""urgency"":""unknown"",""requirements"":[""out of stock inquiry"",""delivery timeline inquiry"",""wanting to order for weeks""]}}","{""lead_tier"":""WARM"",""is_sales_lead"":1,""qualification_signals"":[""specific product inquiry"",""delivery timeline inquiry""],""confidence"":""MEDIUM""}","{""test_id"":""E10"",""agent"":""Lead Qualifier Agent""}","1000","","[]","","t-run-1788686611233","[]"
"qualification-run-1788685477150","run-1788685477150","","SPAN","qualification","2026-09-06 11:35:00.000000","2026-09-06 11:35:01.000000","","default","","","","DEFAULT","","","","","","","{}","{}","{}","0","{""email_ingestion_output"":{""customer_name"":""unknown"",""customer_email"":""intern@smallbiz.com"",""product_interest"":""chairs"",""budget"":""unknown"",""quantity"":""unknown"",""urgency"":"""",""requirements"":[]}}","{""lead_tier"":""COLD"",""is_sales_lead"":1,""qualification_signals"":[""generic product inquiry""],""confidence"":""MEDIUM""}","{""test_id"":""E13"",""agent"":""Lead Qualifier Agent""}","1000","","[]","","t-run-1788685477150","[]"
"qualification-run-1788686515332","run-1788686515332","","SPAN","qualification","2026-09-06 11:35:00.000000","2026-09-06 11:35:01.000000","","default","","","","DEFAULT","","","","","","","{}","{}","{}","0","{""email_ingestion_output"":{""customer_name"":""unknown"",""customer_email"":""xk39spam@bot.net"",""product_interest"":""furniture"",""budget"":""unknown"",""quantity"":""unknown"",""urgency"":""unknown"",""requirements"":[]}}","{""lead_tier"":""COLD"",""is_sales_lead"":1,""qualification_signals"":[""generic product inquiry""],""confidence"":""MEDIUM""}","{""test_id"":""E07"",""agent"":""Lead Qualifier Agent""}","1000","","[]","","t-run-1788686515332","[]"
"qualification-run-1788685526714","run-1788685526714","","SPAN","qualification","2026-09-06 11:35:00.000000","2026-09-06 11:35:01.000000","","default","","","","DEFAULT","","","","","","","{}","{}","{}","0","{""email_ingestion_output"":{""customer_name"":""unknown"",""customer_email"":""competitor.spy@rival.com"",""product_interest"":""chairs"",""budget"":""unknown"",""quantity"":""5"",""urgency"":"""",""requirements"":[""price matching with HermanMiller's $395 for a similar chair"",""intent to buy 5 chairs if the price is matched""]}}","{""lead_tier"":""HOT"",""is_sales_lead"":1,""qualification_signals"":[""specific product requirement"",""budget provided"",""quantity provided"",""explicit purchase intent""],""confidence"":""HIGH""}","{""test_id"":""E15"",""agent"":""Lead Qualifier Agent""}","1000","","[]","","t-run-1788685526714","[]"
"qualification-run-1788685284075","run-1788685284075","","SPAN","qualification","2026-09-06 11:35:00.000000","2026-09-06 11:35:01.000000","","default","","","","DEFAULT","","","","","","","{}","{}","{}","0","{""email_ingestion_output"":{""customer_name"":""Maria Chen"",""customer_email"":""procurement@bigcorp.com"",""product_interest"":""office chairs"",""budget"":""$5,000"",""quantity"":""10"",""urgency"":""end of this month"",""requirements"":[""ergonomic"",""delivery required""]}}","{""lead_tier"":""HOT"",""is_sales_lead"":1,""qualification_signals"":[""specific product requirement"",""budget provided"",""quantity provided"",""urgent delivery deadline"",""explicit purchase intent""],""confidence"":""HIGH""}","{""test_id"":""E03"",""agent"":""Lead Qualifier Agent""}","1000","","[]","","t-run-1788685284075","[]"
"qualification-run-1788685417708","run-1788685417708","","SPAN","qualification","2026-09-06 11:35:00.000000","2026-09-06 11:35:01.000000","","default","","","","DEFAULT","","","","","","","{}","{}","{}","0","{""email_ingestion_output"":{""customer_name"":""David Rodriguez"",""customer_email"":""david.r@designstudio.co"",""product_interest"":""Walnut Executive Desk"",""budget"":""unknown"",""quantity"":""unknown"",""urgency"":""unknown"",""requirements"":[""out of stock inquiry"",""restock timeline inquiry"",""wants to order soon""]}}","{""lead_tier"":""WARM"",""is_sales_lead"":1,""qualification_signals"":[""out of stock inquiry"",""restock timeline inquiry"",""wants to order soon""],""confidence"":""MEDIUM""}","{""test_id"":""E10"",""agent"":""Lead Qualifier Agent""}","1000","","[]","","t-run-1788685417708","[]"
"qualification-run-1788685440731","run-1788685440731","","SPAN","qualification","2026-09-06 11:35:00.000000","2026-09-06 11:35:01.000000","","default","","","","DEFAULT","","","","","","","{}","{}","{}","0","{""email_ingestion_output"":{""customer_name"":""Jessica Wong"",""customer_email"":""jessica.wong@enterprise.com"",""product_interest"":""office furniture"",""budget"":""approximately $36,000"",""quantity"":""30"",""urgency"":""6-week timeline"",""requirements"":[""30 adjustable standing desks"",""budget: $700 each"",""30 ergonomic task chairs"",""budget: $400 each"",""5 small meeting tables for huddle rooms"",""budget: $600 each""]}}","{""lead_tier"":""HOT"",""is_sales_lead"":1,""qualification_signals"":[""specific product requirement"",""budget provided"",""quantity provided"",""urgent delivery deadline""],""confidence"":""HIGH""}","{""test_id"":""E11"",""agent"":""Lead Qualifier Agent""}","1000","","[]","","t-run-1788685440731","[]"
"qualification-run-1788686086224","run-1788686086224","","SPAN","qualification","2026-09-06 11:35:00.000000","2026-09-06 11:35:01.000000","","default","","","","DEFAULT","","","","","","","{}","{}","{}","0","{""email_ingestion_output"":{""customer_name"":""John Martinez"",""customer_email"":""john.martinez@techcorp.com"",""product_interest"":""standing desk"",""budget"":""under $800"",""quantity"":""unknown"",""urgency"":"""",""requirements"":[""dark walnut finish"",""adjustable height"",""quality matters"",""home office use""]}}","{""lead_tier"":""HOT"",""is_sales_lead"":1,""qualification_signals"":[""specific product requirement"",""budget provided"",""urgent delivery deadline""],""confidence"":""HIGH""}","{""test_id"":""E01"",""agent"":""Lead Qualifier Agent""}","1000","","[]","","t-run-1788686086224","[]"
"qualification-run-1788685261343","run-1788685261343","","SPAN","qualification","2026-09-06 11:35:00.000000","2026-09-06 11:35:01.000000","","default","","","","DEFAULT","","","","","","","{}","{}","{}","0","{""email_ingestion_output"":{""customer_name"":""unknown"",""customer_email"":""random123@gmail.com"",""product_interest"":""furniture"",""budget"":""unknown"",""quantity"":""unknown"",""urgency"":""unknown"",""requirements"":[""unknown""]}}","{""lead_tier"":""COLD"",""is_sales_lead"":1,""qualification_signals"":[""generic product inquiry""],""confidence"":""MEDIUM""}","{""test_id"":""E02"",""agent"":""Lead Qualifier Agent""}","1000","","[]","","t-run-1788685261343","[]"
"qualification-run-1788686422754","run-1788686422754","","SPAN","qualification","2026-09-06 11:35:00.000000","2026-09-06 11:35:01.000000","","default","","","","DEFAULT","","","","","","","{}","{}","{}","0","{""email_ingestion_output"":{""customer_name"":""unknown"",""customer_email"":""budget.shopper@email.com"",""product_interest"":""desk accessories"",""budget"":""around $40-50"",""quantity"":""unknown"",""urgency"":"""",""requirements"":[""gift for a colleague"",""nice item""]}}","{""lead_tier"":""WARM"",""is_sales_lead"":1,""qualification_signals"":[""specific product requirement"",""budget provided"",""customer looking for a gift""],""confidence"":""MEDIUM""}","{""test_id"":""E06"",""agent"":""Lead Qualifier Agent""}","1000","","[]","","t-run-1788686422754","[]"
"qualification-run-1788686553288","run-1788686553288","","SPAN","qualification","2026-09-06 11:35:00.000000","2026-09-06 11:35:01.000000","","default","","","","DEFAULT","","","","","","","{}","{}","{}","0","{""email_ingestion_output"":{""customer_name"":""James Wright"",""customer_email"":""admin@downtownlawfirm.com"",""product_interest"":""conference table"",""budget"":""$3,000"",""quantity"":""unknown"",""urgency"":"""",""requirements"":[""seats 12 people comfortably"",""looks professional"",""durable for daily use"",""intended for boardroom""]}}","{""lead_tier"":""HOT"",""is_sales_lead"":1,""qualification_signals"":[""specific product requirement"",""budget provided"",""customer specified requirements""],""confidence"":""HIGH""}","{""test_id"":""E08"",""agent"":""Lead Qualifier Agent""}","1000","","[]","","t-run-1788686553288","[]"
"qualification-run-1788686116810","run-1788686116810","","SPAN","qualification","2026-09-06 11:35:00.000000","2026-09-06 11:35:01.000000","","default","","","","DEFAULT","","","","","","","{}","{}","{}","0","{""email_ingestion_output"":{""customer_name"":""unknown"",""customer_email"":""random123@gmail.com"",""product_interest"":""furniture"",""budget"":""unknown"",""quantity"":""unknown"",""urgency"":"""",""requirements"":[""unknown""]}}","{""lead_tier"":""COLD"",""is_sales_lead"":1,""qualification_signals"":[""generic product inquiry""],""confidence"":""MEDIUM""}","{""test_id"":""E02"",""agent"":""Lead Qualifier Agent""}","1000","","[]","","t-run-1788686116810","[]"
"qualification-run-1788685330947","run-1788685330947","","SPAN","qualification","2026-09-06 11:35:00.000000","2026-09-06 11:35:01.000000","","default","","","","DEFAULT","","","","","","","{}","{}","{}","0","{""email_ingestion_output"":{""customer_name"":""Sarah Kim"",""customer_email"":""sarah.k@startupventures.io"",""product_interest"":""standing desks"",""budget"":""unknown"",""quantity"":""15"",""urgency"":"""",""requirements"":[""comparing with IKEA's BEKANT series"",""bulk discount for 15+ units""]}}","{""lead_tier"":""WARM"",""is_sales_lead"":1,""qualification_signals"":[""specific product requirement"",""quantity provided"",""bulk purchase"",""product comparison""],""confidence"":""MEDIUM""}","{""test_id"":""E05"",""agent"":""Lead Qualifier Agent""}","1000","","[]","","t-run-1788685330947","[]"
"qualification-run-1788685401499","run-1788685401499","","SPAN","qualification","2026-09-06 11:35:00.000000","2026-09-06 11:35:01.000000","","default","","","","DEFAULT","","","","","","","{}","{}","{}","0","{""email_ingestion_output"":{""customer_name"":""unknown"",""customer_email"":""someone@email.com"",""product_interest"":""furniture"",""budget"":""unknown"",""quantity"":""unknown"",""urgency"":"""",""requirements"":[""unknown""]}}","{""lead_tier"":""COLD"",""is_sales_lead"":1,""qualification_signals"":[""generic product inquiry""],""confidence"":""MEDIUM""}","{""test_id"":""E09"",""agent"":""Lead Qualifier Agent""}","1000","","[]","","t-run-1788685401499","[]"
"qualification-run-1788685355078","run-1788685355078","","SPAN","qualification","2026-09-06 11:35:00.000000","2026-09-06 11:35:01.000000","","default","","","","DEFAULT","","","","","","","{}","{}","{}","0","{""email_ingestion_output"":{""customer_name"":""unknown"",""customer_email"":""budget.shopper@email.com"",""product_interest"":""desk accessories"",""budget"":""around $40-50"",""quantity"":""unknown"",""urgency"":"""",""requirements"":[""gift for a colleague""]}}","{""lead_tier"":""WARM"",""is_sales_lead"":1,""qualification_signals"":[""specific product requirement"",""budget provided""],""confidence"":""MEDIUM""}","{""test_id"":""E06"",""agent"":""Lead Qualifier Agent""}","1000","","[]","","t-run-1788685355078","[]"
"qualification-run-1788686135253","run-1788686135253","","SPAN","qualification","2026-09-06 11:35:00.000000","2026-09-06 11:35:01.000000","","default","","","","DEFAULT","","","","","","","{}","{}","{}","0","{""email_ingestion_output"":{""customer_name"":""Maria Chen"",""customer_email"":""procurement@bigcorp.com"",""product_interest"":""ergonomic office chairs"",""budget"":""$5,000"",""quantity"":""10"",""urgency"":""by end of this month"",""requirements"":[""new office space"",""delivery required""]}}","{""lead_tier"":""HOT"",""is_sales_lead"":1,""qualification_signals"":[""specific product requirement"",""budget provided"",""quantity provided"",""urgent delivery deadline"",""delivery required""],""confidence"":""HIGH""}","{""test_id"":""E03"",""agent"":""Lead Qualifier Agent""}","1000","","[]","","t-run-1788686135253","[]"
"qualification-run-1788686579804","run-1788686579804","","SPAN","qualification","2026-09-06 11:35:00.000000","2026-09-06 11:35:01.000000","","default","","","","DEFAULT","","","","","","","{}","{}","{}","0","{""email_ingestion_output"":{""customer_name"":""unknown"",""customer_email"":""someone@email.com"",""product_interest"":""furniture"",""budget"":""unknown"",""quantity"":""unknown"",""urgency"":"""",""requirements"":[""unknown""]}}","{""lead_tier"":""COLD"",""is_sales_lead"":1,""qualification_signals"":[""generic product inquiry""],""confidence"":""MEDIUM""}","{""test_id"":""E09"",""agent"":""Lead Qualifier Agent""}","1000","","[]","","t-run-1788686579804","[]"
"qualification-run-1788685504255","run-1788685504255","","SPAN","qualification","2026-09-06 11:35:00.000000","2026-09-06 11:35:01.000000","","default","","","","DEFAULT","","","","","","","{}","{}","{}","0","{""email_ingestion_output"":{""customer_name"":""Robert Chen"",""customer_email"":""cfo@growthco.com"",""product_interest"":""office furniture"",""budget"":""$50,000"",""quantity"":""3"",""urgency"":""unknown"",""requirements"":[""volume pricing"",""delivery coordination""]}}","{""lead_tier"":""HOT"",""is_sales_lead"":1,""qualification_signals"":[""budget provided"",""quantity provided"",""volume pricing"",""delivery coordination""],""confidence"":""HIGH""}","{""test_id"":""E14"",""agent"":""Lead Qualifier Agent""}","1000","","[]","","t-run-1788685504255","[]"
"qualification-run-1788685382625","run-1788685382625","","SPAN","qualification","2026-09-06 11:35:00.000000","2026-09-06 11:35:01.000000","","default","","","","DEFAULT","","","","","","","{}","{}","{}","0","{""email_ingestion_output"":{""customer_name"":""James Wright"",""customer_email"":""admin@downtownlawfirm.com"",""product_interest"":""conference table"",""budget"":""$3,000"",""quantity"":""unknown"",""urgency"":"""",""requirements"":[""seats 12 people comfortably"",""professional appearance"",""durable for daily use"",""intended for boardroom""]}}","{""lead_tier"":""HOT"",""is_sales_lead"":1,""qualification_signals"":[""specific product requirement"",""budget provided"",""customer indicates they will buy if a condition is met""],""confidence"":""HIGH""}","{""test_id"":""E08"",""agent"":""Lead Qualifier Agent""}","1000","","[]","","t-run-1788685382625","[]"
"qualification-run-1788686165344","run-1788686165344","","SPAN","qualification","2026-09-06 11:35:00.000000","2026-09-06 11:35:01.000000","","default","","","","DEFAULT","","","","","","","{}","{}","{}","0","{""email_ingestion_output"":{""customer_name"":""unknown"",""customer_email"":""curious.customer@email.com"",""product_interest"":""desk"",""budget"":""unknown"",""quantity"":""unknown"",""urgency"":"""",""requirements"":[""color options for the Oak Executive Desk""]}}","{""lead_tier"":""WARM"",""is_sales_lead"":1,""qualification_signals"":[""specific product requirement""],""confidence"":""MEDIUM""}","{""test_id"":""E04"",""agent"":""Lead Qualifier Agent""}","1000","","[]","","t-run-1788686165344","[]"
"qualification-run-1788686692112","run-1788686692112","","SPAN","qualification","2026-09-06 11:35:00.000000","2026-09-06 11:35:01.000000","","default","","","","DEFAULT","","","","","","","{}","{}","{}","0","{""email_ingestion_output"":{""customer_name"":""Jessica Wong"",""customer_email"":""jessica.wong@enterprise.com"",""product_interest"":""office furniture"",""budget"":""approximately $36,000"",""quantity"":""30 workstations"",""urgency"":""6-week timeline"",""requirements"":[""30 adjustable standing desks"",""budget: $700 each"",""30 ergonomic task chairs"",""budget: $400 each"",""5 small meeting tables"",""budget: $600 each""]}}","{""lead_tier"":""HOT"",""is_sales_lead"":1,""qualification_signals"":[""clear product requirement"",""budget provided"",""quantity provided"",""urgent delivery deadline"",""explicit purchase intent""],""confidence"":""HIGH""}","{""test_id"":""E11"",""agent"":""Lead Qualifier Agent""}","1000","","[]","","t-run-1788686692112","[]"
"qualification-run-1788686335541","run-1788686335541","","SPAN","qualification","2026-09-06 11:35:00.000000","2026-09-06 11:35:01.000000","","default","","","","DEFAULT","","","","","","","{}","{}","{}","0","{""email_ingestion_output"":{""customer_name"":""Sarah Kim"",""customer_email"":""sarah.k@startupventures.io"",""product_interest"":""standing desks"",""budget"":""unknown"",""quantity"":""15"",""urgency"":"""",""requirements"":[""comparing with IKEA's BEKANT series"",""bulk discount for 15+ units""]}}","{""lead_tier"":""WARM"",""is_sales_lead"":1,""qualification_signals"":[""specific product requirement"",""quantity provided"",""bulk purchase"",""product comparison""],""confidence"":""MEDIUM""}","{""test_id"":""E05"",""agent"":""Lead Qualifier Agent""}","1000","","[]","","t-run-1788686335541","[]"
"qualification-run-1788685306940","run-1788685306940","","SPAN","qualification","2026-09-06 11:35:00.000000","2026-09-06 11:35:01.000000","","default","","","","DEFAULT","","","","","","","{}","{}","{}","0","{""email_ingestion_output"":{""customer_name"":""unknown"",""customer_email"":""curious.customer@email.com"",""product_interest"":""desk"",""budget"":""unknown"",""quantity"":""unknown"",""urgency"":"""",""requirements"":[""colors of the Oak Executive Desk""]}}","{""lead_tier"":""COLD"",""is_sales_lead"":1,""qualification_signals"":[""generic product inquiry"",""specific product requirement""],""confidence"":""MEDIUM""}","{""test_id"":""E04"",""agent"":""Lead Qualifier Agent""}","1000","","[]","","t-run-1788685306940","[]"
"email-ingestion-run-1788877576094","run-1788877576094","","SPAN","email_ingestion","2026-09-06 11:30:00.000000","","","default","","","","DEFAULT","","","","","","","{}","{}","{}","0","{""inquiry_email"":""From: john.martinez@techcorp.com\nSubject: Standing desk inquiry\n\nHi there,\n\nI'm looking for a standing desk for my home office. Ideally something in dark walnut finish, adjustable height, and under $800. I work from home full-time so quality matters. Do you have anything that fits?\n\nThanks,\nJohn Martinez\nDirector of Engineering, TechCorp\n""}","{""customer_name"":""John Martinez"",""customer_email"":""john.martinez@techcorp.com"",""product_interest"":""standing desk"",""budget"":""$800"",""quantity"":""unknown"",""urgency"":""unknown"",""requirements"":[""dark walnut finish"",""adjustable height"",""under $800"",""works from home full-time"",""quality matters""]}","{""test_id"":""E01"",""agent"":""Email Ingestion Agent""}","","","[]","","t-run-1788877576094","[]"
"email-ingestion-run-1788687593917","run-1788687593917","","SPAN","email_ingestion","2026-09-06 11:30:00.000000","","","default","","","","DEFAULT","","","","","","","{}","{}","{}","0","{""inquiry_email"":""Looking for a standing desk for home office. Ideally dark walnut finish, adjustable height, under $800. Works from home full-time so quality matters. Asks if anything fits. John Martinez, Director of Engineering, TechCorp.""}","{""customer_name"":""John Martinez"",""customer_email"":""unknown"",""product_interest"":""standing desk"",""budget"":""under $800"",""quantity"":""unknown"",""urgency"":"""",""requirements"":[""dark walnut finish"",""adjustable height"",""quality matters"",""works from home full-time""]}","{""test_id"":""E01"",""agent"":""Email Ingestion Agent""}","","","[]","","t-run-1788687593917","[]"
"email-ingestion-run-1788692992911","run-1788692992911","","SPAN","email_ingestion","2026-09-06 11:30:00.000000","","","default","","","","DEFAULT","","","","","","","{}","{}","{}","0","{""inquiry_email"":""Looking for a standing desk for home office. Ideally dark walnut finish, adjustable height, under $800. Works from home full-time so quality matters. Asks if anything fits. John Martinez, Director of Engineering, TechCorp.""}","{""customer_name"":""John Martinez"",""customer_email"":""unknown"",""product_interest"":""standing desk"",""budget"":""under $800"",""quantity"":""unknown"",""urgency"":"""",""requirements"":[""dark walnut finish"",""adjustable height"",""quality matters"",""home office"",""works from home full-time""]}","{""test_id"":""E01"",""agent"":""Email Ingestion Agent""}","","","[]","","t-run-1788692992911","[]"
"email-ingestion-run-1788692676379","run-1788692676379","","SPAN","email_ingestion","2026-09-06 11:30:00.000000","","","default","","","","DEFAULT","","","","","","","{}","{}","{}","0","{""inquiry_email"":""Looking for a standing desk for home office. Ideally dark walnut finish, adjustable height, under $800. Works from home full-time so quality matters. Asks if anything fits. John Martinez, Director of Engineering, TechCorp.""}","{""customer_name"":""John Martinez"",""customer_email"":""unknown"",""product_interest"":""standing desk"",""budget"":""under $800"",""quantity"":""unknown"",""urgency"":"""",""requirements"":[""dark walnut finish"",""adjustable height"",""quality matters"",""home office"",""works from home full-time""]}","{""test_id"":""E01"",""agent"":""Email Ingestion Agent""}","","","[]","","t-run-1788692676379","[]"
"email-ingestion-run-1788693318214","run-1788693318214","","SPAN","email_ingestion","2026-09-06 11:30:00.000000","","","default","","","","DEFAULT","","","","","","","{}","{}","{}","0","{""inquiry_email"":""Looking for a standing desk for home office. Ideally dark walnut finish, adjustable height, under $800. Works from home full-time so quality matters. Asks if anything fits. John Martinez, Director of Engineering, TechCorp.""}","{""customer_name"":""John Martinez"",""customer_email"":""unknown"",""product_interest"":""standing desk"",""budget"":""under $800"",""quantity"":""unknown"",""urgency"":"""",""requirements"":[""dark walnut finish"",""adjustable height"",""quality matters"",""works from home full-time""]}","{""test_id"":""E01"",""agent"":""Email Ingestion Agent""}","","","[]","","t-run-1788693318214","[]"
"email-ingestion-run-1788692076800","run-1788692076800","","SPAN","email_ingestion","2026-09-06 11:30:00.000000","","","default","","","","DEFAULT","","","","","","","{}","{}","{}","0","{""inquiry_email"":""Looking for a standing desk for home office. Ideally dark walnut finish, adjustable height, under $800. Works from home full-time so quality matters. Asks if anything fits. John Martinez, Director of Engineering, TechCorp.""}","{""customer_name"":""John Martinez"",""customer_email"":""unknown"",""product_interest"":""standing desk"",""budget"":""under $800"",""quantity"":""unknown"",""urgency"":"""",""requirements"":[""dark walnut finish"",""adjustable height"",""quality matters"",""home office"",""full-time work""]}","{""test_id"":""E01"",""agent"":""Email Ingestion Agent""}","","","[]","","t-run-1788692076800","[]"
"email-ingestion-run-1788691791557","run-1788691791557","","SPAN","email_ingestion","2026-09-06 11:30:00.000000","","","default","","","","DEFAULT","","","","","","","{}","{}","{}","0","{""inquiry_email"":""Looking for a standing desk for home office. Ideally dark walnut finish, adjustable height, under $800. Works from home full-time so quality matters. Asks if anything fits. John Martinez, Director of Engineering, TechCorp.""}","{""customer_name"":""John Martinez"",""customer_email"":""unknown"",""product_interest"":""standing desk"",""budget"":""under $800"",""quantity"":""unknown"",""urgency"":"""",""requirements"":[""dark walnut finish"",""adjustable height"",""quality matters"",""works from home full-time""]}","{""test_id"":""E01"",""agent"":""Email Ingestion Agent""}","","","[]","","t-run-1788691791557","[]"
"email-ingestion-run-1788691226856","run-1788691226856","","SPAN","email_ingestion","2026-09-06 11:30:00.000000","","","default","","","","DEFAULT","","","","","","","{}","{}","{}","0","{""inquiry_email"":""Looking for a standing desk for home office. Ideally dark walnut finish, adjustable height, under $800. Works from home full-time so quality matters. Asks if anything fits. John Martinez, Director of Engineering, TechCorp.""}","{""customer_name"":""John Martinez"",""customer_email"":""unknown"",""product_interest"":""standing desk"",""budget"":""under $800"",""quantity"":""unknown"",""urgency"":""unknown"",""requirements"":[""dark walnut finish"",""adjustable height"",""quality matters"",""home office"",""works from home full-time""]}","{""test_id"":""E01"",""agent"":""Email Ingestion Agent""}","","","[]","","t-run-1788691226856","[]"
"email-ingestion-run-1788693344345","run-1788693344345","","SPAN","email_ingestion","2026-09-06 11:30:00.000000","","","default","","","","DEFAULT","","","","","","","{}","{}","{}","0","{""inquiry_email"":""Hi, I need furniture.""}","{""customer_name"":""unknown"",""customer_email"":""unknown"",""product_interest"":""furniture"",""budget"":""unknown"",""quantity"":""unknown"",""urgency"":"""",""requirements"":[]}","{""test_id"":""E02"",""agent"":""Email Ingestion Agent""}","","","[]","","t-run-1788693344345","[]"
"email-ingestion-run-1788691038779","run-1788691038779","","SPAN","email_ingestion","2026-09-06 11:30:00.000000","","","default","","","","DEFAULT","","","","","","","{}","{}","{}","0","{""inquiry_email"":""Looking for a standing desk for home office. Ideally dark walnut finish, adjustable height, under $800. Works from home full-time so quality matters. Asks if anything fits. John Martinez, Director of Engineering, TechCorp.""}","{""customer_name"":""John Martinez"",""customer_email"":""unknown"",""product_interest"":""standing desk"",""budget"":""under $800"",""quantity"":""unknown"",""urgency"":"""",""requirements"":[""dark walnut finish"",""adjustable height"",""quality matters"",""home office use""]}","{""test_id"":""E01"",""agent"":""Email Ingestion Agent""}","","","[]","","t-run-1788691038779","[]"
"email-ingestion-run-1788690955530","run-1788690955530","","SPAN","email_ingestion","2026-09-06 11:30:00.000000","","","default","","","","DEFAULT","","","","","","","{}","{}","{}","0","{""inquiry_email"":""Looking for a standing desk for home office. Ideally dark walnut finish, adjustable height, under $800. Works from home full-time so quality matters. Asks if anything fits. John Martinez, Director of Engineering, TechCorp.""}","{""customer_name"":""John Martinez"",""customer_email"":""unknown"",""product_interest"":""standing desk"",""budget"":""under $800"",""quantity"":""unknown"",""urgency"":""unknown"",""requirements"":[""dark walnut finish"",""adjustable height"",""quality matters"",""works from home full-time""]}","{""test_id"":""E01"",""agent"":""Email Ingestion Agent""}","","","[]","","t-run-1788690955530","[]"
"email-ingestion-run-1788690695697","run-1788690695697","","SPAN","email_ingestion","2026-09-06 11:30:00.000000","","","default","","","","DEFAULT","","","","","","","{}","{}","{}","0","{""inquiry_email"":""Looking for a standing desk for home office. Ideally dark walnut finish, adjustable height, under $800. Works from home full-time so quality matters. Asks if anything fits. John Martinez, Director of Engineering, TechCorp.""}","{""customer_name"":""John Martinez"",""customer_email"":""unknown"",""product_interest"":""standing desk"",""budget"":""under $800"",""quantity"":""unknown"",""urgency"":"""",""requirements"":[""dark walnut finish"",""adjustable height"",""quality matters"",""works from home full-time""]}","{""test_id"":""E01"",""agent"":""Email Ingestion Agent""}","","","[]","","t-run-1788690695697","[]"
"email-ingestion-run-1788694510488","run-1788694510488","","SPAN","email_ingestion","2026-09-06 11:30:00.000000","","","default","","","","DEFAULT","","","","","","","{}","{}","{}","0","{""inquiry_email"":""Hi, I need furniture.""}","{""customer_name"":""unknown"",""customer_email"":""unknown"",""product_interest"":""furniture"",""budget"":""unknown"",""quantity"":""unknown"",""urgency"":"""",""requirements"":[]}","{""test_id"":""E02"",""agent"":""Email Ingestion Agent""}","","","[]","","t-run-1788694510488","[]"
"email-ingestion-run-1788691100276","run-1788691100276","","SPAN","email_ingestion","2026-09-06 11:30:00.000000","","","default","","","","DEFAULT","","","","","","","{}","{}","{}","0","{""inquiry_email"":""Looking for a standing desk for home office. Ideally dark walnut finish, adjustable height, under $800. Works from home full-time so quality matters. Asks if anything fits. John Martinez, Director of Engineering, TechCorp.""}","{""customer_name"":""John Martinez"",""customer_email"":""unknown"",""product_interest"":""standing desk"",""budget"":""under $800"",""quantity"":""unknown"",""urgency"":"""",""requirements"":[""dark walnut finish"",""adjustable height"",""quality matters"",""works from home full-time""]}","{""test_id"":""E01"",""agent"":""Email Ingestion Agent""}","","","[]","","t-run-1788691100276","[]"
"email-ingestion-run-1789189544050","run-1789189544050","","SPAN","email_ingestion","2026-09-06 11:30:00.000000","","","default","","","","DEFAULT","","","","","","","{}","{}","{}","0","{""inquiry_email"":""From: john.martinez@techcorp.com\nSubject: Standing desk inquiry\n\nHi there,\n\nI'm looking for a standing desk for my home office. Ideally something in dark walnut finish, adjustable height, and under $800. I work from home full-time so quality matters. Do you have anything that fits?\n\nThanks,\nJohn Martinez\nDirector of Engineering, TechCorp\n""}","{""customer_name"":""John Martinez"",""customer_email"":""john.martinez@techcorp.com"",""product_interest"":""standing desk"",""budget"":""$800"",""quantity"":""unknown"",""urgency"":""unknown"",""requirements"":[""dark walnut finish"",""adjustable height"",""under $800"",""work from home full-time"",""quality matters""]}","{""test_id"":""E01"",""agent"":""Email Ingestion Agent""}","","","[]","","t-run-1789189544050","[]"
"email-ingestion-run-1788801395772","run-1788801395772","","SPAN","email_ingestion","2026-09-06 11:30:00.000000","","","default","","","","DEFAULT","","","","","","","{}","{}","{}","0","{""inquiry_email"":""Looking for a standing desk for home office. Ideally dark walnut finish, adjustable height, under $800. Works from home full-time so quality matters. Asks if anything fits. John Martinez, Director of Engineering, TechCorp.""}","{""customer_name"":""John Martinez"",""customer_email"":""john.martinez@techcorp.com"",""product_interest"":""standing desk"",""budget"":""$800"",""quantity"":""unknown"",""urgency"":""unknown"",""requirements"":[""dark walnut finish"",""adjustable height"",""under $800"",""works from home full-time"",""quality matters""]}","{""test_id"":""E01"",""agent"":""Email Ingestion Agent""}","","","[]","","t-run-1788801395772","[]"
"email-ingestion-run-1788802318574","run-1788802318574","","SPAN","email_ingestion","2026-09-06 11:30:00.000000","","","default","","","","DEFAULT","","","","","","","{}","{}","{}","0","{""inquiry_email"":""Looking for a standing desk for home office. Ideally dark walnut finish, adjustable height, under $800. Works from home full-time so quality matters. Asks if anything fits. John Martinez, Director of Engineering, TechCorp.""}","{""customer_name"":""John Martinez"",""customer_email"":""john.martinez@techcorp.com"",""product_interest"":""standing desk"",""budget"":""$800"",""quantity"":""unknown"",""urgency"":""unknown"",""requirements"":[""dark walnut finish"",""adjustable height"",""under $800"",""works from home full-time"",""quality matters""]}","{""test_id"":""E01"",""agent"":""Email Ingestion Agent""}","","","[]","","t-run-1788802318574","[]"
"email-ingestion-run-1788696748604","run-1788696748604","","SPAN","email_ingestion","2026-09-06 11:30:00.000000","","","default","","","","DEFAULT","","","","","","","{}","{}","{}","0","{""inquiry_email"":""Looking for a standing desk for home office. Ideally dark walnut finish, adjustable height, under $800. Works from home full-time so quality matters. Asks if anything fits. John Martinez, Director of Engineering, TechCorp.""}","{""customer_name"":""John Martinez"",""customer_email"":""john.martinez@techcorp.com"",""product_interest"":""standing desk"",""budget"":""under $800"",""quantity"":""unknown"",""urgency"":""unknown"",""requirements"":[""dark walnut finish"",""adjustable height"",""home office use"",""quality""]}","{""test_id"":""E01"",""agent"":""Email Ingestion Agent""}","","","[]","","t-run-1788696748604","[]"
"email-ingestion-run-1788697922818","run-1788697922818","","SPAN","email_ingestion","2026-09-06 11:30:00.000000","","","default","","","","DEFAULT","","","","","","","{}","{}","{}","0","{""inquiry_email"":""Need 10 ergonomic office chairs. Total budget $5,000 (~$500/chair). Need delivered by end of month. Wants options with pricing and availability. Maria Chen, Procurement Manager, BigCorp Industries.""}","{""customer_name"":""Maria Chen"",""customer_email"":""unknown"",""product_interest"":""ergonomic office chairs"",""budget"":""$5,000"",""quantity"":""10"",""urgency"":""by end of month"",""requirements"":[""options with pricing and availability""]}","{""test_id"":""E03"",""agent"":""Email Ingestion Agent""}","","","[]","","t-run-1788697922818","[]"
"email-ingestion-run-1788697916186","run-1788697916186","","SPAN","email_ingestion","2026-09-06 11:30:00.000000","","","default","","","","DEFAULT","","","","","","","{}","{}","{}","0","{""inquiry_email"":""Hi, I need furniture.""}","{""customer_name"":""unknown"",""customer_email"":""unknown"",""product_interest"":""furniture"",""budget"":""unknown"",""quantity"":""unknown"",""urgency"":""unknown"",""requirements"":[]}","{""test_id"":""E02"",""agent"":""Email Ingestion Agent""}","","","[]","","t-run-1788697916186","[]"
"email-ingestion-run-1788697892887","run-1788697892887","","SPAN","email_ingestion","2026-09-06 11:30:00.000000","","","default","","","","DEFAULT","","","","","","","{}","{}","{}","0","{""inquiry_email"":""Looking for a standing desk for home office. Ideally dark walnut finish, adjustable height, under $800. Works from home full-time so quality matters. Asks if anything fits. John Martinez, Director of Engineering, TechCorp.""}","{""customer_name"":""John Martinez"",""customer_email"":""john.martinez@techcorp.com"",""product_interest"":""standing desk"",""budget"":""under $800"",""quantity"":""unknown"",""urgency"":""unknown"",""requirements"":[""dark walnut finish"",""adjustable height"",""quality for home office""]}","{""test_id"":""E01"",""agent"":""Email Ingestion Agent""}","","","[]","","t-run-1788697892887","[]"
"email-ingestion-run-1788696296445","run-1788696296445","","SPAN","email_ingestion","2026-09-06 11:30:00.000000","","","default","","","","DEFAULT","","","","","","","{}","{}","{}","0","{""inquiry_email"":""Looking for a standing desk for home office. Ideally dark walnut finish, adjustable height, under $800. Works from home full-time so quality matters. Asks if anything fits. John Martinez, Director of Engineering, TechCorp.""}","{""customer_name"":""John Martinez"",""customer_email"":""unknown"",""product_interest"":""standing desk"",""budget"":""under $800"",""quantity"":""unknown"",""urgency"":""unknown"",""requirements"":[""dark walnut finish"",""adjustable height"",""quality matters"",""home office"",""works from home full-time""]}","{""test_id"":""E01"",""agent"":""Email Ingestion Agent""}","","","[]","","t-run-1788696296445","[]"
"email-ingestion-run-1788698594993","run-1788698594993","","SPAN","email_ingestion","2026-09-06 11:30:00.000000","","","default","","","","DEFAULT","","","","","","","{}","{}","{}","0","{""inquiry_email"":""Need 10 ergonomic office chairs. Total budget $5,000 (~$500/chair). Need delivered by end of month. Wants options with pricing and availability. Maria Chen, Procurement Manager, BigCorp Industries.""}","{""customer_name"":""Maria Chen"",""customer_email"":""unknown"",""product_interest"":""ergonomic office chairs"",""budget"":""$5,000"",""quantity"":""10"",""urgency"":""by end of month"",""requirements"":[""options with pricing and availability""]}","{""test_id"":""E03"",""agent"":""Email Ingestion Agent""}","","","[]","","t-run-1788698594993","[]"
"email-ingestion-run-1788696168459","run-1788696168459","","SPAN","email_ingestion","2026-09-06 11:30:00.000000","","","default","","","","DEFAULT","","","","","","","{}","{}","{}","0","{""inquiry_email"":""Hi, I need furniture.""}","{""customer_name"":""unknown"",""customer_email"":""unknown"",""product_interest"":""furniture"",""budget"":""unknown"",""quantity"":""unknown"",""urgency"":""unknown"",""requirements"":[]}","{""test_id"":""E02"",""agent"":""Email Ingestion Agent""}","","","[]","","t-run-1788696168459","[]"
"email-ingestion-run-1788696141667","run-1788696141667","","SPAN","email_ingestion","2026-09-06 11:30:00.000000","","","default","","","","DEFAULT","","","","","","","{}","{}","{}","0","{""inquiry_email"":""Looking for a standing desk for home office. Ideally dark walnut finish, adjustable height, under $800. Works from home full-time so quality matters. Asks if anything fits. John Martinez, Director of Engineering, TechCorp.""}","{""customer_name"":""John Martinez"",""customer_email"":""unknown"",""product_interest"":""standing desk"",""budget"":""under $800"",""quantity"":""unknown"",""urgency"":"""",""requirements"":[""dark walnut finish"",""adjustable height"",""quality matters"",""home office"",""works from home full-time""]}","{""test_id"":""E01"",""agent"":""Email Ingestion Agent""}","","","[]","","t-run-1788696141667","[]"
"email-ingestion-run-1788695254328","run-1788695254328","","SPAN","email_ingestion","2026-09-06 11:30:00.000000","","","default","","","","DEFAULT","","","","","","","{}","{}","{}","0","{""inquiry_email"":""Hi, I need furniture.""}","{""customer_name"":""unknown"",""customer_email"":""unknown"",""product_interest"":""furniture"",""budget"":""unknown"",""quantity"":""unknown"",""urgency"":""unknown"",""requirements"":[]}","{""test_id"":""E02"",""agent"":""Email Ingestion Agent""}","","","[]","","t-run-1788695254328","[]"
"email-ingestion-run-1788698901384","run-1788698901384","","SPAN","email_ingestion","2026-09-06 11:30:00.000000","","","default","","","","DEFAULT","","","","","","","{}","{}","{}","0","{""inquiry_email"":""From: procurement@bigcorp.com\n\nNeed 10 ergonomic office chairs. Total budget $5,000 (~$500/chair). Need delivered by end of month. Wants options with pricing and availability. Maria Chen, Procurement Manager, BigCorp Industries.""}","{""customer_name"":""Maria Chen"",""customer_email"":""procurement@bigcorp.com"",""product_interest"":""ergonomic office chairs"",""budget"":""$5,000"",""quantity"":""10"",""urgency"":""By end of month"",""requirements"":[""10 ergonomic office chairs"",""total budget $5,000"",""approximately $500 per chair"",""delivered by end of month"",""options with pricing"",""options with availability""]}","{""test_id"":""E03"",""agent"":""Email Ingestion Agent""}","","","[]","","t-run-1788698901384","[]"
"email-ingestion-run-1788695234468","run-1788695234468","","SPAN","email_ingestion","2026-09-06 11:30:00.000000","","","default","","","","DEFAULT","","","","","","","{}","{}","{}","0","{""inquiry_email"":""Looking for a standing desk for home office. Ideally dark walnut finish, adjustable height, under $800. Works from home full-time so quality matters. Asks if anything fits. John Martinez, Director of Engineering, TechCorp.""}","{""customer_name"":""John Martinez"",""customer_email"":""unknown"",""product_interest"":""standing desk"",""budget"":""under $800"",""quantity"":""unknown"",""urgency"":"""",""requirements"":[""dark walnut finish"",""adjustable height"",""quality matters"",""home office use""]}","{""test_id"":""E01"",""agent"":""Email Ingestion Agent""}","","","[]","","t-run-1788695234468","[]"
"email-ingestion-run-1788694941051","run-1788694941051","","SPAN","email_ingestion","2026-09-06 11:30:00.000000","","","default","","","","DEFAULT","","","","","","","{}","{}","{}","0","{""inquiry_email"":""Hi, I need furniture.""}","{""customer_name"":""unknown"",""customer_email"":""unknown"",""product_interest"":""furniture"",""budget"":""unknown"",""quantity"":""unknown"",""urgency"":"""",""requirements"":[]}","{""test_id"":""E02"",""agent"":""Email Ingestion Agent""}","","","[]","","t-run-1788694941051","[]"
"email-ingestion-run-1788694915791","run-1788694915791","","SPAN","email_ingestion","2026-09-06 11:30:00.000000","","","default","","","","DEFAULT","","","","","","","{}","{}","{}","0","{""inquiry_email"":""Looking for a standing desk for home office. Ideally dark walnut finish, adjustable height, under $800. Works from home full-time so quality matters. Asks if anything fits. John Martinez, Director of Engineering, TechCorp.""}","{""customer_name"":""John Martinez"",""customer_email"":""unknown"",""product_interest"":""standing desk"",""budget"":""under $800"",""quantity"":""unknown"",""urgency"":"""",""requirements"":[""dark walnut finish"",""adjustable height"",""quality matters"",""home office"",""works from home full-time""]}","{""test_id"":""E01"",""agent"":""Email Ingestion Agent""}","","","[]","","t-run-1788694915791","[]"
"email-ingestion-run-1788875006864","run-1788875006864","","SPAN","email_ingestion","2026-09-06 11:30:00.000000","","","default","","","","DEFAULT","","","","","","","{}","{}","{}","0","{""inquiry_email"":""Looking for a standing desk for home office. Ideally dark walnut finish, adjustable height, under $800. Works from home full-time so quality matters. Asks if anything fits. John Martinez, Director of Engineering, TechCorp.""}","{""customer_name"":""John Martinez"",""customer_email"":""john.martinez@techcorp.com"",""product_interest"":""standing desk"",""budget"":""$800"",""quantity"":""unknown"",""urgency"":""unknown"",""requirements"":[""dark walnut finish"",""adjustable height"",""under $800"",""works from home full-time"",""quality matters""]}","{""test_id"":""E01"",""agent"":""Email Ingestion Agent""}","","","[]","","t-run-1788875006864","[]"
"email-ingestion-run-1788707496462","run-1788707496462","","SPAN","email_ingestion","2026-09-06 11:30:00.000000","","","default","","","","DEFAULT","","","","","","","{}","{}","{}","0","{""inquiry_email"":""From: sarah.k@startupventures.io\nSubject: Comparing standing desks\n\nHi,\n\nWe're evaluating standing desks for our team of 15. Currently comparing your products with IKEA's BEKANT series. What makes your standing desks different or better? Any bulk discount for 15+ units?\n\nSarah Kim\nOperations Lead, Startup Ventures\n""}","{""customer_name"":""Sarah Kim"",""customer_email"":""sarah.k@startupventures.io"",""product_interest"":""standing desks"",""budget"":""unknown"",""quantity"":""15"",""urgency"":""unknown"",""requirements"":[""comparing with IKEA's BEKANT series"",""bulk discount for 15+ units""]}","{""test_id"":""E05"",""agent"":""Email Ingestion Agent""}","","","[]","","t-run-1788707496462","[]"
"email-ingestion-run-1788701211318","run-1788701211318","","SPAN","email_ingestion","2026-09-06 11:30:00.000000","","","default","","","","DEFAULT","","","","","","","{}","{}","{}","0","{""inquiry_email"":""Hi, I need furniture.""}","{""customer_name"":""unknown"",""customer_email"":""unknown"",""product_interest"":""furniture"",""budget"":""unknown"",""quantity"":""unknown"",""urgency"":""unknown"",""requirements"":[]}","{""test_id"":""E02"",""agent"":""Email Ingestion Agent""}","","","[]","","t-run-1788701211318","[]"
"email-ingestion-run-1788709167870","run-1788709167870","","SPAN","email_ingestion","2026-09-06 11:30:00.000000","","","default","","","","DEFAULT","","","","","","","{}","{}","{}","0","{""inquiry_email"":""From: xk39spam@bot.net\nSubject: URGENT CLICK NOW BUY CHEAP\n\nasdfjkl; spam spam buy now click here!!! FREE FURNITURE CLICK LINK www.totallynotascam.xyz LIMITED TIME OFFER ACT NOW\n\n""}","{""customer_name"":""unknown"",""customer_email"":""xk39spam@bot.net"",""product_interest"":""unknown"",""budget"":""unknown"",""quantity"":""unknown"",""urgency"":""unknown"",""requirements"":[]}","{""test_id"":""E07"",""agent"":""Email Ingestion Agent""}","","","[]","","t-run-1788709167870","[]"
"email-ingestion-run-1788709130083","run-1788709130083","","SPAN","email_ingestion","2026-09-06 11:30:00.000000","","","default","","","","DEFAULT","","","","","","","{}","{}","{}","0","{""inquiry_email"":""From: budget.shopper@email.com\nSubject: Gift idea\n\nI want to buy something nice as a desk accessory gift for my colleague. Budget is around $40-50. Do you have anything in that range?\n""}","{""customer_name"":""unknown"",""customer_email"":""budget.shopper@email.com"",""product_interest"":""desk accessory gift"",""budget"":""$40-50"",""quantity"":""unknown"",""urgency"":""unknown"",""requirements"":[]}","{""test_id"":""E06"",""agent"":""Email Ingestion Agent""}","","","[]","","t-run-1788709130083","[]"
"email-ingestion-run-1788709061993","run-1788709061993","","SPAN","email_ingestion","2026-09-06 11:30:00.000000","","","default","","","","DEFAULT","","","","","","","{}","{}","{}","0","{""inquiry_email"":""From: sarah.k@startupventures.io\nSubject: Comparing standing desks\n\nHi,\n\nWe're evaluating standing desks for our team of 15. Currently comparing your products with IKEA's BEKANT series. What makes your standing desks different or better? Any bulk discount for 15+ units?\n\nSarah Kim\nOperations Lead, Startup Ventures\n""}","{""customer_name"":""Sarah Kim"",""customer_email"":""sarah.k@startupventures.io"",""product_interest"":""standing desks"",""budget"":""unknown"",""quantity"":""15"",""urgency"":""unknown"",""requirements"":[""comparing products with IKEA's BEKANT series"",""bulk discount for 15+ units""]}","{""test_id"":""E05"",""agent"":""Email Ingestion Agent""}","","","[]","","t-run-1788709061993","[]"
"email-ingestion-run-1788709010665","run-1788709010665","","SPAN","email_ingestion","2026-09-06 11:30:00.000000","","","default","","","","DEFAULT","","","","","","","{}","{}","{}","0","{""inquiry_email"":""From: curious.customer@email.com\nSubject: Quick question about the oak desk\n\nWhat colors does the Oak Executive Desk come in? I saw it online but couldn't find color options.\n\nThanks\n\n""}","{""customer_name"":""unknown"",""customer_email"":""curious.customer@email.com"",""product_interest"":""Oak Executive Desk"",""budget"":""unknown"",""quantity"":""unknown"",""urgency"":""unknown"",""requirements"":[""What colors does the Oak Executive Desk come in?"",""I saw it online but couldn't find color options.""]}","{""test_id"":""E04"",""agent"":""Email Ingestion Agent""}","","","[]","","t-run-1788709010665","[]"
"email-ingestion-run-1788708977555","run-1788708977555","","SPAN","email_ingestion","2026-09-06 11:30:00.000000","","","default","","","","DEFAULT","","","","","","","{}","{}","{}","0","{""inquiry_email"":""From: procurement@bigcorp.com\n\nNeed 10 ergonomic office chairs. Total budget $5,000 (~$500/chair). Need delivered by end of month. Wants options with pricing and availability. Maria Chen, Procurement Manager, BigCorp Industries.""}","{""customer_name"":""Maria Chen"",""customer_email"":""procurement@bigcorp.com"",""product_interest"":""ergonomic office chairs"",""budget"":""$5,000"",""quantity"":""10"",""urgency"":""By end of month"",""requirements"":[""10 ergonomic office chairs"",""total budget $5,000"",""approximately $500 per chair"",""delivered by end of month"",""options with pricing"",""options with availability""]}","{""test_id"":""E03"",""agent"":""Email Ingestion Agent""}","","","[]","","t-run-1788708977555","[]"
"email-ingestion-run-1788708969742","run-1788708969742","","SPAN","email_ingestion","2026-09-06 11:30:00.000000","","","default","","","","DEFAULT","","","","","","","{}","{}","{}","0","{""inquiry_email"":""Hi, I need furniture.""}","{""customer_name"":""unknown"",""customer_email"":""unknown"",""product_interest"":""furniture"",""budget"":""unknown"",""quantity"":""unknown"",""urgency"":""unknown"",""requirements"":[]}","{""test_id"":""E02"",""agent"":""Email Ingestion Agent""}","","","[]","","t-run-1788708969742","[]"
"email-ingestion-run-1788708935735","run-1788708935735","","SPAN","email_ingestion","2026-09-06 11:30:00.000000","","","default","","","","DEFAULT","","","","","","","{}","{}","{}","0","{""inquiry_email"":""Looking for a standing desk for home office. Ideally dark walnut finish, adjustable height, under $800. Works from home full-time so quality matters. Asks if anything fits. John Martinez, Director of Engineering, TechCorp.""}","{""customer_name"":""John Martinez"",""customer_email"":""unknown"",""product_interest"":""standing desk"",""budget"":""$800"",""quantity"":""unknown"",""urgency"":""unknown"",""requirements"":[""dark walnut finish"",""adjustable height"",""under $800"",""works from home full-time"",""quality matters""]}","{""test_id"":""E01"",""agent"":""Email Ingestion Agent""}","","","[]","","t-run-1788708935735","[]"
"email-ingestion-run-1788708926958","run-1788708926958","","SPAN","email_ingestion","2026-09-06 11:30:00.000000","","","default","","","","DEFAULT","","","","","","","{}","{}","{}","0","{""inquiry_email"":""Looking for a standing desk for home office. Ideally dark walnut finish, adjustable height, under $800. Works from home full-time so quality matters. Asks if anything fits. John Martinez, Director of Engineering, TechCorp.""}","{""customer_name"":""John Martinez"",""customer_email"":""unknown"",""product_interest"":""standing desk"",""budget"":""$800"",""quantity"":""unknown"",""urgency"":""unknown"",""requirements"":[""dark walnut finish"",""adjustable height"",""under $800"",""works from home full-time"",""quality matters""]}","{""test_id"":""E01"",""agent"":""Email Ingestion Agent""}","","","[]","","t-run-1788708926958","[]"
"email-ingestion-run-1788707694401","run-1788707694401","","SPAN","email_ingestion","2026-09-06 11:30:00.000000","","","default","","","","DEFAULT","","","","","","","{}","{}","{}","0","{""inquiry_email"":""From: competitor.spy@rival.com\nSubject: Price matching request\n\nI noticed your Ergonomic Pro Chair is listed at $449. HermanMiller sells a similar chair for $395. Will you match their price? I'll buy 5 if you can beat their price.""}","{""customer_name"":""unknown"",""customer_email"":""competitor.spy@rival.com"",""product_interest"":""Ergonomic Pro Chair"",""budget"":""unknown"",""quantity"":""5"",""urgency"":""unknown"",""requirements"":[""match price with HermanMiller"",""buy 5 chairs if price is beaten""]}","{""test_id"":""E15"",""agent"":""Email Ingestion Agent""}","","","[]","","t-run-1788707694401","[]"
"email-ingestion-run-1788707665096","run-1788707665096","","SPAN","email_ingestion","2026-09-06 11:30:00.000000","","","default","","","","DEFAULT","","","","","","","{}","{}","{}","0","{""inquiry_email"":""From: cfo@growthco.com\nSubject: RE: Annual furniture budget planning\n\nFollowing up on our call last week. We're allocating $50,000 for office furniture across 3 locations next quarter. Can someone from your enterprise team reach out to discuss volume pricing and delivery coordination?\n\nRobert Chen, CFO\nGrowthCo Industries\n""}","{""customer_name"":""Robert Chen"",""customer_email"":""cfo@growthco.com"",""product_interest"":""office furniture"",""budget"":""$50,000"",""quantity"":""3"",""urgency"":""next quarter"",""requirements"":[""volume pricing"",""delivery coordination""]}","{""test_id"":""E14"",""agent"":""Email Ingestion Agent""}","","","[]","","t-run-1788707665096","[]"
"email-ingestion-run-1788707659769","run-1788707659769","","SPAN","email_ingestion","2026-09-06 11:30:00.000000","","","default","","","","DEFAULT","","","","","","","{}","{}","{}","0","{""inquiry_email"":""From: intern@smallbiz.com\nSubject: hey\n\ndo u have chairs? how much?\n""}","{""customer_name"":""unknown"",""customer_email"":""intern@smallbiz.com"",""product_interest"":""chairs"",""budget"":""unknown"",""quantity"":""unknown"",""urgency"":""unknown"",""requirements"":[]}","{""test_id"":""E13"",""agent"":""Email Ingestion Agent""}","","","[]","","t-run-1788707659769","[]"
"email-ingestion-run-1788707653191","run-1788707653191","","SPAN","email_ingestion","2026-09-06 11:30:00.000000","","","default","","","","DEFAULT","","","","","","","{}","{}","{}","0","{""inquiry_email"":""From: angry.customer@email.com\nSubject: TERRIBLE EXPERIENCE\n\nYour delivery was 3 weeks late and the desk arrived with a scratch on the surface. I want a replacement or a full refund. Order #ORD-88291. This is unacceptable.\n\nMike Thompson\n""}","{""customer_name"":""Mike Thompson"",""customer_email"":""angry.customer@email.com"",""product_interest"":""unknown"",""budget"":""unknown"",""quantity"":""unknown"",""urgency"":""unknown"",""requirements"":[""delivery was 3 weeks late"",""desk arrived with a scratch on the surface"",""want a replacement"",""want a full refund"",""Order #ORD-88291"",""this is unacceptable""]}","{""test_id"":""E12"",""agent"":""Email Ingestion Agent""}","","","[]","","t-run-1788707653191","[]"
"email-ingestion-run-1788707624912","run-1788707624912","","SPAN","email_ingestion","2026-09-06 11:30:00.000000","","","default","","","","DEFAULT","","","","","","","{}","{}","{}","0","{""inquiry_email"":""From: jessica.wong@enterprise.com\nSubject: Office furniture package\n\nHi team,\n\nWe're furnishing a new floor in our building - about 30 workstations. We need:\n- 30 adjustable standing desks (budget: $700 each)\n- 30 ergonomic task chairs (budget: $400 each)\n- 5 small meeting tables for huddle rooms (budget: $600 each)\n\nTotal budget is approximately $36,000. We're on a 6-week timeline.\n\nCan you put together a proposal?\n\nJessica Wong\nFacilities Manager, Enterprise Solutions Inc.\nAccount: ENT-4401\n""}","{""customer_name"":""Jessica Wong"",""customer_email"":""jessica.wong@enterprise.com"",""product_interest"":""office furniture package"",""budget"":""$36,000"",""quantity"":""30"",""urgency"":""6-week timeline"",""requirements"":[""30 adjustable standing desks"",""budget: $700 each"",""30 ergonomic task chairs"",""budget: $400 each"",""5 small meeting tables for huddle rooms"",""budget: $600 each"",""total budget approximately $36,000"",""6-week timeline""]}","{""test_id"":""E11"",""agent"":""Email Ingestion Agent""}","","","[]","","t-run-1788707624912","[]"
"email-ingestion-run-1788707595640","run-1788707595640","","SPAN","email_ingestion","2026-09-06 11:30:00.000000","","","default","","","","DEFAULT","","","","","","","{}","{}","{}","0","{""inquiry_email"":""From: david.r@designstudio.co\nSubject: Walnut Executive Desk availability\n\nHi,\n\nI was browsing your website and noticed the Walnut Executive Desk is listed as out of stock. Is that accurate? When do you expect it to be back? I've been wanting to order one for weeks.\n\nDavid Rodriguez\nCreative Director, Design Studio Co.\n""}","{""customer_name"":""David Rodriguez"",""customer_email"":""david.r@designstudio.co"",""product_interest"":""Walnut Executive Desk"",""budget"":""unknown"",""quantity"":""unknown"",""urgency"":""unknown"",""requirements"":[""Walnut Executive Desk"",""listed as out of stock"",""when do you expect it to be back"",""been wanting to order one for weeks""]}","{""test_id"":""E10"",""agent"":""Email Ingestion Agent""}","","","[]","","t-run-1788707595640","[]"
"email-ingestion-run-1788707590148","run-1788707590148","","SPAN","email_ingestion","2026-09-06 11:30:00.000000","","","default","","","","DEFAULT","","","","","","","{}","{}","{}","0","{""inquiry_email"":""From: someone@email.com\nSubject: (no subject)\n\nfurniture please\n""}","{""customer_name"":""unknown"",""customer_email"":""someone@email.com"",""product_interest"":""furniture"",""budget"":""unknown"",""quantity"":""unknown"",""urgency"":""unknown"",""requirements"":[]}","{""test_id"":""E09"",""agent"":""Email Ingestion Agent""}","","","[]","","t-run-1788707590148","[]"
"email-ingestion-run-1788707560356","run-1788707560356","","SPAN","email_ingestion","2026-09-06 11:30:00.000000","","","default","","","","DEFAULT","","","","","","","{}","{}","{}","0","{""inquiry_email"":""From: admin@downtownlawfirm.com\nSubject: Conference table for boardroom\n\nHello,\n\nWe are a law firm in the downtown area looking for a conference table that seats 12 people comfortably. Our budget is $3,000. We need something that looks professional and durable for daily use in our boardroom.\n\nPlease send options.\n\nThank you,\nJames Wright\nOffice Administrator\nDowntown Law Partners LLP\n""}","{""customer_name"":""James Wright"",""customer_email"":""admin@downtownlawfirm.com"",""product_interest"":""conference table"",""budget"":""$3,000"",""quantity"":""unknown"",""urgency"":""unknown"",""requirements"":[""seats 12 people comfortably"",""looks professional"",""durable for daily use"",""in our boardroom""]}","{""test_id"":""E08"",""agent"":""Email Ingestion Agent""}","","","[]","","t-run-1788707560356","[]"
"email-ingestion-run-1788707555066","run-1788707555066","","SPAN","email_ingestion","2026-09-06 11:30:00.000000","","","default","","","","DEFAULT","","","","","","","{}","{}","{}","0","{""inquiry_email"":""From: xk39spam@bot.net\nSubject: URGENT CLICK NOW BUY CHEAP\n\nasdfjkl; spam spam buy now click here!!! FREE FURNITURE CLICK LINK www.totallynotascam.xyz LIMITED TIME OFFER ACT NOW\n\n""}","{""customer_name"":""unknown"",""customer_email"":""xk39spam@bot.net"",""product_interest"":""unknown"",""budget"":""unknown"",""quantity"":""unknown"",""urgency"":""unknown"",""requirements"":[]}","{""test_id"":""E07"",""agent"":""Email Ingestion Agent""}","","","[]","","t-run-1788707555066","[]"
"email-ingestion-run-1788709194007","run-1788709194007","","SPAN","email_ingestion","2026-09-06 11:30:00.000000","","","default","","","","DEFAULT","","","","","","","{}","{}","{}","0","{""inquiry_email"":""From: admin@downtownlawfirm.com\nSubject: Conference table for boardroom\n\nHello,\n\nWe are a law firm in the downtown area looking for a conference table that seats 12 people comfortably. Our budget is $3,000. We need something that looks professional and durable for daily use in our boardroom.\n\nPlease send options.\n\nThank you,\nJames Wright\nOffice Administrator\nDowntown Law Partners LLP\n""}","{""customer_name"":""James Wright"",""customer_email"":""admin@downtownlawfirm.com"",""product_interest"":""conference table"",""budget"":""$3,000"",""quantity"":""unknown"",""urgency"":""unknown"",""requirements"":[""seats 12 people comfortably"",""looks professional"",""durable for daily use in our boardroom""]}","{""test_id"":""E08"",""agent"":""Email Ingestion Agent""}","","","[]","","t-run-1788709194007","[]"
"email-ingestion-run-1788707468646","run-1788707468646","","SPAN","email_ingestion","2026-09-06 11:30:00.000000","","","default","","","","DEFAULT","","","","","","","{}","{}","{}","0","{""inquiry_email"":""From: curious.customer@email.com\nSubject: Quick question about the oak desk\n\nWhat colors does the Oak Executive Desk come in? I saw it online but couldn't find color options.\n\nThanks\n\n""}","{""customer_name"":""unknown"",""customer_email"":""curious.customer@email.com"",""product_interest"":""Oak Executive Desk"",""budget"":""unknown"",""quantity"":""unknown"",""urgency"":""unknown"",""requirements"":[""color options""]}","{""test_id"":""E04"",""agent"":""Email Ingestion Agent""}","","","[]","","t-run-1788707468646","[]"
"email-ingestion-run-1788707438641","run-1788707438641","","SPAN","email_ingestion","2026-09-06 11:30:00.000000","","","default","","","","DEFAULT","","","","","","","{}","{}","{}","0","{""inquiry_email"":""From: procurement@bigcorp.com\n\nNeed 10 ergonomic office chairs. Total budget $5,000 (~$500/chair). Need delivered by end of month. Wants options with pricing and availability. Maria Chen, Procurement Manager, BigCorp Industries.""}","{""customer_name"":""Maria Chen"",""customer_email"":""procurement@bigcorp.com"",""product_interest"":""ergonomic office chairs"",""budget"":""$5,000"",""quantity"":""10"",""urgency"":""By end of month"",""requirements"":[""10 ergonomic office chairs"",""total budget $5,000"",""approximately $500 per chair"",""delivered by end of month"",""options with pricing"",""options with availability""]}","{""test_id"":""E03"",""agent"":""Email Ingestion Agent""}","","","[]","","t-run-1788707438641","[]"
"email-ingestion-run-1788707432784","run-1788707432784","","SPAN","email_ingestion","2026-09-06 11:30:00.000000","","","default","","","","DEFAULT","","","","","","","{}","{}","{}","0","{""inquiry_email"":""Hi, I need furniture.""}","{""customer_name"":""unknown"",""customer_email"":""unknown"",""product_interest"":""furniture"",""budget"":""unknown"",""quantity"":""unknown"",""urgency"":""unknown"",""requirements"":[]}","{""test_id"":""E02"",""agent"":""Email Ingestion Agent""}","","","[]","","t-run-1788707432784","[]"
"email-ingestion-run-1788707398671","run-1788707398671","","SPAN","email_ingestion","2026-09-06 11:30:00.000000","","","default","","","","DEFAULT","","","","","","","{}","{}","{}","0","{""inquiry_email"":""Looking for a standing desk for home office. Ideally dark walnut finish, adjustable height, under $800. Works from home full-time so quality matters. Asks if anything fits. John Martinez, Director of Engineering, TechCorp.""}","{""customer_name"":""John Martinez"",""customer_email"":""john.martinez@techcorp.com"",""product_interest"":""standing desk"",""budget"":""$800"",""quantity"":""unknown"",""urgency"":""unknown"",""requirements"":[""dark walnut finish"",""adjustable height"",""under $800"",""works from home full-time"",""quality matters""]}","{""test_id"":""E01"",""agent"":""Email Ingestion Agent""}","","","[]","","t-run-1788707398671","[]"
"email-ingestion-run-1788705551644","run-1788705551644","","SPAN","email_ingestion","2026-09-06 11:30:00.000000","","","default","","","","DEFAULT","","","","","","","{}","{}","{}","0","{""inquiry_email"":""From: competitor.spy@rival.com\nSubject: Price matching request\n\nI noticed your Ergonomic Pro Chair is listed at $449. HermanMiller sells a similar chair for $395. Will you match their price? I'll buy 5 if you can beat their price.""}","{""customer_name"":""unknown"",""customer_email"":""competitor.spy@rival.com"",""product_interest"":""Ergonomic Pro Chair"",""budget"":""$395"",""quantity"":""5"",""urgency"":""unknown"",""requirements"":[""match their price"",""5 Ergonomic Pro Chairs""]}","{""test_id"":""E15"",""agent"":""Email Ingestion Agent""}","","","[]","","t-run-1788705551644","[]"
"email-ingestion-run-1788705531876","run-1788705531876","","SPAN","email_ingestion","2026-09-06 11:30:00.000000","","","default","","","","DEFAULT","","","","","","","{}","{}","{}","0","{""inquiry_email"":""From: cfo@growthco.com\nSubject: RE: Annual furniture budget planning\n\nFollowing up on our call last week. We're allocating $50,000 for office furniture across 3 locations next quarter. Can someone from your enterprise team reach out to discuss volume pricing and delivery coordination?\n\nRobert Chen, CFO\nGrowthCo Industries\n""}","{""customer_name"":""Robert Chen"",""customer_email"":""cfo@growthco.com"",""product_interest"":""office furniture"",""budget"":""$50,000"",""quantity"":""unknown"",""urgency"":""next quarter"",""requirements"":[""volume pricing"",""delivery coordination""]}","{""test_id"":""E14"",""agent"":""Email Ingestion Agent""}","","","[]","","t-run-1788705531876","[]"
"email-ingestion-run-1788705525464","run-1788705525464","","SPAN","email_ingestion","2026-09-06 11:30:00.000000","","","default","","","","DEFAULT","","","","","","","{}","{}","{}","0","{""inquiry_email"":""From: intern@smallbiz.com\nSubject: hey\n\ndo u have chairs? how much?\n""}","{""customer_name"":""unknown"",""customer_email"":""intern@smallbiz.com"",""product_interest"":""chairs"",""budget"":""unknown"",""quantity"":""unknown"",""urgency"":""unknown"",""requirements"":[]}","{""test_id"":""E13"",""agent"":""Email Ingestion Agent""}","","","[]","","t-run-1788705525464","[]"
"email-ingestion-run-1788705519139","run-1788705519139","","SPAN","email_ingestion","2026-09-06 11:30:00.000000","","","default","","","","DEFAULT","","","","","","","{}","{}","{}","0","{""inquiry_email"":""From: angry.customer@email.com\nSubject: TERRIBLE EXPERIENCE\n\nYour delivery was 3 weeks late and the desk arrived with a scratch on the surface. I want a replacement or a full refund. Order #ORD-88291. This is unacceptable.\n\nMike Thompson\n""}","{""customer_name"":""Mike Thompson"",""customer_email"":""angry.customer@email.com"",""product_interest"":""unknown"",""budget"":""unknown"",""quantity"":""unknown"",""urgency"":""unknown"",""requirements"":[""delivery was 3 weeks late"",""desk arrived with a scratch on the surface"",""want a replacement"",""want a full refund"",""order #ORD-88291"",""this is unacceptable""]}","{""test_id"":""E12"",""agent"":""Email Ingestion Agent""}","","","[]","","t-run-1788705519139","[]"
"email-ingestion-run-1788705491256","run-1788705491256","","SPAN","email_ingestion","2026-09-06 11:30:00.000000","","","default","","","","DEFAULT","","","","","","","{}","{}","{}","0","{""inquiry_email"":""From: jessica.wong@enterprise.com\nSubject: Office furniture package\n\nHi team,\n\nWe're furnishing a new floor in our building - about 30 workstations. We need:\n- 30 adjustable standing desks (budget: $700 each)\n- 30 ergonomic task chairs (budget: $400 each)\n- 5 small meeting tables for huddle rooms (budget: $600 each)\n\nTotal budget is approximately $36,000. We're on a 6-week timeline.\n\nCan you put together a proposal?\n\nJessica Wong\nFacilities Manager, Enterprise Solutions Inc.\nAccount: ENT-4401\n""}","{""customer_name"":""Jessica Wong"",""customer_email"":""jessica.wong@enterprise.com"",""product_interest"":""office furniture package"",""budget"":""$36,000"",""quantity"":""30"",""urgency"":""6-week timeline"",""requirements"":[""30 adjustable standing desks"",""budget: $700 each"",""30 ergonomic task chairs"",""budget: $400 each"",""5 small meeting tables for huddle rooms"",""budget: $600 each"",""total budget approximately $36,000"",""on a 6-week timeline""]}","{""test_id"":""E11"",""agent"":""Email Ingestion Agent""}","","","[]","","t-run-1788705491256","[]"
"email-ingestion-run-1788705471328","run-1788705471328","","SPAN","email_ingestion","2026-09-06 11:30:00.000000","","","default","","","","DEFAULT","","","","","","","{}","{}","{}","0","{""inquiry_email"":""From: david.r@designstudio.co\nSubject: Walnut Executive Desk availability\n\nHi,\n\nI was browsing your website and noticed the Walnut Executive Desk is listed as out of stock. Is that accurate? When do you expect it to be back? I've been wanting to order one for weeks.\n\nDavid Rodriguez\nCreative Director, Design Studio Co.\n""}","{""customer_name"":""David Rodriguez"",""customer_email"":""david.r@designstudio.co"",""product_interest"":""Walnut Executive Desk"",""budget"":""unknown"",""quantity"":""unknown"",""urgency"":""unknown"",""requirements"":[""Walnut Executive Desk"",""Is that accurate?"",""When do you expect it to be back?"",""I've been wanting to order one for weeks.""]}","{""test_id"":""E10"",""agent"":""Email Ingestion Agent""}","","","[]","","t-run-1788705471328","[]"
"email-ingestion-run-1788705465484","run-1788705465484","","SPAN","email_ingestion","2026-09-06 11:30:00.000000","","","default","","","","DEFAULT","","","","","","","{}","{}","{}","0","{""inquiry_email"":""From: someone@email.com\nSubject: (no subject)\n\nfurniture please\n""}","{""customer_name"":""unknown"",""customer_email"":""someone@email.com"",""product_interest"":""furniture"",""budget"":""unknown"",""quantity"":""unknown"",""urgency"":""unknown"",""requirements"":[]}","{""test_id"":""E09"",""agent"":""Email Ingestion Agent""}","","","[]","","t-run-1788705465484","[]"
"email-ingestion-run-1788705441911","run-1788705441911","","SPAN","email_ingestion","2026-09-06 11:30:00.000000","","","default","","","","DEFAULT","","","","","","","{}","{}","{}","0","{""inquiry_email"":""From: admin@downtownlawfirm.com\nSubject: Conference table for boardroom\n\nHello,\n\nWe are a law firm in the downtown area looking for a conference table that seats 12 people comfortably. Our budget is $3,000. We need something that looks professional and durable for daily use in our boardroom.\n\nPlease send options.\n\nThank you,\nJames Wright\nOffice Administrator\nDowntown Law Partners LLP\n""}","{""customer_name"":""James Wright"",""customer_email"":""admin@downtownlawfirm.com"",""product_interest"":""conference table"",""budget"":""$3,000"",""quantity"":""unknown"",""urgency"":""unknown"",""requirements"":[""seats 12 people comfortably"",""looks professional"",""durable for daily use in boardroom""]}","{""test_id"":""E08"",""agent"":""Email Ingestion Agent""}","","","[]","","t-run-1788705441911","[]"
"email-ingestion-run-1788705436750","run-1788705436750","","SPAN","email_ingestion","2026-09-06 11:30:00.000000","","","default","","","","DEFAULT","","","","","","","{}","{}","{}","0","{""inquiry_email"":""From: xk39spam@bot.net\nSubject: URGENT CLICK NOW BUY CHEAP\n\nasdfjkl; spam spam buy now click here!!! FREE FURNITURE CLICK LINK www.totallynotascam.xyz LIMITED TIME OFFER ACT NOW\n\n""}","{""customer_name"":""unknown"",""customer_email"":""xk39spam@bot.net"",""product_interest"":""unknown"",""budget"":""unknown"",""quantity"":""unknown"",""urgency"":""unknown"",""requirements"":[]}","{""test_id"":""E07"",""agent"":""Email Ingestion Agent""}","","","[]","","t-run-1788705436750","[]"
"email-ingestion-run-1788705417202","run-1788705417202","","SPAN","email_ingestion","2026-09-06 11:30:00.000000","","","default","","","","DEFAULT","","","","","","","{}","{}","{}","0","{""inquiry_email"":""From: budget.shopper@email.com\nSubject: Gift idea\n\nI want to buy something nice as a desk accessory gift for my colleague. Budget is around $40-50. Do you have anything in that range?\n""}","{""customer_name"":""unknown"",""customer_email"":""budget.shopper@email.com"",""product_interest"":""desk accessory"",""budget"":""$40-50"",""quantity"":""unknown"",""urgency"":""unknown"",""requirements"":[]}","{""test_id"":""E06"",""agent"":""Email Ingestion Agent""}","","","[]","","t-run-1788705417202","[]"
"email-ingestion-run-1788705386434","run-1788705386434","","SPAN","email_ingestion","2026-09-06 11:30:00.000000","","","default","","","","DEFAULT","","","","","","","{}","{}","{}","0","{""inquiry_email"":""From: sarah.k@startupventures.io\nSubject: Comparing standing desks\n\nHi,\n\nWe're evaluating standing desks for our team of 15. Currently comparing your products with IKEA's BEKANT series. What makes your standing desks different or better? Any bulk discount for 15+ units?\n\nSarah Kim\nOperations Lead, Startup Ventures\n""}","{""customer_name"":""Sarah Kim"",""customer_email"":""sarah.k@startupventures.io"",""product_interest"":""standing desks"",""budget"":""unknown"",""quantity"":""15"",""urgency"":""unknown"",""requirements"":[""evaluating standing desks"",""comparing your products with IKEA's BEKANT series"",""bulk discount for 15+ units""]}","{""test_id"":""E05"",""agent"":""Email Ingestion Agent""}","","","[]","","t-run-1788705386434","[]"
"email-ingestion-run-1788705366853","run-1788705366853","","SPAN","email_ingestion","2026-09-06 11:30:00.000000","","","default","","","","DEFAULT","","","","","","","{}","{}","{}","0","{""inquiry_email"":""From: curious.customer@email.com\nSubject: Quick question about the oak desk\n\nWhat colors does the Oak Executive Desk come in? I saw it online but couldn't find color options.\n\nThanks\n\n""}","{""customer_name"":""unknown"",""customer_email"":""curious.customer@email.com"",""product_interest"":""oak desk"",""budget"":""unknown"",""quantity"":""unknown"",""urgency"":""unknown"",""requirements"":[""colors of the Oak Executive Desk""]}","{""test_id"":""E04"",""agent"":""Email Ingestion Agent""}","","","[]","","t-run-1788705366853","[]"
"email-ingestion-run-1788705344580","run-1788705344580","","SPAN","email_ingestion","2026-09-06 11:30:00.000000","","","default","","","","DEFAULT","","","","","","","{}","{}","{}","0","{""inquiry_email"":""From: procurement@bigcorp.com\n\nNeed 10 ergonomic office chairs. Total budget $5,000 (~$500/chair). Need delivered by end of month. Wants options with pricing and availability. Maria Chen, Procurement Manager, BigCorp Industries.""}","{""customer_name"":""Maria Chen"",""customer_email"":""procurement@bigcorp.com"",""product_interest"":""ergonomic office chairs"",""budget"":""$5,000"",""quantity"":""10"",""urgency"":""By end of month"",""requirements"":[""10 ergonomic office chairs"",""total budget $5,000"",""approximately $500 per chair"",""delivered by end of month"",""options with pricing"",""options with availability""]}","{""test_id"":""E03"",""agent"":""Email Ingestion Agent""}","","","[]","","t-run-1788705344580","[]"
"email-ingestion-run-1788705337609","run-1788705337609","","SPAN","email_ingestion","2026-09-06 11:30:00.000000","","","default","","","","DEFAULT","","","","","","","{}","{}","{}","0","{""inquiry_email"":""Hi, I need furniture.""}","{""customer_name"":""unknown"",""customer_email"":""unknown"",""product_interest"":""furniture"",""budget"":""unknown"",""quantity"":""unknown"",""urgency"":""unknown"",""requirements"":[]}","{""test_id"":""E02"",""agent"":""Email Ingestion Agent""}","","","[]","","t-run-1788705337609","[]"
"email-ingestion-run-1788699237051","run-1788699237051","","SPAN","email_ingestion","2026-09-06 11:30:00.000000","","","default","","","","DEFAULT","","","","","","","{}","{}","{}","0","{""inquiry_email"":""Looking for a standing desk for home office. Ideally dark walnut finish, adjustable height, under $800. Works from home full-time so quality matters. Asks if anything fits. John Martinez, Director of Engineering, TechCorp.""}","{""customer_name"":""John Martinez"",""customer_email"":""john.martinez@techcorp.com"",""product_interest"":""standing desk"",""budget"":""$800"",""quantity"":""unknown"",""urgency"":""unknown"",""requirements"":[""dark walnut finish"",""adjustable height"",""under $800"",""works from home full-time"",""quality matters""]}","{""test_id"":""E01"",""agent"":""Email Ingestion Agent""}","","","[]","","t-run-1788699237051","[]"
"email-ingestion-run-1788704972801","run-1788704972801","","SPAN","email_ingestion","2026-09-06 11:30:00.000000","","","default","","","","DEFAULT","","","","","","","{}","{}","{}","0","{""inquiry_email"":""From: admin@downtownlawfirm.com\nSubject: Conference table for boardroom\n\nHello,\n\nWe are a law firm in the downtown area looking for a conference table that seats 12 people comfortably. Our budget is $3,000. We need something that looks professional and durable for daily use in our boardroom.\n\nPlease send options.\n\nThank you,\nJames Wright\nOffice Administrator\nDowntown Law Partners LLP\n""}","{""customer_name"":""James Wright"",""customer_email"":""admin@downtownlawfirm.com"",""product_interest"":""conference table"",""budget"":""$3,000"",""quantity"":""unknown"",""urgency"":""unknown"",""requirements"":[""seats 12 people comfortably"",""looks professional"",""durable for daily use"",""for boardroom""]}","{""test_id"":""E08"",""agent"":""Email Ingestion Agent""}","","","[]","","t-run-1788704972801","[]"
"email-ingestion-run-1788704965705","run-1788704965705","","SPAN","email_ingestion","2026-09-06 11:30:00.000000","","","default","","","","DEFAULT","","","","","","","{}","{}","{}","0","{""inquiry_email"":""From: xk39spam@bot.net\nSubject: URGENT CLICK NOW BUY CHEAP\n\nasdfjkl; spam spam buy now click here!!! FREE FURNITURE CLICK LINK www.totallynotascam.xyz LIMITED TIME OFFER ACT NOW\n\n""}","{""customer_name"":""unknown"",""customer_email"":""xk39spam@bot.net"",""product_interest"":""unknown"",""budget"":""unknown"",""quantity"":""unknown"",""urgency"":""unknown"",""requirements"":[]}","{""test_id"":""E07"",""agent"":""Email Ingestion Agent""}","","","[]","","t-run-1788704965705","[]"
"email-ingestion-run-1788704946433","run-1788704946433","","SPAN","email_ingestion","2026-09-06 11:30:00.000000","","","default","","","","DEFAULT","","","","","","","{}","{}","{}","0","{""inquiry_email"":""From: budget.shopper@email.com\nSubject: Gift idea\n\nI want to buy something nice as a desk accessory gift for my colleague. Budget is around $40-50. Do you have anything in that range?\n""}","{""customer_name"":""unknown"",""customer_email"":""budget.shopper@email.com"",""product_interest"":""desk accessory gift"",""budget"":""$40-50"",""quantity"":""unknown"",""urgency"":""unknown"",""requirements"":[]}","{""test_id"":""E06"",""agent"":""Email Ingestion Agent""}","","","[]","","t-run-1788704946433","[]"
"email-ingestion-run-1788704922215","run-1788704922215","","SPAN","email_ingestion","2026-09-06 11:30:00.000000","","","default","","","","DEFAULT","","","","","","","{}","{}","{}","0","{""inquiry_email"":""From: sarah.k@startupventures.io\nSubject: Comparing standing desks\n\nHi,\n\nWe're evaluating standing desks for our team of 15. Currently comparing your products with IKEA's BEKANT series. What makes your standing desks different or better? Any bulk discount for 15+ units?\n\nSarah Kim\nOperations Lead, Startup Ventures\n""}","{""customer_name"":""Sarah Kim"",""customer_email"":""sarah.k@startupventures.io"",""product_interest"":""standing desks"",""budget"":""unknown"",""quantity"":""15"",""urgency"":""unknown"",""requirements"":[""comparing standing desks"",""bulk discount for 15+ units""]}","{""test_id"":""E05"",""agent"":""Email Ingestion Agent""}","","","[]","","t-run-1788704922215","[]"
"email-ingestion-run-1788704902071","run-1788704902071","","SPAN","email_ingestion","2026-09-06 11:30:00.000000","","","default","","","","DEFAULT","","","","","","","{}","{}","{}","0","{""inquiry_email"":""From: curious.customer@email.com\nSubject: Quick question about the oak desk\n\nWhat colors does the Oak Executive Desk come in? I saw it online but couldn't find color options.\n\nThanks\n\n""}","{""customer_name"":""unknown"",""customer_email"":""curious.customer@email.com"",""product_interest"":""Oak Executive Desk"",""budget"":""unknown"",""quantity"":""unknown"",""urgency"":""unknown"",""requirements"":[""colors of the Oak Executive Desk""]}","{""test_id"":""E04"",""agent"":""Email Ingestion Agent""}","","","[]","","t-run-1788704902071","[]"
"email-ingestion-run-1788704875617","run-1788704875617","","SPAN","email_ingestion","2026-09-06 11:30:00.000000","","","default","","","","DEFAULT","","","","","","","{}","{}","{}","0","{""inquiry_email"":""From: procurement@bigcorp.com\n\nNeed 10 ergonomic office chairs. Total budget $5,000 (~$500/chair). Need delivered by end of month. Wants options with pricing and availability. Maria Chen, Procurement Manager, BigCorp Industries.""}","{""customer_name"":""Maria Chen"",""customer_email"":""procurement@bigcorp.com"",""product_interest"":""ergonomic office chairs"",""budget"":""$5,000"",""quantity"":""10"",""urgency"":""By end of month"",""requirements"":[""10 ergonomic office chairs"",""total budget $5,000"",""approximately $500 per chair"",""delivered by end of month"",""options with pricing"",""options with availability""]}","{""test_id"":""E03"",""agent"":""Email Ingestion Agent""}","","","[]","","t-run-1788704875617","[]"
"email-ingestion-run-1788704870179","run-1788704870179","","SPAN","email_ingestion","2026-09-06 11:30:00.000000","","","default","","","","DEFAULT","","","","","","","{}","{}","{}","0","{""inquiry_email"":""Hi, I need furniture.""}","{""customer_name"":""unknown"",""customer_email"":""unknown"",""product_interest"":""furniture"",""budget"":""unknown"",""quantity"":""unknown"",""urgency"":""unknown"",""requirements"":[]}","{""test_id"":""E02"",""agent"":""Email Ingestion Agent""}","","","[]","","t-run-1788704870179","[]"
"email-ingestion-run-1788704844403","run-1788704844403","","SPAN","email_ingestion","2026-09-06 11:30:00.000000","","","default","","","","DEFAULT","","","","","","","{}","{}","{}","0","{""inquiry_email"":""Looking for a standing desk for home office. Ideally dark walnut finish, adjustable height, under $800. Works from home full-time so quality matters. Asks if anything fits. John Martinez, Director of Engineering, TechCorp.""}","{""customer_name"":""John Martinez"",""customer_email"":""unknown"",""product_interest"":""standing desk"",""budget"":""$800"",""quantity"":""unknown"",""urgency"":""unknown"",""requirements"":[""dark walnut finish"",""adjustable height"",""under $800"",""works from home full-time"",""quality matters""]}","{""test_id"":""E01"",""agent"":""Email Ingestion Agent""}","","","[]","","t-run-1788704844403","[]"
"email-ingestion-run-1788701889051","run-1788701889051","","SPAN","email_ingestion","2026-09-06 11:30:00.000000","","","default","","","","DEFAULT","","","","","","","{}","{}","{}","0","{""inquiry_email"":""From: xk39spam@bot.net\nSubject: URGENT CLICK NOW BUY CHEAP\n\nasdfjkl; spam spam buy now click here!!! FREE FURNITURE CLICK LINK www.totallynotascam.xyz LIMITED TIME OFFER ACT NOW\n\n""}","{""customer_name"":""unknown"",""customer_email"":""xk39spam@bot.net"",""product_interest"":""unknown"",""budget"":""unknown"",""quantity"":""unknown"",""urgency"":""unknown"",""requirements"":[]}","{""test_id"":""E07"",""agent"":""Email Ingestion Agent""}","","","[]","","t-run-1788701889051","[]"
"email-ingestion-run-1788701871654","run-1788701871654","","SPAN","email_ingestion","2026-09-06 11:30:00.000000","","","default","","","","DEFAULT","","","","","","","{}","{}","{}","0","{""inquiry_email"":""From: budget.shopper@email.com\nSubject: Gift idea\n\nI want to buy something nice as a desk accessory gift for my colleague. Budget is around $40-50. Do you have anything in that range?\n""}","{""customer_name"":""unknown"",""customer_email"":""budget.shopper@email.com"",""product_interest"":""desk accessory gift"",""budget"":""$40-50"",""quantity"":""unknown"",""urgency"":""unknown"",""requirements"":[]}","{""test_id"":""E06"",""agent"":""Email Ingestion Agent""}","","","[]","","t-run-1788701871654","[]"
"email-ingestion-run-1788701852036","run-1788701852036","","SPAN","email_ingestion","2026-09-06 11:30:00.000000","","","default","","","","DEFAULT","","","","","","","{}","{}","{}","0","{""inquiry_email"":""From: sarah.k@startupventures.io\nSubject: Comparing standing desks\n\nHi,\n\nWe're evaluating standing desks for our team of 15. Currently comparing your products with IKEA's BEKANT series. What makes your standing desks different or better? Any bulk discount for 15+ units?\n\nSarah Kim\nOperations Lead, Startup Ventures\n""}","{""customer_name"":""Sarah Kim"",""customer_email"":""sarah.k@startupventures.io"",""product_interest"":""standing desks"",""budget"":""unknown"",""quantity"":""15"",""urgency"":""unknown"",""requirements"":[""evaluating standing desks for our team of 15"",""comparing your products with IKEA's BEKANT series"",""any bulk discount for 15+ units""]}","{""test_id"":""E05"",""agent"":""Email Ingestion Agent""}","","","[]","","t-run-1788701852036","[]"
"email-ingestion-run-1788701832526","run-1788701832526","","SPAN","email_ingestion","2026-09-06 11:30:00.000000","","","default","","","","DEFAULT","","","","","","","{}","{}","{}","0","{""inquiry_email"":""From: curious.customer@email.com\nSubject: Quick question about the oak desk\n\nWhat colors does the Oak Executive Desk come in? I saw it online but couldn't find color options.\n\nThanks\n\n""}","{""customer_name"":""unknown"",""customer_email"":""curious.customer@email.com"",""product_interest"":""oak desk"",""budget"":""unknown"",""quantity"":""unknown"",""urgency"":""unknown"",""requirements"":[""colors for the Oak Executive Desk""]}","{""test_id"":""E04"",""agent"":""Email Ingestion Agent""}","","","[]","","t-run-1788701832526","[]"
"email-ingestion-run-1788701808750","run-1788701808750","","SPAN","email_ingestion","2026-09-06 11:30:00.000000","","","default","","","","DEFAULT","","","","","","","{}","{}","{}","0","{""inquiry_email"":""From: procurement@bigcorp.com\n\nNeed 10 ergonomic office chairs. Total budget $5,000 (~$500/chair). Need delivered by end of month. Wants options with pricing and availability. Maria Chen, Procurement Manager, BigCorp Industries.""}","{""customer_name"":""Maria Chen"",""customer_email"":""procurement@bigcorp.com"",""product_interest"":""ergonomic office chairs"",""budget"":""$5,000"",""quantity"":""10"",""urgency"":""By end of month"",""requirements"":[""10 ergonomic office chairs"",""total budget $5,000"",""approximately $500 per chair"",""delivered by end of month"",""options with pricing"",""options with availability""]}","{""test_id"":""E03"",""agent"":""Email Ingestion Agent""}","","","[]","","t-run-1788701808750","[]"
"email-ingestion-run-1788701802733","run-1788701802733","","SPAN","email_ingestion","2026-09-06 11:30:00.000000","","","default","","","","DEFAULT","","","","","","","{}","{}","{}","0","{""inquiry_email"":""Hi, I need furniture.""}","{""customer_name"":""unknown"",""customer_email"":""unknown"",""product_interest"":""furniture"",""budget"":""unknown"",""quantity"":""unknown"",""urgency"":""unknown"",""requirements"":[]}","{""test_id"":""E02"",""agent"":""Email Ingestion Agent""}","","","[]","","t-run-1788701802733","[]"
"email-ingestion-run-1788701780043","run-1788701780043","","SPAN","email_ingestion","2026-09-06 11:30:00.000000","","","default","","","","DEFAULT","","","","","","","{}","{}","{}","0","{""inquiry_email"":""Looking for a standing desk for home office. Ideally dark walnut finish, adjustable height, under $800. Works from home full-time so quality matters. Asks if anything fits. John Martinez, Director of Engineering, TechCorp.""}","{""customer_name"":""John Martinez"",""customer_email"":""unknown"",""product_interest"":""standing desk"",""budget"":""$800"",""quantity"":""unknown"",""urgency"":""unknown"",""requirements"":[""dark walnut finish"",""adjustable height"",""under $800"",""works from home full-time"",""quality matters""]}","{""test_id"":""E01"",""agent"":""Email Ingestion Agent""}","","","[]","","t-run-1788701780043","[]"
"email-ingestion-run-1788701279881","run-1788701279881","","SPAN","email_ingestion","2026-09-06 11:30:00.000000","","","default","","","","DEFAULT","","","","","","","{}","{}","{}","0","{""inquiry_email"":""From: budget.shopper@email.com\nSubject: Gift idea\n\nI want to buy something nice as a desk accessory gift for my colleague. Budget is around $40-50. Do you have anything in that range?\n\n--- EMAIL 7 ---\nFrom: xk39spam@bot.net\nSubject: URGENT CLICK NOW BUY CHEAP\n\nasdfjkl; spam spam buy now click here!!! FREE FURNITURE CLICK LINK www.totallynotascam.xyz LIMITED TIME OFFER ACT NOW\n""}","{""customer_name"":""unknown"",""customer_email"":""budget.shopper@email.com"",""product_interest"":""desk accessory gift"",""budget"":""$40-50"",""quantity"":""unknown"",""urgency"":""unknown"",""requirements"":[]}","{""test_id"":""E06"",""agent"":""Email Ingestion Agent""}","","","[]","","t-run-1788701279881","[]"
"email-ingestion-run-1788701260994","run-1788701260994","","SPAN","email_ingestion","2026-09-06 11:30:00.000000","","","default","","","","DEFAULT","","","","","","","{}","{}","{}","0","{""inquiry_email"":""From: sarah.k@startupventures.io\nSubject: Comparing standing desks\n\nHi,\n\nWe're evaluating standing desks for our team of 15. Currently comparing your products with IKEA's BEKANT series. What makes your standing desks different or better? Any bulk discount for 15+ units?\n\nSarah Kim\nOperations Lead, Startup Ventures\n""}","{""customer_name"":""Sarah Kim"",""customer_email"":""sarah.k@startupventures.io"",""product_interest"":""standing desks"",""budget"":""unknown"",""quantity"":""15"",""urgency"":""unknown"",""requirements"":[""evaluating standing desks for our team of 15"",""comparing your products with IKEA's BEKANT series"",""bulk discount for 15+ units""]}","{""test_id"":""E05"",""agent"":""Email Ingestion Agent""}","","","[]","","t-run-1788701260994","[]"
"email-ingestion-run-1788701244367","run-1788701244367","","SPAN","email_ingestion","2026-09-06 11:30:00.000000","","","default","","","","DEFAULT","","","","","","","{}","{}","{}","0","{""inquiry_email"":""From: curious.customer@email.com\nSubject: Quick question about the oak desk\n\nWhat colors does the Oak Executive Desk come in? I saw it online but couldn't find color options.\n\nThanks\n\n""}","{""customer_name"":""unknown"",""customer_email"":""curious.customer@email.com"",""product_interest"":""oak desk"",""budget"":""unknown"",""quantity"":""unknown"",""urgency"":""unknown"",""requirements"":[""color options for the Oak Executive Desk""]}","{""test_id"":""E04"",""agent"":""Email Ingestion Agent""}","","","[]","","t-run-1788701244367","[]"
"email-ingestion-run-1788701216468","run-1788701216468","","SPAN","email_ingestion","2026-09-06 11:30:00.000000","","","default","","","","DEFAULT","","","","","","","{}","{}","{}","0","{""inquiry_email"":""From: procurement@bigcorp.com\n\nNeed 10 ergonomic office chairs. Total budget $5,000 (~$500/chair). Need delivered by end of month. Wants options with pricing and availability. Maria Chen, Procurement Manager, BigCorp Industries.""}","{""customer_name"":""Maria Chen"",""customer_email"":""procurement@bigcorp.com"",""product_interest"":""ergonomic office chairs"",""budget"":""$5,000"",""quantity"":""10"",""urgency"":""By end of month"",""requirements"":[""10 ergonomic office chairs"",""total budget $5,000"",""approximately $500 per chair"",""delivered by end of month"",""options with pricing"",""options with availability""]}","{""test_id"":""E03"",""agent"":""Email Ingestion Agent""}","","","[]","","t-run-1788701216468","[]"
"email-ingestion-run-1788705308120","run-1788705308120","","SPAN","email_ingestion","2026-09-06 11:30:00.000000","","","default","","","","DEFAULT","","","","","","","{}","{}","{}","0","{""inquiry_email"":""Looking for a standing desk for home office. Ideally dark walnut finish, adjustable height, under $800. Works from home full-time so quality matters. Asks if anything fits. John Martinez, Director of Engineering, TechCorp.""}","{""customer_name"":""John Martinez"",""customer_email"":""john.martinez@techcorp.com"",""product_interest"":""standing desk"",""budget"":""$800"",""quantity"":""unknown"",""urgency"":""unknown"",""requirements"":[""dark walnut finish"",""adjustable height"",""under $800"",""works from home full-time"",""quality matters""]}","{""test_id"":""E01"",""agent"":""Email Ingestion Agent""}","","","[]","","t-run-1788705308120","[]"
"email-ingestion-run-1788701182334","run-1788701182334","","SPAN","email_ingestion","2026-09-06 11:30:00.000000","","","default","","","","DEFAULT","","","","","","","{}","{}","{}","0","{""inquiry_email"":""Looking for a standing desk for home office. Ideally dark walnut finish, adjustable height, under $800. Works from home full-time so quality matters. Asks if anything fits. John Martinez, Director of Engineering, TechCorp.""}","{""customer_name"":""John Martinez"",""customer_email"":""unknown"",""product_interest"":""standing desk"",""budget"":""$800"",""quantity"":""unknown"",""urgency"":""unknown"",""requirements"":[""dark walnut finish"",""adjustable height"",""under $800"",""works from home full-time"",""quality matters""]}","{""test_id"":""E01"",""agent"":""Email Ingestion Agent""}","","","[]","","t-run-1788701182334","[]"
"email-ingestion-run-1788699939976","run-1788699939976","","SPAN","email_ingestion","2026-09-06 11:30:00.000000","","","default","","","","DEFAULT","","","","","","","{}","{}","{}","0","{""inquiry_email"":""From: sarah.k@startupventures.io\nSubject: Comparing standing desks\n\nHi,\n\nWe're evaluating standing desks for our team of 15. Currently comparing your products with IKEA's BEKANT series. What makes your standing desks different or better? Any bulk discount for 15+ units?\n\nSarah Kim\nOperations Lead, Startup Ventures\n""}","{""customer_name"":""Sarah Kim"",""customer_email"":""sarah.k@startupventures.io"",""product_interest"":""standing desks"",""budget"":""unknown"",""quantity"":""15"",""urgency"":""unknown"",""requirements"":[""comparing products with IKEA's BEKANT series"",""bulk discount for 15+ units""]}","{""test_id"":""E05"",""agent"":""Email Ingestion Agent""}","","","[]","","t-run-1788699939976","[]"
"email-ingestion-run-1788699919517","run-1788699919517","","SPAN","email_ingestion","2026-09-06 11:30:00.000000","","","default","","","","DEFAULT","","","","","","","{}","{}","{}","0","{""inquiry_email"":""From: curious.customer@email.com\nSubject: Quick question about the oak desk\n\nWhat colors does the Oak Executive Desk come in? I saw it online but couldn't find color options.\n\nThanks\n\n""}","{""customer_name"":""unknown"",""customer_email"":""curious.customer@email.com"",""product_interest"":""oak desk"",""budget"":""unknown"",""quantity"":""unknown"",""urgency"":""unknown"",""requirements"":[""color options""]}","{""test_id"":""E04"",""agent"":""Email Ingestion Agent""}","","","[]","","t-run-1788699919517","[]"
"email-ingestion-run-1788699897893","run-1788699897893","","SPAN","email_ingestion","2026-09-06 11:30:00.000000","","","default","","","","DEFAULT","","","","","","","{}","{}","{}","0","{""inquiry_email"":""From: procurement@bigcorp.com\n\nNeed 10 ergonomic office chairs. Total budget $5,000 (~$500/chair). Need delivered by end of month. Wants options with pricing and availability. Maria Chen, Procurement Manager, BigCorp Industries.""}","{""customer_name"":""Maria Chen"",""customer_email"":""procurement@bigcorp.com"",""product_interest"":""ergonomic office chairs"",""budget"":""$5,000"",""quantity"":""10"",""urgency"":""By end of month"",""requirements"":[""10 ergonomic office chairs"",""total budget $5,000"",""approximately $500 per chair"",""delivered by end of month"",""options with pricing"",""options with availability""]}","{""test_id"":""E03"",""agent"":""Email Ingestion Agent""}","","","[]","","t-run-1788699897893","[]"
"email-ingestion-run-1788699891105","run-1788699891105","","SPAN","email_ingestion","2026-09-06 11:30:00.000000","","","default","","","","DEFAULT","","","","","","","{}","{}","{}","0","{""inquiry_email"":""Hi, I need furniture.""}","{""customer_name"":""unknown"",""customer_email"":""unknown"",""product_interest"":""furniture"",""budget"":""unknown"",""quantity"":""unknown"",""urgency"":""unknown"",""requirements"":[]}","{""test_id"":""E02"",""agent"":""Email Ingestion Agent""}","","","[]","","t-run-1788699891105","[]"
"email-ingestion-run-1788699865269","run-1788699865269","","SPAN","email_ingestion","2026-09-06 11:30:00.000000","","","default","","","","DEFAULT","","","","","","","{}","{}","{}","0","{""inquiry_email"":""Looking for a standing desk for home office. Ideally dark walnut finish, adjustable height, under $800. Works from home full-time so quality matters. Asks if anything fits. John Martinez, Director of Engineering, TechCorp.""}","{""customer_name"":""John Martinez"",""customer_email"":""unknown"",""product_interest"":""standing desk"",""budget"":""$800"",""quantity"":""unknown"",""urgency"":""unknown"",""requirements"":[""dark walnut finish"",""adjustable height"",""under $800"",""works from home full-time"",""quality matters""]}","{""test_id"":""E01"",""agent"":""Email Ingestion Agent""}","","","[]","","t-run-1788699865269","[]"
"email-ingestion-run-1788699584362","run-1788699584362","","SPAN","email_ingestion","2026-09-06 11:30:00.000000","","","default","","","","DEFAULT","","","","","","","{}","{}","{}","0","{""inquiry_email"":""From: curious.customer@email.com\nSubject: Quick question about the oak desk\n\nWhat colors does the Oak Executive Desk come in? I saw it online but couldn't find color options.\n\nThanks\n""}","{""customer_name"":""unknown"",""customer_email"":""curious.customer@email.com"",""product_interest"":""Oak Executive Desk"",""budget"":""unknown"",""quantity"":""unknown"",""urgency"":""unknown"",""requirements"":[""colors of the Oak Executive Desk""]}","{""test_id"":""E04"",""agent"":""Email Ingestion Agent""}","","","[]","","t-run-1788699584362","[]"
"email-ingestion-run-1788699560802","run-1788699560802","","SPAN","email_ingestion","2026-09-06 11:30:00.000000","","","default","","","","DEFAULT","","","","","","","{}","{}","{}","0","{""inquiry_email"":""From: procurement@bigcorp.com\n\nNeed 10 ergonomic office chairs. Total budget $5,000 (~$500/chair). Need delivered by end of month. Wants options with pricing and availability. Maria Chen, Procurement Manager, BigCorp Industries.""}","{""customer_name"":""Maria Chen"",""customer_email"":""procurement@bigcorp.com"",""product_interest"":""ergonomic office chairs"",""budget"":""$5,000"",""quantity"":""10"",""urgency"":""By end of month"",""requirements"":[""10 ergonomic office chairs"",""total budget $5,000"",""approximately $500 per chair"",""delivered by end of month"",""options with pricing"",""options with availability""]}","{""test_id"":""E03"",""agent"":""Email Ingestion Agent""}","","","[]","","t-run-1788699560802","[]"
"email-ingestion-run-1788699553119","run-1788699553119","","SPAN","email_ingestion","2026-09-06 11:30:00.000000","","","default","","","","DEFAULT","","","","","","","{}","{}","{}","0","{""inquiry_email"":""Hi, I need furniture.""}","{""customer_name"":""unknown"",""customer_email"":""unknown"",""product_interest"":""furniture"",""budget"":""unknown"",""quantity"":""unknown"",""urgency"":""unknown"",""requirements"":[]}","{""test_id"":""E02"",""agent"":""Email Ingestion Agent""}","","","[]","","t-run-1788699553119","[]"
"email-ingestion-run-1788699530780","run-1788699530780","","SPAN","email_ingestion","2026-09-06 11:30:00.000000","","","default","","","","DEFAULT","","","","","","","{}","{}","{}","0","{""inquiry_email"":""Looking for a standing desk for home office. Ideally dark walnut finish, adjustable height, under $800. Works from home full-time so quality matters. Asks if anything fits. John Martinez, Director of Engineering, TechCorp.""}","{""customer_name"":""John Martinez"",""customer_email"":""john.martinez@techcorp.com"",""product_interest"":""standing desk"",""budget"":""$800"",""quantity"":""unknown"",""urgency"":""unknown"",""requirements"":[""dark walnut finish"",""adjustable height"",""under $800"",""works from home full-time"",""quality matters""]}","{""test_id"":""E01"",""agent"":""Email Ingestion Agent""}","","","[]","","t-run-1788699530780","[]"
"email-ingestion-run-1788699435748","run-1788699435748","","SPAN","email_ingestion","2026-09-06 11:30:00.000000","","","default","","","","DEFAULT","","","","","","","{}","{}","{}","0","{""inquiry_email"":""What colors does the Oak Executive Desk come in? I saw it online but couldn't find color options.""}","{""customer_name"":""unknown"",""customer_email"":""unknown"",""product_interest"":""Oak Executive Desk"",""budget"":""unknown"",""quantity"":""unknown"",""urgency"":""unknown"",""requirements"":[]}","{""test_id"":""E04"",""agent"":""Email Ingestion Agent""}","","","[]","","t-run-1788699435748","[]"
"email-ingestion-run-1788699412052","run-1788699412052","","SPAN","email_ingestion","2026-09-06 11:30:00.000000","","","default","","","","DEFAULT","","","","","","","{}","{}","{}","0","{""inquiry_email"":""From: procurement@bigcorp.com\n\nNeed 10 ergonomic office chairs. Total budget $5,000 (~$500/chair). Need delivered by end of month. Wants options with pricing and availability. Maria Chen, Procurement Manager, BigCorp Industries.""}","{""customer_name"":""Maria Chen"",""customer_email"":""procurement@bigcorp.com"",""product_interest"":""ergonomic office chairs"",""budget"":""$5,000"",""quantity"":""10"",""urgency"":""By end of month"",""requirements"":[""10 ergonomic office chairs"",""total budget $5,000"",""approximately $500 per chair"",""delivered by end of month"",""options with pricing"",""options with availability""]}","{""test_id"":""E03"",""agent"":""Email Ingestion Agent""}","","","[]","","t-run-1788699412052","[]"
"email-ingestion-run-1788699406514","run-1788699406514","","SPAN","email_ingestion","2026-09-06 11:30:00.000000","","","default","","","","DEFAULT","","","","","","","{}","{}","{}","0","{""inquiry_email"":""Hi, I need furniture.""}","{""customer_name"":""unknown"",""customer_email"":""unknown"",""product_interest"":""furniture"",""budget"":""unknown"",""quantity"":""unknown"",""urgency"":""unknown"",""requirements"":[]}","{""test_id"":""E02"",""agent"":""Email Ingestion Agent""}","","","[]","","t-run-1788699406514","[]"
"email-ingestion-run-1788699385191","run-1788699385191","","SPAN","email_ingestion","2026-09-06 11:30:00.000000","","","default","","","","DEFAULT","","","","","","","{}","{}","{}","0","{""inquiry_email"":""Looking for a standing desk for home office. Ideally dark walnut finish, adjustable height, under $800. Works from home full-time so quality matters. Asks if anything fits. John Martinez, Director of Engineering, TechCorp.""}","{""customer_name"":""John Martinez"",""customer_email"":""john.martinez@techcorp.com"",""product_interest"":""standing desk"",""budget"":""$800"",""quantity"":""unknown"",""urgency"":""unknown"",""requirements"":[""dark walnut finish"",""adjustable height"",""under $800"",""works from home full-time"",""quality matters""]}","{""test_id"":""E01"",""agent"":""Email Ingestion Agent""}","","","[]","","t-run-1788699385191","[]"
"email-ingestion-run-1788699265127","run-1788699265127","","SPAN","email_ingestion","2026-09-06 11:30:00.000000","","","default","","","","DEFAULT","","","","","","","{}","{}","{}","0","{""inquiry_email"":""From: procurement@bigcorp.com\n\nNeed 10 ergonomic office chairs. Total budget $5,000 (~$500/chair). Need delivered by end of month. Wants options with pricing and availability. Maria Chen, Procurement Manager, BigCorp Industries.""}","{""customer_name"":""Maria Chen"",""customer_email"":""procurement@bigcorp.com"",""product_interest"":""ergonomic office chairs"",""budget"":""$5,000"",""quantity"":""10"",""urgency"":""By end of month"",""requirements"":[""10 ergonomic office chairs"",""total budget $5,000"",""approximately $500 per chair"",""delivered by end of month"",""options with pricing"",""options with availability""]}","{""test_id"":""E03"",""agent"":""Email Ingestion Agent""}","","","[]","","t-run-1788699265127","[]"
"email-ingestion-run-1788699259939","run-1788699259939","","SPAN","email_ingestion","2026-09-06 11:30:00.000000","","","default","","","","DEFAULT","","","","","","","{}","{}","{}","0","{""inquiry_email"":""Hi, I need furniture.""}","{""customer_name"":""unknown"",""customer_email"":""unknown"",""product_interest"":""furniture"",""budget"":""unknown"",""quantity"":""unknown"",""urgency"":""unknown"",""requirements"":[]}","{""test_id"":""E02"",""agent"":""Email Ingestion Agent""}","","","[]","","t-run-1788699259939","[]"
"email-ingestion-run-1788707531278","run-1788707531278","","SPAN","email_ingestion","2026-09-06 11:30:00.000000","","","default","","","","DEFAULT","","","","","","","{}","{}","{}","0","{""inquiry_email"":""From: budget.shopper@email.com\nSubject: Gift idea\n\nI want to buy something nice as a desk accessory gift for my colleague. Budget is around $40-50. Do you have anything in that range?\n""}","{""customer_name"":""unknown"",""customer_email"":""budget.shopper@email.com"",""product_interest"":""desk accessory"",""budget"":""$40-50"",""quantity"":""unknown"",""urgency"":""unknown"",""requirements"":[]}","{""test_id"":""E06"",""agent"":""Email Ingestion Agent""}","","","[]","","t-run-1788707531278","[]"
"email-ingestion-run-1788673197741","run-1788673197741","Email Ingestion Agent Ouput","SPAN","email_ingestion","2026-09-06 11:30:00.000000","","","default","","","","DEFAULT","","","","","","","{}","{}","{}","0","{""inquiry_email"":""From: john.martinez@techcorp.com\n Subject: Standing desk inquiry\n \n Hi there,\n \n I'm looking for a standing desk for my home office. Ideally something in dark walnut finish, adjustable height, and under $800. I work from home full-time so quality matters. Do you have anything that fits?\n \n Thanks,\n John Martinez\n Director of Engineering, TechCorp""}","{""customer_name"":""John Martinez"",""customer_email"":""john.martinez@techcorp.com"",""product_interest"":""standing desk"",""budget"":""under $800"",""quantity"":""unknown"",""urgency"":"""",""requirements"":[""dark walnut finish"",""adjustable height"",""quality matters"",""home office use""]}","{""test_id"":""E01"",""agent"":""email_ingestion""}","","","[]","","t-run-1788673197741","[]"
"email-ingestion-run-1788676080608","run-1788676080608","","SPAN","email_ingestion","2026-09-06 11:30:00.000000","","","default","","","","DEFAULT","","","","","","","{}","{}","{}","0","{""inquiry_email"":""From: john.martinez@techcorp.com\n Subject: Standing desk inquiry\n \n Hi there,\n \n I'm looking for a standing desk for my home office. Ideally something in dark walnut finish, adjustable height, and under $800. I work from home full-time so quality matters. Do you have anything that fits?\n \n Thanks,\n John Martinez\n Director of Engineering, TechCorp""}","{""customer_name"":""John Martinez"",""customer_email"":""john.martinez@techcorp.com"",""product_interest"":""standing desk"",""budget"":""under $800"",""quantity"":""unknown"",""urgency"":"""",""requirements"":[""dark walnut finish"",""adjustable height"",""quality matters"",""home office""]}","{""test_id"":""E01"",""agent"":""email_ingestion""}","","","[]","","t-run-1788676080608","[]"
"email-ingestion-run-1788676100078","run-1788676100078","","SPAN","email_ingestion","2026-09-06 11:30:00.000000","","","default","","","","DEFAULT","","","","","","","{}","{}","{}","0","{""inquiry_email"":""From: random123@gmail.com\n Subject: furniture\n \n Hi, I need furniture.""}","{""customer_name"":""unknown"",""customer_email"":""random123@gmail.com"",""product_interest"":""furniture"",""budget"":""unknown"",""quantity"":""unknown"",""urgency"":"""",""requirements"":[""unknown""]}","{""test_id"":""E02"",""agent"":""email_ingestion""}","","","[]","","t-run-1788676100078","[]"
"email-ingestion-run-1788676113709","run-1788676113709","","SPAN","email_ingestion","2026-09-06 11:30:00.000000","","","default","","","","DEFAULT","","","","","","","{}","{}","{}","0","{""inquiry_email"":""From: procurement@bigcorp.com\n Subject: Bulk order - Ergonomic office chairs\n \n Hello,\n \n We are setting up a new office space and need 10 ergonomic office chairs. Our total budget is $5,000 (so approximately $500 per chair). We need them delivered by end of this month.\n \n Please send us options with pricing and availability.\n \n Best regards,\n Maria Chen\n Procurement Manager, BigCorp Industries""}","{""customer_name"":""Maria Chen"",""customer_email"":""procurement@bigcorp.com"",""product_interest"":""office chairs"",""budget"":""$5,000"",""quantity"":""10"",""urgency"":""end of this month"",""requirements"":[""need ergonomic office chairs"",""delivery required by end of this month""]}","{""test_id"":""E03"",""agent"":""email_ingestion""}","","","[]","","t-run-1788676113709","[]"
"email-ingestion-run-1788676130741","run-1788676130741","","SPAN","email_ingestion","2026-09-06 11:30:00.000000","","","default","","","","DEFAULT","","","","","","","{}","{}","{}","0","{""inquiry_email"":""From: curious.customer@email.com\n Subject: Quick question about the oak desk\n \n What colors does the Oak Executive Desk come in? I saw it online but couldn't find color options.\n \n Thanks""}","{""customer_name"":""unknown"",""customer_email"":""curious.customer@email.com"",""product_interest"":""oak desk"",""budget"":""unknown"",""quantity"":""unknown"",""urgency"":"""",""requirements"":[""colors options""]}","{""test_id"":""E04"",""agent"":""email_ingestion""}","","","[]","","t-run-1788676130741","[]"
"email-ingestion-run-1788676158681","run-1788676158681","","SPAN","email_ingestion","2026-09-06 11:30:00.000000","","","default","","","","DEFAULT","","","","","","","{}","{}","{}","0","{""inquiry_email"":""From: sarah.k@startupventures.io\n Subject: Comparing standing desks\n \n Hi,\n \n We're evaluating standing desks for our team of 15. Currently comparing your products with IKEA's BEKANT series. What makes your standing desks different or better? Any bulk discount for 15+ units?\n \n Sarah Kim\n Operations Lead, Startup Ventures""}","{""customer_name"":""Sarah Kim"",""customer_email"":""sarah.k@startupventures.io"",""product_interest"":""standing desks"",""budget"":""unknown"",""quantity"":""15"",""urgency"":"""",""requirements"":[""evaluating standing desks for a team of 15"",""comparing with IKEA's BEKANT series"",""asking for bulk discount for 15+ units"",""looking for differentiating features of standing desks""]}","{""test_id"":""E05"",""agent"":""email_ingestion""}","","","[]","","t-run-1788676158681","[]"
"email-ingestion-run-1788676180909","run-1788676180909","","SPAN","email_ingestion","2026-09-06 11:30:00.000000","","","default","","","","DEFAULT","","","","","","","{}","{}","{}","0","{""inquiry_email"":""From: budget.shopper@email.com\n Subject: Gift idea\n \n I want to buy something nice as a desk accessory gift for my colleague. Budget is around $40-50. Do you have anything in that range?""}","{""customer_name"":""unknown"",""customer_email"":""budget.shopper@email.com"",""product_interest"":""desk accessories"",""budget"":""around $40-50"",""quantity"":""unknown"",""urgency"":"""",""requirements"":[""gift for colleague""]}","{""test_id"":""E06"",""agent"":""email_ingestion""}","","","[]","","t-run-1788676180909","[]"
"email-ingestion-run-1788676197188","run-1788676197188","","SPAN","email_ingestion","2026-09-06 11:30:00.000000","","","default","","","","DEFAULT","","","","","","","{}","{}","{}","0","{""inquiry_email"":""From: xk39spam@bot.net\n Subject: URGENT CLICK NOW BUY CHEAP\n \n asdfjkl; spam spam buy now click here!!! FREE FURNITURE CLICK LINK www.totallynotascam.xyz LIMITED TIME OFFER ACT NOW""}","{""customer_name"":""unknown"",""customer_email"":""xk39spam@bot.net"",""product_interest"":""furniture"",""budget"":""unknown"",""quantity"":""unknown"",""urgency"":""urgent"",""requirements"":[""unknown""]}","{""test_id"":""E07"",""agent"":""email_ingestion""}","","","[]","","t-run-1788676197188","[]"
"email-ingestion-run-1788676209509","run-1788676209509","","SPAN","email_ingestion","2026-09-06 11:30:00.000000","","","default","","","","DEFAULT","","","","","","","{}","{}","{}","0","{""inquiry_email"":""From: admin@downtownlawfirm.com\n Subject: Conference table for boardroom\n \n Hello,\n \n We are a law firm in the downtown area looking for a conference table that seats 12 people comfortably. Our budget is $3,000. We need something that looks professional and durable for daily use in our boardroom.\n \n Please send options.\n \n Thank you,\n James Wright\n Office Administrator\n Downtown Law Partners LLP""}","{""customer_name"":""James Wright"",""customer_email"":""admin@downtownlawfirm.com"",""product_interest"":""conference table"",""budget"":""$3,000"",""quantity"":""unknown"",""urgency"":"""",""requirements"":[""seats 12 people comfortably"",""looks professional"",""durable for daily use"",""for boardroom""]}","{""test_id"":""E08"",""agent"":""email_ingestion""}","","","[]","","t-run-1788676209509","[]"
"email-ingestion-run-1788676223651","run-1788676223651","","SPAN","email_ingestion","2026-09-06 11:30:00.000000","","","default","","","","DEFAULT","","","","","","","{}","{}","{}","0","{""inquiry_email"":""From: someone@email.com\n Subject: (no subject)\n \n furniture please""}","{""customer_name"":""unknown"",""customer_email"":""someone@email.com"",""product_interest"":""furniture"",""budget"":""unknown"",""quantity"":""unknown"",""urgency"":""unknown"",""requirements"":[""unknown""]}","{""test_id"":""E09"",""agent"":""email_ingestion""}","","","[]","","t-run-1788676223651","[]"
"email-ingestion-run-1788676234711","run-1788676234711","","SPAN","email_ingestion","2026-09-06 11:30:00.000000","","","default","","","","DEFAULT","","","","","","","{}","{}","{}","0","{""inquiry_email"":""From: david.r@designstudio.co\n Subject: Walnut Executive Desk availability\n \n Hi,\n \n I was browsing your website and noticed the Walnut Executive Desk is listed as out of stock. Is that accurate? When do you expect it to be back? I've been wanting to order one for weeks.\n \n David Rodriguez\n Creative Director, Design Studio Co.""}","{""customer_name"":""David Rodriguez"",""customer_email"":""david.r@designstudio.co"",""product_interest"":""Walnut Executive Desk"",""budget"":""unknown"",""quantity"":""unknown"",""urgency"":""unknown"",""requirements"":[]}","{""test_id"":""E10"",""agent"":""email_ingestion""}","","","[]","","t-run-1788676234711","[]"
"email-ingestion-run-1788676250301","run-1788676250301","","SPAN","email_ingestion","2026-09-06 11:30:00.000000","","","default","","","","DEFAULT","","","","","","","{}","{}","{}","0","{""inquiry_email"":""From: jessica.wong@enterprise.com\n Subject: Office furniture package\n \n Hi team,\n \n We're furnishing a new floor in our building - about 30 workstations. We need:\n - 30 adjustable standing desks (budget: $700 each)\n - 30 ergonomic task chairs (budget: $400 each)\n - 5 small meeting tables for huddle rooms (budget: $600 each)\n \n Total budget is approximately $36,000. We're on a 6-week timeline.\n \n Can you put together a proposal?\n \n Jessica Wong\n Facilities Manager, Enterprise Solutions Inc.\n Account: ENT-4401""}","{""customer_name"":""Jessica Wong"",""customer_email"":""jessica.wong@enterprise.com"",""product_interest"":""office furniture"",""budget"":""approximately $36,000"",""quantity"":""30"",""urgency"":""6-week timeline"",""requirements"":[""30 adjustable standing desks"",""30 ergonomic task chairs"",""5 small meeting tables for huddle rooms"",""budget: $700 each for desks"",""budget: $400 each for chairs"",""budget: $600 each for tables""]}","{""test_id"":""E11"",""agent"":""email_ingestion""}","","","[]","","t-run-1788676250301","[]"
"email-ingestion-run-1788676267661","run-1788676267661","","SPAN","email_ingestion","2026-09-06 11:30:00.000000","","","default","","","","DEFAULT","","","","","","","{}","{}","{}","0","{""inquiry_email"":""From: angry.customer@email.com\n Subject: TERRIBLE EXPERIENCE\n \n Your delivery was 3 weeks late and the desk arrived with a scratch on the surface. I want a replacement or a full refund. Order #ORD-88291. This is unacceptable.\n \n Mike Thompson""}","{""customer_name"":""Mike Thompson"",""customer_email"":""angry.customer@email.com"",""product_interest"":""desks"",""budget"":""unknown"",""quantity"":""unknown"",""urgency"":""unknown"",""requirements"":[""replacement or full refund"",""desk arrived with a scratch on the surface"",""delivery was 3 weeks late""]}","{""test_id"":""E12"",""agent"":""email_ingestion""}","","","[]","","t-run-1788676267661","[]"
"email-ingestion-run-1788676275292","run-1788676275292","","SPAN","email_ingestion","2026-09-06 11:30:00.000000","","","default","","","","DEFAULT","","","","","","","{}","{}","{}","0","{""inquiry_email"":""From: intern@smallbiz.com\n Subject: hey\n \n do u have chairs? how much?""}","{""customer_name"":""unknown"",""customer_email"":""intern@smallbiz.com"",""product_interest"":""chairs"",""budget"":""unknown"",""quantity"":""unknown"",""urgency"":""unknown"",""requirements"":[]}","{""test_id"":""E13"",""agent"":""email_ingestion""}","","","[]","","t-run-1788676275292","[]"
"email-ingestion-run-1788676291763","run-1788676291763","","SPAN","email_ingestion","2026-09-06 11:30:00.000000","","","default","","","","DEFAULT","","","","","","","{}","{}","{}","0","{""inquiry_email"":""From: cfo@growthco.com\n Subject: RE: Annual furniture budget planning\n \n Following up on our call last week. We're allocating $50,000 for office furniture across 3 locations next quarter. Can someone from your enterprise team reach out to discuss volume pricing and delivery coordination?\n \n Robert Chen, CFO\n GrowthCo Industries""}","{""customer_name"":""Robert Chen"",""customer_email"":""cfo@growthco.com"",""product_interest"":""office furniture"",""budget"":""$50,000"",""quantity"":""3"",""urgency"":""unknown"",""requirements"":[""discuss volume pricing"",""delivery coordination""]}","{""test_id"":""E14"",""agent"":""email_ingestion""}","","","[]","","t-run-1788676291763","[]"
"email-ingestion-run-1788676308125","run-1788676308125","","SPAN","email_ingestion","2026-09-06 11:30:00.000000","","","default","","","","DEFAULT","","","","","","","{}","{}","{}","0","{""inquiry_email"":""From: competitor.spy@rival.com\n Subject: Price matching request\n \n I noticed your Ergonomic Pro Chair is listed at $449. HermanMiller sells a similar chair for $395. Will you match their price? I'll buy 5 if you can beat their price.""}","{""customer_name"":""unknown"",""customer_email"":""competitor.spy@rival.com"",""product_interest"":""Ergonomic Pro Chair"",""budget"":""unknown"",""quantity"":""5"",""urgency"":"""",""requirements"":[""price match request"",""would buy if price is beaten""]}","{""test_id"":""E15"",""agent"":""Email Ingestion Agent""}","","","[]","","t-run-1788676308125","[]"
"email-ingestion-run-1788685504255","run-1788685504255","","SPAN","email_ingestion","2026-09-06 11:30:00.000000","","","default","","","","DEFAULT","","","","","","","{}","{}","{}","0","{""inquiry_email"":""From: cfo@growthco.com\n Subject: RE: Annual furniture budget planning\n \n Following up on our call last week. We're allocating $50,000 for office furniture across 3 locations next quarter. Can someone from your enterprise team reach out to discuss volume pricing and delivery coordination?\n \n Robert Chen, CFO\n GrowthCo Industries""}","{""customer_name"":""Robert Chen"",""customer_email"":""cfo@growthco.com"",""product_interest"":""office furniture"",""budget"":""$50,000"",""quantity"":""3"",""urgency"":""unknown"",""requirements"":[""volume pricing"",""delivery coordination""]}","{""test_id"":""E14"",""agent"":""Email Ingestion Agent""}","","","[]","","t-run-1788685504255","[]"
"email-ingestion-run-1788685306940","run-1788685306940","","SPAN","email_ingestion","2026-09-06 11:30:00.000000","","","default","","","","DEFAULT","","","","","","","{}","{}","{}","0","{""inquiry_email"":""From: curious.customer@email.com\n Subject: Quick question about the oak desk\n \n What colors does the Oak Executive Desk come in? I saw it online but couldn't find color options.\n \n Thanks""}","{""customer_name"":""unknown"",""customer_email"":""curious.customer@email.com"",""product_interest"":""desk"",""budget"":""unknown"",""quantity"":""unknown"",""urgency"":"""",""requirements"":[""colors of the Oak Executive Desk""]}","{""test_id"":""E04"",""agent"":""Email Ingestion Agent""}","","","[]","","t-run-1788685306940","[]"
"email-ingestion-run-1788686165344","run-1788686165344","","SPAN","email_ingestion","2026-09-06 11:30:00.000000","","","default","","","","DEFAULT","","","","","","","{}","{}","{}","0","{""inquiry_email"":""From: curious.customer@email.com\n Subject: Quick question about the oak desk\n \n What colors does the Oak Executive Desk come in? I saw it online but couldn't find color options.\n \n Thanks""}","{""customer_name"":""unknown"",""customer_email"":""curious.customer@email.com"",""product_interest"":""desk"",""budget"":""unknown"",""quantity"":""unknown"",""urgency"":"""",""requirements"":[""color options for the Oak Executive Desk""]}","{""test_id"":""E04"",""agent"":""Email Ingestion Agent""}","","","[]","","t-run-1788686165344","[]"
"email-ingestion-run-1788686135253","run-1788686135253","","SPAN","email_ingestion","2026-09-06 11:30:00.000000","","","default","","","","DEFAULT","","","","","","","{}","{}","{}","0","{""inquiry_email"":""From: procurement@bigcorp.com\n Subject: Bulk order - Ergonomic office chairs\n \n Hello,\n \n We are setting up a new office space and need 10 ergonomic office chairs. Our total budget is $5,000 (so approximately $500 per chair). We need them delivered by end of this month.\n \n Please send us options with pricing and availability.\n \n Best regards,\n Maria Chen\n Procurement Manager, BigCorp Industries""}","{""customer_name"":""Maria Chen"",""customer_email"":""procurement@bigcorp.com"",""product_interest"":""ergonomic office chairs"",""budget"":""$5,000"",""quantity"":""10"",""urgency"":""by end of this month"",""requirements"":[""new office space"",""delivery required""]}","{""test_id"":""E03"",""agent"":""Email Ingestion Agent""}","","","[]","","t-run-1788686135253","[]"
"email-ingestion-run-1788686116810","run-1788686116810","","SPAN","email_ingestion","2026-09-06 11:30:00.000000","","","default","","","","DEFAULT","","","","","","","{}","{}","{}","0","{""inquiry_email"":""From: random123@gmail.com\n Subject: furniture\n \n Hi, I need furniture.""}","{""customer_name"":""unknown"",""customer_email"":""random123@gmail.com"",""product_interest"":""furniture"",""budget"":""unknown"",""quantity"":""unknown"",""urgency"":"""",""requirements"":[""unknown""]}","{""test_id"":""E02"",""agent"":""Email Ingestion Agent""}","","","[]","","t-run-1788686116810","[]"
"email-ingestion-run-1788686086224","run-1788686086224","","SPAN","email_ingestion","2026-09-06 11:30:00.000000","","","default","","","","DEFAULT","","","","","","","{}","{}","{}","0","{""inquiry_email"":""From: john.martinez@techcorp.com\n Subject: Standing desk inquiry\n \n Hi there,\n \n I'm looking for a standing desk for my home office. Ideally something in dark walnut finish, adjustable height, and under $800. I work from home full-time so quality matters. Do you have anything that fits?\n \n Thanks,\n John Martinez\n Director of Engineering, TechCorp""}","{""customer_name"":""John Martinez"",""customer_email"":""john.martinez@techcorp.com"",""product_interest"":""standing desk"",""budget"":""under $800"",""quantity"":""unknown"",""urgency"":"""",""requirements"":[""dark walnut finish"",""adjustable height"",""quality matters"",""home office use""]}","{""test_id"":""E01"",""agent"":""Email Ingestion Agent""}","","","[]","","t-run-1788686086224","[]"
"email-ingestion-run-1788686515332","run-1788686515332","","SPAN","email_ingestion","2026-09-06 11:30:00.000000","","","default","","","","DEFAULT","","","","","","","{}","{}","{}","0","{""inquiry_email"":""From: xk39spam@bot.net\n Subject: URGENT CLICK NOW BUY CHEAP\n \n asdfjkl; spam spam buy now click here!!! FREE FURNITURE CLICK LINK www.totallynotascam.xyz LIMITED TIME OFFER ACT NOW""}","{""customer_name"":""unknown"",""customer_email"":""xk39spam@bot.net"",""product_interest"":""furniture"",""budget"":""unknown"",""quantity"":""unknown"",""urgency"":""unknown"",""requirements"":[]}","{""test_id"":""E07"",""agent"":""Email Ingestion Agent""}","","","[]","","t-run-1788686515332","[]"
"email-ingestion-run-1788685235266","run-1788685235266","","SPAN","email_ingestion","2026-09-06 11:30:00.000000","","","default","","","","DEFAULT","","","","","","","{}","{}","{}","0","{""inquiry_email"":""From: john.martinez@techcorp.com\n Subject: Standing desk inquiry\n \n Hi there,\n \n I'm looking for a standing desk for my home office. Ideally something in dark walnut finish, adjustable height, and under $800. I work from home full-time so quality matters. Do you have anything that fits?\n \n Thanks,\n John Martinez\n Director of Engineering, TechCorp""}","{""customer_name"":""John Martinez"",""customer_email"":""john.martinez@techcorp.com"",""product_interest"":""standing desk"",""budget"":""under $800"",""quantity"":""unknown"",""urgency"":"""",""requirements"":[""dark walnut finish"",""adjustable height"",""quality matters"",""home office""]}","{""test_id"":""E01"",""agent"":""Email Ingestion Agent""}","","","[]","","t-run-1788685235266","[]"
"email-ingestion-run-1788685477150","run-1788685477150","","SPAN","email_ingestion","2026-09-06 11:30:00.000000","","","default","","","","DEFAULT","","","","","","","{}","{}","{}","0","{""inquiry_email"":""From: intern@smallbiz.com\n Subject: hey\n \n do u have chairs? how much?""}","{""customer_name"":""unknown"",""customer_email"":""intern@smallbiz.com"",""product_interest"":""chairs"",""budget"":""unknown"",""quantity"":""unknown"",""urgency"":"""",""requirements"":[]}","{""test_id"":""E13"",""agent"":""Email Ingestion Agent""}","","","[]","","t-run-1788685477150","[]"
"email-ingestion-run-1788685468746","run-1788685468746","","SPAN","email_ingestion","2026-09-06 11:30:00.000000","","","default","","","","DEFAULT","","","","","","","{}","{}","{}","0","{""inquiry_email"":""From: angry.customer@email.com\n Subject: TERRIBLE EXPERIENCE\n \n Your delivery was 3 weeks late and the desk arrived with a scratch on the surface. I want a replacement or a full refund. Order #ORD-88291. This is unacceptable.\n \n Mike Thompson""}","{""customer_name"":""Mike Thompson"",""customer_email"":""angry.customer@email.com"",""product_interest"":""desks"",""budget"":""unknown"",""quantity"":""unknown"",""urgency"":"""",""requirements"":[""replacement or a full refund"",""desk arrived with a scratch on the surface"",""delivery was 3 weeks late""]}","{""test_id"":""E12"",""agent"":""Email Ingestion Agent""}","","","[]","","t-run-1788685468746","[]"
"email-ingestion-run-1788685440731","run-1788685440731","","SPAN","email_ingestion","2026-09-06 11:30:00.000000","","","default","","","","DEFAULT","","","","","","","{}","{}","{}","0","{""inquiry_email"":""From: jessica.wong@enterprise.com\n Subject: Office furniture package\n \n Hi team,\n \n We're furnishing a new floor in our building - about 30 workstations. We need:\n - 30 adjustable standing desks (budget: $700 each)\n - 30 ergonomic task chairs (budget: $400 each)\n - 5 small meeting tables for huddle rooms (budget: $600 each)\n \n Total budget is approximately $36,000. We're on a 6-week timeline.\n \n Can you put together a proposal?\n \n Jessica Wong\n Facilities Manager, Enterprise Solutions Inc.\n Account: ENT-4401""}","{""customer_name"":""Jessica Wong"",""customer_email"":""jessica.wong@enterprise.com"",""product_interest"":""office furniture"",""budget"":""approximately $36,000"",""quantity"":""30"",""urgency"":""6-week timeline"",""requirements"":[""30 adjustable standing desks"",""budget: $700 each"",""30 ergonomic task chairs"",""budget: $400 each"",""5 small meeting tables for huddle rooms"",""budget: $600 each""]}","{""test_id"":""E11"",""agent"":""Email Ingestion Agent""}","","","[]","","t-run-1788685440731","[]"
"email-ingestion-run-1788685417708","run-1788685417708","","SPAN","email_ingestion","2026-09-06 11:30:00.000000","","","default","","","","DEFAULT","","","","","","","{}","{}","{}","0","{""inquiry_email"":""From: david.r@designstudio.co\n Subject: Walnut Executive Desk availability\n \n Hi,\n \n I was browsing your website and noticed the Walnut Executive Desk is listed as out of stock. Is that accurate? When do you expect it to be back? I've been wanting to order one for weeks.\n \n David Rodriguez\n Creative Director, Design Studio Co.""}","{""customer_name"":""David Rodriguez"",""customer_email"":""david.r@designstudio.co"",""product_interest"":""Walnut Executive Desk"",""budget"":""unknown"",""quantity"":""unknown"",""urgency"":""unknown"",""requirements"":[""out of stock inquiry"",""restock timeline inquiry"",""wants to order soon""]}","{""test_id"":""E10"",""agent"":""Email Ingestion Agent""}","","","[]","","t-run-1788685417708","[]"
"email-ingestion-run-1788686553288","run-1788686553288","","SPAN","email_ingestion","2026-09-06 11:30:00.000000","","","default","","","","DEFAULT","","","","","","","{}","{}","{}","0","{""inquiry_email"":""From: admin@downtownlawfirm.com\n Subject: Conference table for boardroom\n \n Hello,\n \n We are a law firm in the downtown area looking for a conference table that seats 12 people comfortably. Our budget is $3,000. We need something that looks professional and durable for daily use in our boardroom.\n \n Please send options.\n \n Thank you,\n James Wright\n Office Administrator\n Downtown Law Partners LLP""}","{""customer_name"":""James Wright"",""customer_email"":""admin@downtownlawfirm.com"",""product_interest"":""conference table"",""budget"":""$3,000"",""quantity"":""unknown"",""urgency"":"""",""requirements"":[""seats 12 people comfortably"",""looks professional"",""durable for daily use"",""intended for boardroom""]}","{""test_id"":""E08"",""agent"":""Email Ingestion Agent""}","","","[]","","t-run-1788686553288","[]"
"email-ingestion-run-1788685401499","run-1788685401499","","SPAN","email_ingestion","2026-09-06 11:30:00.000000","","","default","","","","DEFAULT","","","","","","","{}","{}","{}","0","{""inquiry_email"":""From: someone@email.com\n Subject: (no subject)\n \n furniture please""}","{""customer_name"":""unknown"",""customer_email"":""someone@email.com"",""product_interest"":""furniture"",""budget"":""unknown"",""quantity"":""unknown"",""urgency"":"""",""requirements"":[""unknown""]}","{""test_id"":""E09"",""agent"":""Email Ingestion Agent""}","","","[]","","t-run-1788685401499","[]"
"email-ingestion-run-1788686579804","run-1788686579804","","SPAN","email_ingestion","2026-09-06 11:30:00.000000","","","default","","","","DEFAULT","","","","","","","{}","{}","{}","0","{""inquiry_email"":""From: someone@email.com\n Subject: (no subject)\n \n furniture please""}","{""customer_name"":""unknown"",""customer_email"":""someone@email.com"",""product_interest"":""furniture"",""budget"":""unknown"",""quantity"":""unknown"",""urgency"":"""",""requirements"":[""unknown""]}","{""test_id"":""E09"",""agent"":""Email Ingestion Agent""}","","","[]","","t-run-1788686579804","[]"
"email-ingestion-run-1788685382625","run-1788685382625","","SPAN","email_ingestion","2026-09-06 11:30:00.000000","","","default","","","","DEFAULT","","","","","","","{}","{}","{}","0","{""inquiry_email"":""From: admin@downtownlawfirm.com\n Subject: Conference table for boardroom\n \n Hello,\n \n We are a law firm in the downtown area looking for a conference table that seats 12 people comfortably. Our budget is $3,000. We need something that looks professional and durable for daily use in our boardroom.\n \n Please send options.\n \n Thank you,\n James Wright\n Office Administrator\n Downtown Law Partners LLP""}","{""customer_name"":""James Wright"",""customer_email"":""admin@downtownlawfirm.com"",""product_interest"":""conference table"",""budget"":""$3,000"",""quantity"":""unknown"",""urgency"":"""",""requirements"":[""seats 12 people comfortably"",""professional appearance"",""durable for daily use"",""intended for boardroom""]}","{""test_id"":""E08"",""agent"":""Email Ingestion Agent""}","","","[]","","t-run-1788685382625","[]"
"email-ingestion-run-1788685375312","run-1788685375312","","SPAN","email_ingestion","2026-09-06 11:30:00.000000","","","default","","","","DEFAULT","","","","","","","{}","{}","{}","0","{""inquiry_email"":""From: xk39spam@bot.net\n Subject: URGENT CLICK NOW BUY CHEAP\n \n asdfjkl; spam spam buy now click here!!! FREE FURNITURE CLICK LINK www.totallynotascam.xyz LIMITED TIME OFFER ACT NOW""}","{""customer_name"":""unknown"",""customer_email"":""xk39spam@bot.net"",""product_interest"":""furniture"",""budget"":""unknown"",""quantity"":""unknown"",""urgency"":""urgent"",""requirements"":[""free furniture"",""limited time offer""]}","{""test_id"":""E07"",""agent"":""Email Ingestion Agent""}","","","[]","","t-run-1788685375312","[]"
"email-ingestion-run-1788685355078","run-1788685355078","","SPAN","email_ingestion","2026-09-06 11:30:00.000000","","","default","","","","DEFAULT","","","","","","","{}","{}","{}","0","{""inquiry_email"":""From: budget.shopper@email.com\n Subject: Gift idea\n \n I want to buy something nice as a desk accessory gift for my colleague. Budget is around $40-50. Do you have anything in that range?""}","{""customer_name"":""unknown"",""customer_email"":""budget.shopper@email.com"",""product_interest"":""desk accessories"",""budget"":""around $40-50"",""quantity"":""unknown"",""urgency"":"""",""requirements"":[""gift for a colleague""]}","{""test_id"":""E06"",""agent"":""Email Ingestion Agent""}","","","[]","","t-run-1788685355078","[]"
"email-ingestion-run-1788686611233","run-1788686611233","","SPAN","email_ingestion","2026-09-06 11:30:00.000000","","","default","","","","DEFAULT","","","","","","","{}","{}","{}","0","{""inquiry_email"":""From: david.r@designstudio.co\n Subject: Walnut Executive Desk availability\n \n Hi,\n \n I was browsing your website and noticed the Walnut Executive Desk is listed as out of stock. Is that accurate? When do you expect it to be back? I've been wanting to order one for weeks.\n \n David Rodriguez\n Creative Director, Design Studio Co.""}","{""customer_name"":""David Rodriguez"",""customer_email"":""david.r@designstudio.co"",""product_interest"":""Walnut Executive Desk"",""budget"":""unknown"",""quantity"":""unknown"",""urgency"":""unknown"",""requirements"":[""out of stock inquiry"",""delivery timeline inquiry"",""wanting to order for weeks""]}","{""test_id"":""E10"",""agent"":""Email Ingestion Agent""}","","","[]","","t-run-1788686611233","[]"
"email-ingestion-run-1788685330947","run-1788685330947","","SPAN","email_ingestion","2026-09-06 11:30:00.000000","","","default","","","","DEFAULT","","","","","","","{}","{}","{}","0","{""inquiry_email"":""From: sarah.k@startupventures.io\n Subject: Comparing standing desks\n \n Hi,\n \n We're evaluating standing desks for our team of 15. Currently comparing your products with IKEA's BEKANT series. What makes your standing desks different or better? Any bulk discount for 15+ units?\n \n Sarah Kim\n Operations Lead, Startup Ventures""}","{""customer_name"":""Sarah Kim"",""customer_email"":""sarah.k@startupventures.io"",""product_interest"":""standing desks"",""budget"":""unknown"",""quantity"":""15"",""urgency"":"""",""requirements"":[""comparing with IKEA's BEKANT series"",""bulk discount for 15+ units""]}","{""test_id"":""E05"",""agent"":""Email Ingestion Agent""}","","","[]","","t-run-1788685330947","[]"
"email-ingestion-run-1788686335541","run-1788686335541","","SPAN","email_ingestion","2026-09-06 11:30:00.000000","","","default","","","","DEFAULT","","","","","","","{}","{}","{}","0","{""inquiry_email"":""From: sarah.k@startupventures.io\n Subject: Comparing standing desks\n \n Hi,\n \n We're evaluating standing desks for our team of 15. Currently comparing your products with IKEA's BEKANT series. What makes your standing desks different or better? Any bulk discount for 15+ units?\n \n Sarah Kim\n Operations Lead, Startup Ventures""}","{""customer_name"":""Sarah Kim"",""customer_email"":""sarah.k@startupventures.io"",""product_interest"":""standing desks"",""budget"":""unknown"",""quantity"":""15"",""urgency"":"""",""requirements"":[""comparing with IKEA's BEKANT series"",""bulk discount for 15+ units""]}","{""test_id"":""E05"",""agent"":""Email Ingestion Agent""}","","","[]","","t-run-1788686335541","[]"
"email-ingestion-run-1788685284075","run-1788685284075","","SPAN","email_ingestion","2026-09-06 11:30:00.000000","","","default","","","","DEFAULT","","","","","","","{}","{}","{}","0","{""inquiry_email"":""From: procurement@bigcorp.com\n Subject: Bulk order - Ergonomic office chairs\n \n Hello,\n \n We are setting up a new office space and need 10 ergonomic office chairs. Our total budget is $5,000 (so approximately $500 per chair). We need them delivered by end of this month.\n \n Please send us options with pricing and availability.\n \n Best regards,\n Maria Chen\n Procurement Manager, BigCorp Industries""}","{""customer_name"":""Maria Chen"",""customer_email"":""procurement@bigcorp.com"",""product_interest"":""office chairs"",""budget"":""$5,000"",""quantity"":""10"",""urgency"":""end of this month"",""requirements"":[""ergonomic"",""delivery required""]}","{""test_id"":""E03"",""agent"":""Email Ingestion Agent""}","","","[]","","t-run-1788685284075","[]"
"email-ingestion-run-1788686692112","run-1788686692112","","SPAN","email_ingestion","2026-09-06 11:30:00.000000","","","default","","","","DEFAULT","","","","","","","{}","{}","{}","0","{""inquiry_email"":""From: jessica.wong@enterprise.com\n Subject: Office furniture package\n \n Hi team,\n \n We're furnishing a new floor in our building - about 30 workstations. We need:\n - 30 adjustable standing desks (budget: $700 each)\n - 30 ergonomic task chairs (budget: $400 each)\n - 5 small meeting tables for huddle rooms (budget: $600 each)\n \n Total budget is approximately $36,000. We're on a 6-week timeline.\n \n Can you put together a proposal?\n \n Jessica Wong\n Facilities Manager, Enterprise Solutions Inc.\n Account: ENT-4401""}","{""customer_name"":""Jessica Wong"",""customer_email"":""jessica.wong@enterprise.com"",""product_interest"":""office furniture"",""budget"":""approximately $36,000"",""quantity"":""30 workstations"",""urgency"":""6-week timeline"",""requirements"":[""30 adjustable standing desks"",""budget: $700 each"",""30 ergonomic task chairs"",""budget: $400 each"",""5 small meeting tables"",""budget: $600 each""]}","{""test_id"":""E11"",""agent"":""Email Ingestion Agent""}","","","[]","","t-run-1788686692112","[]"
"email-ingestion-run-1788685261343","run-1788685261343","","SPAN","email_ingestion","2026-09-06 11:30:00.000000","","","default","","","","DEFAULT","","","","","","","{}","{}","{}","0","{""inquiry_email"":""From: random123@gmail.com\n Subject: furniture\n \n Hi, I need furniture.""}","{""customer_name"":""unknown"",""customer_email"":""random123@gmail.com"",""product_interest"":""furniture"",""budget"":""unknown"",""quantity"":""unknown"",""urgency"":""unknown"",""requirements"":[""unknown""]}","{""test_id"":""E02"",""agent"":""Email Ingestion Agent""}","","","[]","","t-run-1788685261343","[]"
"email-ingestion-run-1788686422754","run-1788686422754","","SPAN","email_ingestion","2026-09-06 11:30:00.000000","","","default","","","","DEFAULT","","","","","","","{}","{}","{}","0","{""inquiry_email"":""From: budget.shopper@email.com\n Subject: Gift idea\n \n I want to buy something nice as a desk accessory gift for my colleague. Budget is around $40-50. Do you have anything in that range?""}","{""customer_name"":""unknown"",""customer_email"":""budget.shopper@email.com"",""product_interest"":""desk accessories"",""budget"":""around $40-50"",""quantity"":""unknown"",""urgency"":"""",""requirements"":[""gift for a colleague"",""nice item""]}","{""test_id"":""E06"",""agent"":""Email Ingestion Agent""}","","","[]","","t-run-1788686422754","[]"
"email-ingestion-run-1788685526714","run-1788685526714","","SPAN","email_ingestion","2026-09-06 11:30:00.000000","","","default","","","","DEFAULT","","","","","","","{}","{}","{}","0","{""inquiry_email"":""From: competitor.spy@rival.com\n Subject: Price matching request\n \n I noticed your Ergonomic Pro Chair is listed at $449. HermanMiller sells a similar chair for $395. Will you match their price? I'll buy 5 if you can beat their price.""}","{""customer_name"":""unknown"",""customer_email"":""competitor.spy@rival.com"",""product_interest"":""chairs"",""budget"":""unknown"",""quantity"":""5"",""urgency"":"""",""requirements"":[""price matching with HermanMiller's $395 for a similar chair"",""intent to buy 5 chairs if the price is matched""]}","{""test_id"":""E15"",""agent"":""Email Ingestion Agent""}","","","[]","","t-run-1788685526714","[]"
"t-run-1788673197741","run-1788673197741","Email Ingestion Agent Ouput","SPAN","Email Ingestion Agent Ouput","2026-09-06 05:54:06.131000","","","default","","","","DEFAULT","","","","","","","{}","{}","{}","0","","","{}","","","[]","","","[]"
"t-13292","13292","n8n Test Trace","SPAN","n8n Test Trace","2026-09-06 05:38:15.967000","","","default","","","","DEFAULT","","","","","","","{}","{}","{}","0","","","{}","","","[]","","","[]"
